group,sample_id,row,col,data_kind
random_sparse,SYN0011,23,277,synthetic
random_sparse,SYN0011,29,299,synthetic
random_sparse,SYN0011,67,1007,synthetic
random_sparse,SYN0011,314,61,synthetic
random_sparse,SYN0011,314,620,synthetic
random_sparse,SYN0011,354,6,synthetic
random_sparse,SYN0011,406,34,synthetic
random_sparse,SYN0011,418,707,synthetic
random_sparse,SYN0011,430,254,synthetic
random_sparse,SYN0011,483,318,synthetic
random_sparse,SYN0011,590,1019,synthetic
random_sparse,SYN0011,646,580,synthetic
random_sparse,SYN0011,666,107,synthetic
random_sparse,SYN0011,886,576,synthetic
random_sparse,SYN0011,943,811,synthetic
random_sparse,SYN0011,1000,267,synthetic
random_sparse,SYN0012,0,375,synthetic
random_sparse,SYN0012,27,970,synthetic
random_sparse,SYN0012,144,289,synthetic
random_sparse,SYN0012,244,664,synthetic
random_sparse,SYN0012,246,801,synthetic
random_sparse,SYN0012,257,673,synthetic
random_sparse,SYN0012,317,913,synthetic
random_sparse,SYN0012,366,246,synthetic
random_sparse,SYN0012,399,227,synthetic
random_sparse,SYN0012,533,849,synthetic
random_sparse,SYN0012,592,560,synthetic
random_sparse,SYN0012,768,6,synthetic
random_sparse,SYN0012,801,142,synthetic
random_sparse,SYN0012,848,559,synthetic
random_sparse,SYN0012,938,470,synthetic
random_sparse,SYN0013,212,198,synthetic
random_sparse,SYN0013,249,960,synthetic
random_sparse,SYN0013,343,238,synthetic
random_sparse,SYN0013,345,416,synthetic
random_sparse,SYN0013,448,83,synthetic
random_sparse,SYN0013,628,114,synthetic
random_sparse,SYN0013,672,723,synthetic
random_sparse,SYN0013,703,0,synthetic
random_sparse,SYN0013,754,816,synthetic
random_sparse,SYN0013,813,739,synthetic
random_sparse,SYN0013,886,777,synthetic
random_sparse,SYN0013,930,485,synthetic
random_sparse,SYN0013,943,644,synthetic
random_sparse,SYN0013,947,1010,synthetic
random_sparse,SYN0013,1001,948,synthetic
random_sparse,SYN0014,28,164,synthetic
random_sparse,SYN0014,92,714,synthetic
random_sparse,SYN0014,290,44,synthetic
random_sparse,SYN0014,317,549,synthetic
random_sparse,SYN0014,430,512,synthetic
random_sparse,SYN0014,528,789,synthetic
random_sparse,SYN0014,886,0,synthetic
random_sparse,SYN0014,918,427,synthetic
random_sparse,SYN0014,989,13,synthetic
random_sparse,SYN0015,48,560,synthetic
random_sparse,SYN0015,58,868,synthetic
random_sparse,SYN0015,271,201,synthetic
random_sparse,SYN0015,275,192,synthetic
random_sparse,SYN0015,518,971,synthetic
random_sparse,SYN0015,636,271,synthetic
random_sparse,SYN0015,798,137,synthetic
random_sparse,SYN0015,821,38,synthetic
random_sparse,SYN0015,1007,97,synthetic
random_sparse,SYN0015,1016,110,synthetic
random_sparse,SYN0016,145,825,synthetic
random_sparse,SYN0016,179,986,synthetic
random_sparse,SYN0016,194,688,synthetic
random_sparse,SYN0016,295,616,synthetic
random_sparse,SYN0016,298,580,synthetic
random_sparse,SYN0016,377,74,synthetic
random_sparse,SYN0016,470,83,synthetic
random_sparse,SYN0016,588,758,synthetic
random_sparse,SYN0016,606,796,synthetic
random_sparse,SYN0016,610,68,synthetic
random_sparse,SYN0016,696,430,synthetic
random_sparse,SYN0016,761,957,synthetic
random_sparse,SYN0016,866,163,synthetic
random_sparse,SYN0016,914,974,synthetic
random_sparse,SYN0016,951,609,synthetic
random_sparse,SYN0016,996,865,synthetic
random_sparse,SYN0017,121,868,synthetic
random_sparse,SYN0017,271,616,synthetic
random_sparse,SYN0017,378,22,synthetic
random_sparse,SYN0017,443,453,synthetic
random_sparse,SYN0017,531,617,synthetic
random_sparse,SYN0017,607,75,synthetic
random_sparse,SYN0017,609,432,synthetic
random_sparse,SYN0017,708,898,synthetic
random_sparse,SYN0017,803,85,synthetic
random_sparse,SYN0017,851,689,synthetic
random_sparse,SYN0017,875,568,synthetic
random_sparse,SYN0017,1020,746,synthetic
random_sparse,SYN0018,222,498,synthetic
random_sparse,SYN0018,565,207,synthetic
random_sparse,SYN0018,717,409,synthetic
random_sparse,SYN0018,725,717,synthetic
random_sparse,SYN0018,967,942,synthetic
random_sparse,SYN0019,12,362,synthetic
random_sparse,SYN0019,24,62,synthetic
random_sparse,SYN0019,45,498,synthetic
random_sparse,SYN0019,86,86,synthetic
random_sparse,SYN0019,229,961,synthetic
random_sparse,SYN0019,290,448,synthetic
random_sparse,SYN0019,312,384,synthetic
random_sparse,SYN0019,346,730,synthetic
random_sparse,SYN0019,398,422,synthetic
random_sparse,SYN0019,631,548,synthetic
random_sparse,SYN0019,859,38,synthetic
random_sparse,SYN0019,864,999,synthetic
random_sparse,SYN0019,880,875,synthetic
random_sparse,SYN0019,912,491,synthetic
random_sparse,SYN0020,174,607,synthetic
random_sparse,SYN0020,255,525,synthetic
random_sparse,SYN0020,290,419,synthetic
random_sparse,SYN0020,421,279,synthetic
random_sparse,SYN0020,437,817,synthetic
random_sparse,SYN0020,446,126,synthetic
random_sparse,SYN0020,596,700,synthetic
random_sparse,SYN0020,668,851,synthetic
random_sparse,SYN0020,792,429,synthetic
random_sparse,SYN0020,797,720,synthetic
random_sparse,SYN0020,891,970,synthetic
random_sparse,SYN0020,917,428,synthetic
random_sparse,SYN0020,960,64,synthetic
random_sparse,SYN0021,138,663,synthetic
random_sparse,SYN0021,202,575,synthetic
random_sparse,SYN0021,206,164,synthetic
random_sparse,SYN0021,333,356,synthetic
random_sparse,SYN0021,427,687,synthetic
random_sparse,SYN0021,461,889,synthetic
random_sparse,SYN0021,477,729,synthetic
random_sparse,SYN0021,503,1016,synthetic
random_sparse,SYN0021,513,743,synthetic
random_sparse,SYN0021,624,468,synthetic
random_sparse,SYN0021,773,976,synthetic
random_sparse,SYN0021,775,43,synthetic
random_sparse,SYN0021,817,353,synthetic
random_sparse,SYN0021,866,146,synthetic
random_sparse,SYN0021,880,973,synthetic
random_sparse,SYN0021,890,917,synthetic
random_sparse,SYN0022,173,224,synthetic
random_sparse,SYN0023,100,679,synthetic
random_sparse,SYN0023,127,968,synthetic
random_sparse,SYN0023,223,458,synthetic
random_sparse,SYN0023,308,32,synthetic
random_sparse,SYN0023,400,229,synthetic
random_sparse,SYN0023,446,256,synthetic
random_sparse,SYN0023,531,366,synthetic
random_sparse,SYN0023,620,120,synthetic
random_sparse,SYN0023,665,549,synthetic
random_sparse,SYN0023,670,600,synthetic
random_sparse,SYN0023,691,623,synthetic
random_sparse,SYN0023,741,574,synthetic
random_sparse,SYN0023,749,279,synthetic
random_sparse,SYN0023,837,379,synthetic
random_sparse,SYN0023,856,776,synthetic
random_sparse,SYN0023,993,371,synthetic
random_sparse,SYN0024,32,836,synthetic
random_sparse,SYN0024,207,933,synthetic
random_sparse,SYN0024,208,790,synthetic
random_sparse,SYN0024,267,118,synthetic
random_sparse,SYN0024,465,981,synthetic
random_sparse,SYN0024,641,658,synthetic
random_sparse,SYN0024,820,134,synthetic
random_sparse,SYN0024,898,957,synthetic
random_sparse,SYN0025,202,638,synthetic
random_sparse,SYN0025,663,1010,synthetic
random_sparse,SYN0026,114,412,synthetic
random_sparse,SYN0026,160,445,synthetic
random_sparse,SYN0026,210,844,synthetic
random_sparse,SYN0026,246,1016,synthetic
random_sparse,SYN0026,308,1000,synthetic
random_sparse,SYN0026,337,998,synthetic
random_sparse,SYN0026,368,179,synthetic
random_sparse,SYN0026,457,783,synthetic
random_sparse,SYN0026,566,143,synthetic
random_sparse,SYN0026,618,392,synthetic
random_sparse,SYN0026,734,846,synthetic
random_sparse,SYN0026,802,143,synthetic
random_sparse,SYN0026,934,752,synthetic
random_sparse,SYN0026,962,191,synthetic
random_sparse,SYN0027,60,351,synthetic
random_sparse,SYN0027,235,362,synthetic
random_sparse,SYN0027,280,596,synthetic
random_sparse,SYN0027,462,717,synthetic
random_sparse,SYN0027,502,800,synthetic
random_sparse,SYN0027,536,99,synthetic
random_sparse,SYN0027,563,536,synthetic
random_sparse,SYN0027,575,39,synthetic
random_sparse,SYN0027,945,300,synthetic
random_sparse,SYN0028,295,237,synthetic
random_sparse,SYN0028,461,711,synthetic
random_sparse,SYN0028,540,379,synthetic
random_sparse,SYN0029,678,186,synthetic
random_sparse,SYN0029,788,701,synthetic
random_sparse,SYN0029,808,387,synthetic
random_sparse,SYN0029,828,55,synthetic
random_sparse,SYN0029,838,287,synthetic
random_sparse,SYN0029,841,651,synthetic
random_sparse,SYN0030,152,38,synthetic
random_sparse,SYN0030,756,714,synthetic
random_sparse,SYN0030,787,318,synthetic
random_dense,SYN0031,5,545,synthetic
random_dense,SYN0031,26,684,synthetic
random_dense,SYN0031,35,81,synthetic
random_dense,SYN0031,54,445,synthetic
random_dense,SYN0031,63,819,synthetic
random_dense,SYN0031,64,671,synthetic
random_dense,SYN0031,74,933,synthetic
random_dense,SYN0031,87,368,synthetic
random_dense,SYN0031,95,62,synthetic
random_dense,SYN0031,102,3,synthetic
random_dense,SYN0031,117,557,synthetic
random_dense,SYN0031,119,101,synthetic
random_dense,SYN0031,189,729,synthetic
random_dense,SYN0031,195,539,synthetic
random_dense,SYN0031,255,807,synthetic
random_dense,SYN0031,275,975,synthetic
random_dense,SYN0031,282,952,synthetic
random_dense,SYN0031,341,55,synthetic
random_dense,SYN0031,353,629,synthetic
random_dense,SYN0031,395,448,synthetic
random_dense,SYN0031,411,751,synthetic
random_dense,SYN0031,417,46,synthetic
random_dense,SYN0031,447,869,synthetic
random_dense,SYN0031,456,7,synthetic
random_dense,SYN0031,505,571,synthetic
random_dense,SYN0031,512,786,synthetic
random_dense,SYN0031,514,787,synthetic
random_dense,SYN0031,530,833,synthetic
random_dense,SYN0031,551,898,synthetic
random_dense,SYN0031,556,375,synthetic
random_dense,SYN0031,558,250,synthetic
random_dense,SYN0031,564,951,synthetic
random_dense,SYN0031,570,544,synthetic
random_dense,SYN0031,572,603,synthetic
random_dense,SYN0031,602,823,synthetic
random_dense,SYN0031,622,963,synthetic
random_dense,SYN0031,627,791,synthetic
random_dense,SYN0031,634,700,synthetic
random_dense,SYN0031,641,404,synthetic
random_dense,SYN0031,650,259,synthetic
random_dense,SYN0031,668,78,synthetic
random_dense,SYN0031,710,546,synthetic
random_dense,SYN0031,750,104,synthetic
random_dense,SYN0031,757,840,synthetic
random_dense,SYN0031,785,102,synthetic
random_dense,SYN0031,789,930,synthetic
random_dense,SYN0031,793,971,synthetic
random_dense,SYN0031,807,356,synthetic
random_dense,SYN0031,818,1023,synthetic
random_dense,SYN0031,837,261,synthetic
random_dense,SYN0031,871,71,synthetic
random_dense,SYN0031,917,116,synthetic
random_dense,SYN0031,920,50,synthetic
random_dense,SYN0031,923,857,synthetic
random_dense,SYN0031,984,368,synthetic
random_dense,SYN0031,984,757,synthetic
random_dense,SYN0032,15,420,synthetic
random_dense,SYN0032,26,201,synthetic
random_dense,SYN0032,33,401,synthetic
random_dense,SYN0032,42,274,synthetic
random_dense,SYN0032,71,786,synthetic
random_dense,SYN0032,80,38,synthetic
random_dense,SYN0032,99,136,synthetic
random_dense,SYN0032,141,614,synthetic
random_dense,SYN0032,144,81,synthetic
random_dense,SYN0032,241,538,synthetic
random_dense,SYN0032,299,304,synthetic
random_dense,SYN0032,300,63,synthetic
random_dense,SYN0032,361,182,synthetic
random_dense,SYN0032,380,939,synthetic
random_dense,SYN0032,420,589,synthetic
random_dense,SYN0032,438,651,synthetic
random_dense,SYN0032,470,721,synthetic
random_dense,SYN0032,497,697,synthetic
random_dense,SYN0032,546,61,synthetic
random_dense,SYN0032,588,591,synthetic
random_dense,SYN0032,606,750,synthetic
random_dense,SYN0032,619,92,synthetic
random_dense,SYN0032,678,495,synthetic
random_dense,SYN0032,680,174,synthetic
random_dense,SYN0032,692,883,synthetic
random_dense,SYN0032,704,534,synthetic
random_dense,SYN0032,705,140,synthetic
random_dense,SYN0032,748,944,synthetic
random_dense,SYN0032,767,38,synthetic
random_dense,SYN0032,786,850,synthetic
random_dense,SYN0032,809,706,synthetic
random_dense,SYN0032,809,1004,synthetic
random_dense,SYN0032,838,853,synthetic
random_dense,SYN0032,868,817,synthetic
random_dense,SYN0032,883,927,synthetic
random_dense,SYN0032,931,728,synthetic
random_dense,SYN0032,979,115,synthetic
random_dense,SYN0032,982,838,synthetic
random_dense,SYN0032,988,105,synthetic
random_dense,SYN0032,990,576,synthetic
random_dense,SYN0033,15,54,synthetic
random_dense,SYN0033,50,601,synthetic
random_dense,SYN0033,77,91,synthetic
random_dense,SYN0033,90,859,synthetic
random_dense,SYN0033,114,563,synthetic
random_dense,SYN0033,169,1015,synthetic
random_dense,SYN0033,191,878,synthetic
random_dense,SYN0033,197,308,synthetic
random_dense,SYN0033,223,40,synthetic
random_dense,SYN0033,248,8,synthetic
random_dense,SYN0033,261,564,synthetic
random_dense,SYN0033,269,873,synthetic
random_dense,SYN0033,284,828,synthetic
random_dense,SYN0033,291,766,synthetic
random_dense,SYN0033,329,63,synthetic
random_dense,SYN0033,363,725,synthetic
random_dense,SYN0033,369,940,synthetic
random_dense,SYN0033,399,65,synthetic
random_dense,SYN0033,402,613,synthetic
random_dense,SYN0033,420,177,synthetic
random_dense,SYN0033,443,679,synthetic
random_dense,SYN0033,473,228,synthetic
random_dense,SYN0033,544,457,synthetic
random_dense,SYN0033,552,585,synthetic
random_dense,SYN0033,553,872,synthetic
random_dense,SYN0033,576,282,synthetic
random_dense,SYN0033,577,225,synthetic
random_dense,SYN0033,593,971,synthetic
random_dense,SYN0033,632,401,synthetic
random_dense,SYN0033,643,990,synthetic
random_dense,SYN0033,654,904,synthetic
random_dense,SYN0033,657,115,synthetic
random_dense,SYN0033,692,209,synthetic
random_dense,SYN0033,720,492,synthetic
random_dense,SYN0033,721,501,synthetic
random_dense,SYN0033,733,514,synthetic
random_dense,SYN0033,761,242,synthetic
random_dense,SYN0033,779,175,synthetic
random_dense,SYN0033,802,481,synthetic
random_dense,SYN0033,823,989,synthetic
random_dense,SYN0033,871,953,synthetic
random_dense,SYN0033,924,868,synthetic
random_dense,SYN0033,941,205,synthetic
random_dense,SYN0033,944,463,synthetic
random_dense,SYN0033,948,833,synthetic
random_dense,SYN0033,970,311,synthetic
random_dense,SYN0033,984,60,synthetic
random_dense,SYN0033,986,568,synthetic
random_dense,SYN0033,1009,524,synthetic
random_dense,SYN0033,1009,952,synthetic
random_dense,SYN0034,7,915,synthetic
random_dense,SYN0034,14,789,synthetic
random_dense,SYN0034,19,351,synthetic
random_dense,SYN0034,39,110,synthetic
random_dense,SYN0034,41,460,synthetic
random_dense,SYN0034,71,623,synthetic
random_dense,SYN0034,83,942,synthetic
random_dense,SYN0034,97,542,synthetic
random_dense,SYN0034,111,98,synthetic
random_dense,SYN0034,115,337,synthetic
random_dense,SYN0034,128,220,synthetic
random_dense,SYN0034,136,323,synthetic
random_dense,SYN0034,136,353,synthetic
random_dense,SYN0034,140,279,synthetic
random_dense,SYN0034,144,525,synthetic
random_dense,SYN0034,152,469,synthetic
random_dense,SYN0034,157,1022,synthetic
random_dense,SYN0034,168,395,synthetic
random_dense,SYN0034,190,852,synthetic
random_dense,SYN0034,197,292,synthetic
random_dense,SYN0034,222,187,synthetic
random_dense,SYN0034,225,671,synthetic
random_dense,SYN0034,227,275,synthetic
random_dense,SYN0034,234,524,synthetic
random_dense,SYN0034,234,837,synthetic
random_dense,SYN0034,242,191,synthetic
random_dense,SYN0034,254,394,synthetic
random_dense,SYN0034,265,414,synthetic
random_dense,SYN0034,269,305,synthetic
random_dense,SYN0034,297,449,synthetic
random_dense,SYN0034,304,1020,synthetic
random_dense,SYN0034,308,271,synthetic
random_dense,SYN0034,312,856,synthetic
random_dense,SYN0034,324,735,synthetic
random_dense,SYN0034,327,847,synthetic
random_dense,SYN0034,339,874,synthetic
random_dense,SYN0034,341,142,synthetic
random_dense,SYN0034,354,98,synthetic
random_dense,SYN0034,357,506,synthetic
random_dense,SYN0034,371,470,synthetic
random_dense,SYN0034,379,806,synthetic
random_dense,SYN0034,426,779,synthetic
random_dense,SYN0034,447,541,synthetic
random_dense,SYN0034,450,477,synthetic
random_dense,SYN0034,454,295,synthetic
random_dense,SYN0034,455,117,synthetic
random_dense,SYN0034,477,14,synthetic
random_dense,SYN0034,481,469,synthetic
random_dense,SYN0034,486,766,synthetic
random_dense,SYN0034,503,283,synthetic
random_dense,SYN0034,504,231,synthetic
random_dense,SYN0034,515,632,synthetic
random_dense,SYN0034,518,225,synthetic
random_dense,SYN0034,519,591,synthetic
random_dense,SYN0034,527,267,synthetic
random_dense,SYN0034,550,708,synthetic
random_dense,SYN0034,560,319,synthetic
random_dense,SYN0034,572,231,synthetic
random_dense,SYN0034,580,451,synthetic
random_dense,SYN0034,582,1011,synthetic
random_dense,SYN0034,596,850,synthetic
random_dense,SYN0034,613,776,synthetic
random_dense,SYN0034,623,18,synthetic
random_dense,SYN0034,625,992,synthetic
random_dense,SYN0034,626,670,synthetic
random_dense,SYN0034,633,1019,synthetic
random_dense,SYN0034,645,251,synthetic
random_dense,SYN0034,664,381,synthetic
random_dense,SYN0034,665,492,synthetic
random_dense,SYN0034,670,675,synthetic
random_dense,SYN0034,682,134,synthetic
random_dense,SYN0034,701,823,synthetic
random_dense,SYN0034,704,990,synthetic
random_dense,SYN0034,715,348,synthetic
random_dense,SYN0034,731,786,synthetic
random_dense,SYN0034,750,851,synthetic
random_dense,SYN0034,752,368,synthetic
random_dense,SYN0034,755,661,synthetic
random_dense,SYN0034,771,305,synthetic
random_dense,SYN0034,790,412,synthetic
random_dense,SYN0034,791,661,synthetic
random_dense,SYN0034,792,753,synthetic
random_dense,SYN0034,800,26,synthetic
random_dense,SYN0034,803,200,synthetic
random_dense,SYN0034,807,564,synthetic
random_dense,SYN0034,813,968,synthetic
random_dense,SYN0034,817,889,synthetic
random_dense,SYN0034,825,621,synthetic
random_dense,SYN0034,827,36,synthetic
random_dense,SYN0034,838,132,synthetic
random_dense,SYN0034,854,725,synthetic
random_dense,SYN0034,862,475,synthetic
random_dense,SYN0034,885,706,synthetic
random_dense,SYN0034,891,188,synthetic
random_dense,SYN0034,894,262,synthetic
random_dense,SYN0034,904,108,synthetic
random_dense,SYN0034,923,788,synthetic
random_dense,SYN0034,925,887,synthetic
random_dense,SYN0034,928,132,synthetic
random_dense,SYN0034,941,611,synthetic
random_dense,SYN0034,943,581,synthetic
random_dense,SYN0034,968,241,synthetic
random_dense,SYN0034,973,771,synthetic
random_dense,SYN0034,980,441,synthetic
random_dense,SYN0034,987,387,synthetic
random_dense,SYN0034,996,209,synthetic
random_dense,SYN0034,997,355,synthetic
random_dense,SYN0034,997,806,synthetic
random_dense,SYN0035,22,23,synthetic
random_dense,SYN0035,35,761,synthetic
random_dense,SYN0035,45,830,synthetic
random_dense,SYN0035,73,448,synthetic
random_dense,SYN0035,95,124,synthetic
random_dense,SYN0035,98,604,synthetic
random_dense,SYN0035,101,16,synthetic
random_dense,SYN0035,125,954,synthetic
random_dense,SYN0035,137,171,synthetic
random_dense,SYN0035,165,13,synthetic
random_dense,SYN0035,224,170,synthetic
random_dense,SYN0035,252,889,synthetic
random_dense,SYN0035,279,330,synthetic
random_dense,SYN0035,308,873,synthetic
random_dense,SYN0035,347,730,synthetic
random_dense,SYN0035,371,143,synthetic
random_dense,SYN0035,404,857,synthetic
random_dense,SYN0035,434,119,synthetic
random_dense,SYN0035,465,258,synthetic
random_dense,SYN0035,515,83,synthetic
random_dense,SYN0035,518,1004,synthetic
random_dense,SYN0035,536,378,synthetic
random_dense,SYN0035,555,651,synthetic
random_dense,SYN0035,560,7,synthetic
random_dense,SYN0035,580,454,synthetic
random_dense,SYN0035,586,253,synthetic
random_dense,SYN0035,604,531,synthetic
random_dense,SYN0035,608,927,synthetic
random_dense,SYN0035,618,154,synthetic
random_dense,SYN0035,632,382,synthetic
random_dense,SYN0035,658,30,synthetic
random_dense,SYN0035,681,677,synthetic
random_dense,SYN0035,704,907,synthetic
random_dense,SYN0035,709,1000,synthetic
random_dense,SYN0035,756,679,synthetic
random_dense,SYN0035,800,384,synthetic
random_dense,SYN0035,809,613,synthetic
random_dense,SYN0035,822,488,synthetic
random_dense,SYN0035,866,2,synthetic
random_dense,SYN0035,884,858,synthetic
random_dense,SYN0035,912,117,synthetic
random_dense,SYN0035,919,294,synthetic
random_dense,SYN0035,943,134,synthetic
random_dense,SYN0035,967,738,synthetic
random_dense,SYN0035,988,778,synthetic
random_dense,SYN0035,1013,1001,synthetic
random_dense,SYN0036,33,790,synthetic
random_dense,SYN0036,42,544,synthetic
random_dense,SYN0036,44,773,synthetic
random_dense,SYN0036,49,969,synthetic
random_dense,SYN0036,62,471,synthetic
random_dense,SYN0036,96,541,synthetic
random_dense,SYN0036,144,984,synthetic
random_dense,SYN0036,192,443,synthetic
random_dense,SYN0036,240,148,synthetic
random_dense,SYN0036,285,955,synthetic
random_dense,SYN0036,399,118,synthetic
random_dense,SYN0036,490,697,synthetic
random_dense,SYN0036,535,749,synthetic
random_dense,SYN0036,578,339,synthetic
random_dense,SYN0036,612,1002,synthetic
random_dense,SYN0036,625,499,synthetic
random_dense,SYN0036,631,962,synthetic
random_dense,SYN0036,649,497,synthetic
random_dense,SYN0036,702,43,synthetic
random_dense,SYN0036,703,293,synthetic
random_dense,SYN0036,728,186,synthetic
random_dense,SYN0036,748,258,synthetic
random_dense,SYN0036,751,811,synthetic
random_dense,SYN0036,790,1014,synthetic
random_dense,SYN0036,798,155,synthetic
random_dense,SYN0036,803,718,synthetic
random_dense,SYN0036,821,982,synthetic
random_dense,SYN0036,823,705,synthetic
random_dense,SYN0036,859,232,synthetic
random_dense,SYN0036,862,524,synthetic
random_dense,SYN0036,870,915,synthetic
random_dense,SYN0036,891,729,synthetic
random_dense,SYN0036,972,158,synthetic
random_dense,SYN0036,985,862,synthetic
random_dense,SYN0036,994,128,synthetic
random_dense,SYN0036,1003,825,synthetic
random_dense,SYN0036,1012,220,synthetic
random_dense,SYN0036,1015,276,synthetic
random_dense,SYN0037,9,24,synthetic
random_dense,SYN0037,10,25,synthetic
random_dense,SYN0037,14,959,synthetic
random_dense,SYN0037,19,903,synthetic
random_dense,SYN0037,21,111,synthetic
random_dense,SYN0037,30,238,synthetic
random_dense,SYN0037,46,230,synthetic
random_dense,SYN0037,50,898,synthetic
random_dense,SYN0037,60,174,synthetic
random_dense,SYN0037,64,128,synthetic
random_dense,SYN0037,69,839,synthetic
random_dense,SYN0037,97,170,synthetic
random_dense,SYN0037,100,128,synthetic
random_dense,SYN0037,110,261,synthetic
random_dense,SYN0037,113,59,synthetic
random_dense,SYN0037,119,694,synthetic
random_dense,SYN0037,140,68,synthetic
random_dense,SYN0037,150,283,synthetic
random_dense,SYN0037,157,593,synthetic
random_dense,SYN0037,160,545,synthetic
random_dense,SYN0037,170,804,synthetic
random_dense,SYN0037,183,985,synthetic
random_dense,SYN0037,184,15,synthetic
random_dense,SYN0037,188,607,synthetic
random_dense,SYN0037,201,149,synthetic
random_dense,SYN0037,205,139,synthetic
random_dense,SYN0037,211,469,synthetic
random_dense,SYN0037,213,217,synthetic
random_dense,SYN0037,222,309,synthetic
random_dense,SYN0037,239,864,synthetic
random_dense,SYN0037,243,962,synthetic
random_dense,SYN0037,256,827,synthetic
random_dense,SYN0037,264,544,synthetic
random_dense,SYN0037,269,314,synthetic
random_dense,SYN0037,271,973,synthetic
random_dense,SYN0037,274,228,synthetic
random_dense,SYN0037,274,971,synthetic
random_dense,SYN0037,304,544,synthetic
random_dense,SYN0037,304,932,synthetic
random_dense,SYN0037,315,328,synthetic
random_dense,SYN0037,330,719,synthetic
random_dense,SYN0037,334,205,synthetic
random_dense,SYN0037,334,820,synthetic
random_dense,SYN0037,335,11,synthetic
random_dense,SYN0037,339,673,synthetic
random_dense,SYN0037,340,5,synthetic
random_dense,SYN0037,346,216,synthetic
random_dense,SYN0037,348,522,synthetic
random_dense,SYN0037,384,259,synthetic
random_dense,SYN0037,393,202,synthetic
random_dense,SYN0037,412,849,synthetic
random_dense,SYN0037,424,410,synthetic
random_dense,SYN0037,426,280,synthetic
random_dense,SYN0037,430,867,synthetic
random_dense,SYN0037,440,626,synthetic
random_dense,SYN0037,448,785,synthetic
random_dense,SYN0037,450,199,synthetic
random_dense,SYN0037,466,998,synthetic
random_dense,SYN0037,475,766,synthetic
random_dense,SYN0037,480,140,synthetic
random_dense,SYN0037,508,827,synthetic
random_dense,SYN0037,513,540,synthetic
random_dense,SYN0037,516,247,synthetic
random_dense,SYN0037,516,1023,synthetic
random_dense,SYN0037,526,476,synthetic
random_dense,SYN0037,536,861,synthetic
random_dense,SYN0037,538,48,synthetic
random_dense,SYN0037,546,962,synthetic
random_dense,SYN0037,548,55,synthetic
random_dense,SYN0037,566,569,synthetic
random_dense,SYN0037,577,371,synthetic
random_dense,SYN0037,577,1015,synthetic
random_dense,SYN0037,587,810,synthetic
random_dense,SYN0037,595,168,synthetic
random_dense,SYN0037,601,339,synthetic
random_dense,SYN0037,616,381,synthetic
random_dense,SYN0037,622,667,synthetic
random_dense,SYN0037,639,658,synthetic
random_dense,SYN0037,660,593,synthetic
random_dense,SYN0037,673,405,synthetic
random_dense,SYN0037,680,98,synthetic
random_dense,SYN0037,693,870,synthetic
random_dense,SYN0037,703,440,synthetic
random_dense,SYN0037,703,448,synthetic
random_dense,SYN0037,705,217,synthetic
random_dense,SYN0037,707,214,synthetic
random_dense,SYN0037,707,1008,synthetic
random_dense,SYN0037,716,248,synthetic
random_dense,SYN0037,722,931,synthetic
random_dense,SYN0037,725,597,synthetic
random_dense,SYN0037,739,477,synthetic
random_dense,SYN0037,742,903,synthetic
random_dense,SYN0037,749,606,synthetic
random_dense,SYN0037,759,402,synthetic
random_dense,SYN0037,764,130,synthetic
random_dense,SYN0037,768,452,synthetic
random_dense,SYN0037,770,134,synthetic
random_dense,SYN0037,772,729,synthetic
random_dense,SYN0037,775,871,synthetic
random_dense,SYN0037,802,860,synthetic
random_dense,SYN0037,824,721,synthetic
random_dense,SYN0037,825,447,synthetic
random_dense,SYN0037,839,935,synthetic
random_dense,SYN0037,840,820,synthetic
random_dense,SYN0037,857,55,synthetic
random_dense,SYN0037,862,713,synthetic
random_dense,SYN0037,863,294,synthetic
random_dense,SYN0037,864,327,synthetic
random_dense,SYN0037,876,475,synthetic
random_dense,SYN0037,881,654,synthetic
random_dense,SYN0037,886,223,synthetic
random_dense,SYN0037,896,697,synthetic
random_dense,SYN0037,911,38,synthetic
random_dense,SYN0037,926,727,synthetic
random_dense,SYN0037,940,939,synthetic
random_dense,SYN0037,945,955,synthetic
random_dense,SYN0037,949,819,synthetic
random_dense,SYN0037,951,359,synthetic
random_dense,SYN0037,960,575,synthetic
random_dense,SYN0037,961,18,synthetic
random_dense,SYN0037,967,918,synthetic
random_dense,SYN0037,969,417,synthetic
random_dense,SYN0037,971,386,synthetic
random_dense,SYN0037,972,602,synthetic
random_dense,SYN0037,979,636,synthetic
random_dense,SYN0037,997,1000,synthetic
random_dense,SYN0037,1019,168,synthetic
random_dense,SYN0038,0,968,synthetic
random_dense,SYN0038,8,180,synthetic
random_dense,SYN0038,9,376,synthetic
random_dense,SYN0038,9,783,synthetic
random_dense,SYN0038,27,647,synthetic
random_dense,SYN0038,28,726,synthetic
random_dense,SYN0038,34,1000,synthetic
random_dense,SYN0038,40,957,synthetic
random_dense,SYN0038,52,400,synthetic
random_dense,SYN0038,52,767,synthetic
random_dense,SYN0038,62,84,synthetic
random_dense,SYN0038,65,942,synthetic
random_dense,SYN0038,67,987,synthetic
random_dense,SYN0038,67,1002,synthetic
random_dense,SYN0038,70,136,synthetic
random_dense,SYN0038,88,27,synthetic
random_dense,SYN0038,89,702,synthetic
random_dense,SYN0038,98,70,synthetic
random_dense,SYN0038,99,720,synthetic
random_dense,SYN0038,108,810,synthetic
random_dense,SYN0038,117,329,synthetic
random_dense,SYN0038,152,389,synthetic
random_dense,SYN0038,155,49,synthetic
random_dense,SYN0038,172,753,synthetic
random_dense,SYN0038,199,726,synthetic
random_dense,SYN0038,208,640,synthetic
random_dense,SYN0038,213,872,synthetic
random_dense,SYN0038,229,134,synthetic
random_dense,SYN0038,232,956,synthetic
random_dense,SYN0038,233,805,synthetic
random_dense,SYN0038,235,622,synthetic
random_dense,SYN0038,242,862,synthetic
random_dense,SYN0038,254,666,synthetic
random_dense,SYN0038,269,490,synthetic
random_dense,SYN0038,290,213,synthetic
random_dense,SYN0038,302,278,synthetic
random_dense,SYN0038,304,582,synthetic
random_dense,SYN0038,314,159,synthetic
random_dense,SYN0038,323,423,synthetic
random_dense,SYN0038,326,369,synthetic
random_dense,SYN0038,335,120,synthetic
random_dense,SYN0038,338,434,synthetic
random_dense,SYN0038,344,785,synthetic
random_dense,SYN0038,358,973,synthetic
random_dense,SYN0038,359,496,synthetic
random_dense,SYN0038,379,940,synthetic
random_dense,SYN0038,385,618,synthetic
random_dense,SYN0038,401,355,synthetic
random_dense,SYN0038,420,488,synthetic
random_dense,SYN0038,421,177,synthetic
random_dense,SYN0038,436,47,synthetic
random_dense,SYN0038,491,954,synthetic
random_dense,SYN0038,493,267,synthetic
random_dense,SYN0038,514,652,synthetic
random_dense,SYN0038,522,524,synthetic
random_dense,SYN0038,523,511,synthetic
random_dense,SYN0038,540,189,synthetic
random_dense,SYN0038,541,902,synthetic
random_dense,SYN0038,542,40,synthetic
random_dense,SYN0038,543,335,synthetic
random_dense,SYN0038,549,415,synthetic
random_dense,SYN0038,559,53,synthetic
random_dense,SYN0038,566,215,synthetic
random_dense,SYN0038,570,781,synthetic
random_dense,SYN0038,580,899,synthetic
random_dense,SYN0038,583,732,synthetic
random_dense,SYN0038,584,171,synthetic
random_dense,SYN0038,604,174,synthetic
random_dense,SYN0038,611,963,synthetic
random_dense,SYN0038,613,12,synthetic
random_dense,SYN0038,618,950,synthetic
random_dense,SYN0038,634,88,synthetic
random_dense,SYN0038,635,995,synthetic
random_dense,SYN0038,637,937,synthetic
random_dense,SYN0038,641,252,synthetic
random_dense,SYN0038,642,507,synthetic
random_dense,SYN0038,663,310,synthetic
random_dense,SYN0038,688,61,synthetic
random_dense,SYN0038,696,902,synthetic
random_dense,SYN0038,701,9,synthetic
random_dense,SYN0038,713,291,synthetic
random_dense,SYN0038,713,977,synthetic
random_dense,SYN0038,738,749,synthetic
random_dense,SYN0038,749,576,synthetic
random_dense,SYN0038,750,57,synthetic
random_dense,SYN0038,753,762,synthetic
random_dense,SYN0038,758,313,synthetic
random_dense,SYN0038,768,48,synthetic
random_dense,SYN0038,774,353,synthetic
random_dense,SYN0038,775,23,synthetic
random_dense,SYN0038,799,520,synthetic
random_dense,SYN0038,809,46,synthetic
random_dense,SYN0038,820,949,synthetic
random_dense,SYN0038,822,1002,synthetic
random_dense,SYN0038,824,68,synthetic
random_dense,SYN0038,827,260,synthetic
random_dense,SYN0038,835,81,synthetic
random_dense,SYN0038,839,439,synthetic
random_dense,SYN0038,846,71,synthetic
random_dense,SYN0038,858,928,synthetic
random_dense,SYN0038,870,887,synthetic
random_dense,SYN0038,874,1005,synthetic
random_dense,SYN0038,876,761,synthetic
random_dense,SYN0038,881,139,synthetic
random_dense,SYN0038,886,759,synthetic
random_dense,SYN0038,888,141,synthetic
random_dense,SYN0038,896,844,synthetic
random_dense,SYN0038,899,902,synthetic
random_dense,SYN0038,914,345,synthetic
random_dense,SYN0038,923,827,synthetic
random_dense,SYN0038,934,550,synthetic
random_dense,SYN0038,936,182,synthetic
random_dense,SYN0038,937,246,synthetic
random_dense,SYN0038,946,355,synthetic
random_dense,SYN0038,947,608,synthetic
random_dense,SYN0038,954,406,synthetic
random_dense,SYN0038,973,920,synthetic
random_dense,SYN0038,980,434,synthetic
random_dense,SYN0038,980,749,synthetic
random_dense,SYN0038,1003,580,synthetic
random_dense,SYN0038,1004,49,synthetic
random_dense,SYN0038,1004,824,synthetic
random_dense,SYN0038,1005,825,synthetic
random_dense,SYN0038,1009,562,synthetic
random_dense,SYN0038,1013,8,synthetic
random_dense,SYN0038,1016,250,synthetic
random_dense,SYN0038,1021,944,synthetic
random_dense,SYN0038,1022,213,synthetic
random_dense,SYN0039,10,406,synthetic
random_dense,SYN0039,14,680,synthetic
random_dense,SYN0039,23,788,synthetic
random_dense,SYN0039,51,631,synthetic
random_dense,SYN0039,63,808,synthetic
random_dense,SYN0039,67,634,synthetic
random_dense,SYN0039,75,493,synthetic
random_dense,SYN0039,80,165,synthetic
random_dense,SYN0039,89,596,synthetic
random_dense,SYN0039,89,696,synthetic
random_dense,SYN0039,98,666,synthetic
random_dense,SYN0039,107,599,synthetic
random_dense,SYN0039,118,101,synthetic
random_dense,SYN0039,121,433,synthetic
random_dense,SYN0039,125,998,synthetic
random_dense,SYN0039,134,971,synthetic
random_dense,SYN0039,184,729,synthetic
random_dense,SYN0039,216,649,synthetic
random_dense,SYN0039,217,526,synthetic
random_dense,SYN0039,218,570,synthetic
random_dense,SYN0039,248,232,synthetic
random_dense,SYN0039,249,237,synthetic
random_dense,SYN0039,249,600,synthetic
random_dense,SYN0039,280,811,synthetic
random_dense,SYN0039,287,354,synthetic
random_dense,SYN0039,306,334,synthetic
random_dense,SYN0039,307,633,synthetic
random_dense,SYN0039,315,975,synthetic
random_dense,SYN0039,328,953,synthetic
random_dense,SYN0039,338,780,synthetic
random_dense,SYN0039,346,309,synthetic
random_dense,SYN0039,356,862,synthetic
random_dense,SYN0039,382,202,synthetic
random_dense,SYN0039,385,463,synthetic
random_dense,SYN0039,387,892,synthetic
random_dense,SYN0039,389,462,synthetic
random_dense,SYN0039,390,697,synthetic
random_dense,SYN0039,410,393,synthetic
random_dense,SYN0039,414,94,synthetic
random_dense,SYN0039,425,199,synthetic
random_dense,SYN0039,427,787,synthetic
random_dense,SYN0039,431,592,synthetic
random_dense,SYN0039,433,859,synthetic
random_dense,SYN0039,438,245,synthetic
random_dense,SYN0039,448,4,synthetic
random_dense,SYN0039,458,674,synthetic
random_dense,SYN0039,470,262,synthetic
random_dense,SYN0039,471,544,synthetic
random_dense,SYN0039,478,380,synthetic
random_dense,SYN0039,488,407,synthetic
random_dense,SYN0039,493,231,synthetic
random_dense,SYN0039,494,846,synthetic
random_dense,SYN0039,496,163,synthetic
random_dense,SYN0039,517,542,synthetic
random_dense,SYN0039,530,432,synthetic
random_dense,SYN0039,538,2,synthetic
random_dense,SYN0039,541,461,synthetic
random_dense,SYN0039,545,519,synthetic
random_dense,SYN0039,549,859,synthetic
random_dense,SYN0039,551,992,synthetic
random_dense,SYN0039,557,342,synthetic
random_dense,SYN0039,583,766,synthetic
random_dense,SYN0039,597,337,synthetic
random_dense,SYN0039,619,299,synthetic
random_dense,SYN0039,641,159,synthetic
random_dense,SYN0039,658,6,synthetic
random_dense,SYN0039,658,1008,synthetic
random_dense,SYN0039,661,170,synthetic
random_dense,SYN0039,673,549,synthetic
random_dense,SYN0039,674,490,synthetic
random_dense,SYN0039,676,288,synthetic
random_dense,SYN0039,679,334,synthetic
random_dense,SYN0039,697,869,synthetic
random_dense,SYN0039,700,572,synthetic
random_dense,SYN0039,702,48,synthetic
random_dense,SYN0039,703,565,synthetic
random_dense,SYN0039,706,502,synthetic
random_dense,SYN0039,726,778,synthetic
random_dense,SYN0039,739,249,synthetic
random_dense,SYN0039,740,140,synthetic
random_dense,SYN0039,741,53,synthetic
random_dense,SYN0039,756,577,synthetic
random_dense,SYN0039,769,199,synthetic
random_dense,SYN0039,772,467,synthetic
random_dense,SYN0039,781,867,synthetic
random_dense,SYN0039,787,217,synthetic
random_dense,SYN0039,788,322,synthetic
random_dense,SYN0039,795,978,synthetic
random_dense,SYN0039,798,828,synthetic
random_dense,SYN0039,799,940,synthetic
random_dense,SYN0039,800,403,synthetic
random_dense,SYN0039,801,891,synthetic
random_dense,SYN0039,818,550,synthetic
random_dense,SYN0039,823,465,synthetic
random_dense,SYN0039,824,260,synthetic
random_dense,SYN0039,828,923,synthetic
random_dense,SYN0039,860,318,synthetic
random_dense,SYN0039,861,414,synthetic
random_dense,SYN0039,863,333,synthetic
random_dense,SYN0039,869,892,synthetic
random_dense,SYN0039,871,842,synthetic
random_dense,SYN0039,872,514,synthetic
random_dense,SYN0039,881,122,synthetic
random_dense,SYN0039,881,419,synthetic
random_dense,SYN0039,887,923,synthetic
random_dense,SYN0039,890,254,synthetic
random_dense,SYN0039,891,725,synthetic
random_dense,SYN0039,895,435,synthetic
random_dense,SYN0039,901,218,synthetic
random_dense,SYN0039,906,607,synthetic
random_dense,SYN0039,911,221,synthetic
random_dense,SYN0039,915,348,synthetic
random_dense,SYN0039,919,397,synthetic
random_dense,SYN0039,928,145,synthetic
random_dense,SYN0039,928,419,synthetic
random_dense,SYN0039,947,394,synthetic
random_dense,SYN0039,952,875,synthetic
random_dense,SYN0039,986,67,synthetic
random_dense,SYN0039,988,436,synthetic
random_dense,SYN0039,990,192,synthetic
random_dense,SYN0039,992,201,synthetic
random_dense,SYN0039,1004,840,synthetic
random_dense,SYN0039,1016,363,synthetic
random_dense,SYN0040,16,914,synthetic
random_dense,SYN0040,28,603,synthetic
random_dense,SYN0040,32,735,synthetic
random_dense,SYN0040,67,514,synthetic
random_dense,SYN0040,94,618,synthetic
random_dense,SYN0040,98,263,synthetic
random_dense,SYN0040,106,17,synthetic
random_dense,SYN0040,121,754,synthetic
random_dense,SYN0040,128,209,synthetic
random_dense,SYN0040,143,870,synthetic
random_dense,SYN0040,155,440,synthetic
random_dense,SYN0040,180,212,synthetic
random_dense,SYN0040,185,721,synthetic
random_dense,SYN0040,204,660,synthetic
random_dense,SYN0040,243,116,synthetic
random_dense,SYN0040,244,119,synthetic
random_dense,SYN0040,244,146,synthetic
random_dense,SYN0040,246,371,synthetic
random_dense,SYN0040,246,1002,synthetic
random_dense,SYN0040,247,285,synthetic
random_dense,SYN0040,270,733,synthetic
random_dense,SYN0040,310,336,synthetic
random_dense,SYN0040,339,749,synthetic
random_dense,SYN0040,348,807,synthetic
random_dense,SYN0040,376,742,synthetic
random_dense,SYN0040,390,684,synthetic
random_dense,SYN0040,401,460,synthetic
random_dense,SYN0040,413,702,synthetic
random_dense,SYN0040,438,183,synthetic
random_dense,SYN0040,438,460,synthetic
random_dense,SYN0040,458,277,synthetic
random_dense,SYN0040,463,994,synthetic
random_dense,SYN0040,464,907,synthetic
random_dense,SYN0040,474,416,synthetic
random_dense,SYN0040,479,617,synthetic
random_dense,SYN0040,480,67,synthetic
random_dense,SYN0040,483,741,synthetic
random_dense,SYN0040,487,666,synthetic
random_dense,SYN0040,507,516,synthetic
random_dense,SYN0040,510,352,synthetic
random_dense,SYN0040,519,576,synthetic
random_dense,SYN0040,525,366,synthetic
random_dense,SYN0040,539,465,synthetic
random_dense,SYN0040,574,367,synthetic
random_dense,SYN0040,596,922,synthetic
random_dense,SYN0040,601,986,synthetic
random_dense,SYN0040,619,857,synthetic
random_dense,SYN0040,622,126,synthetic
random_dense,SYN0040,628,556,synthetic
random_dense,SYN0040,633,270,synthetic
random_dense,SYN0040,651,675,synthetic
random_dense,SYN0040,674,721,synthetic
random_dense,SYN0040,715,249,synthetic
random_dense,SYN0040,753,256,synthetic
random_dense,SYN0040,758,1000,synthetic
random_dense,SYN0040,769,332,synthetic
random_dense,SYN0040,776,152,synthetic
random_dense,SYN0040,786,1018,synthetic
random_dense,SYN0040,787,696,synthetic
random_dense,SYN0040,789,441,synthetic
random_dense,SYN0040,791,724,synthetic
random_dense,SYN0040,796,864,synthetic
random_dense,SYN0040,802,366,synthetic
random_dense,SYN0040,807,188,synthetic
random_dense,SYN0040,819,440,synthetic
random_dense,SYN0040,832,309,synthetic
random_dense,SYN0040,848,875,synthetic
random_dense,SYN0040,885,33,synthetic
random_dense,SYN0040,892,152,synthetic
random_dense,SYN0040,900,263,synthetic
random_dense,SYN0040,902,187,synthetic
random_dense,SYN0040,903,822,synthetic
random_dense,SYN0040,934,238,synthetic
random_dense,SYN0040,935,360,synthetic
random_dense,SYN0040,949,1016,synthetic
random_dense,SYN0040,1004,254,synthetic
random_dense,SYN0040,1006,297,synthetic
random_dense,SYN0040,1012,118,synthetic
row_concentrated,SYN0041,498,18,synthetic
row_concentrated,SYN0041,498,29,synthetic
row_concentrated,SYN0041,498,32,synthetic
row_concentrated,SYN0041,498,50,synthetic
row_concentrated,SYN0041,498,52,synthetic
row_concentrated,SYN0041,498,73,synthetic
row_concentrated,SYN0041,498,76,synthetic
row_concentrated,SYN0041,498,88,synthetic
row_concentrated,SYN0041,498,90,synthetic
row_concentrated,SYN0041,498,115,synthetic
row_concentrated,SYN0041,498,137,synthetic
row_concentrated,SYN0041,498,155,synthetic
row_concentrated,SYN0041,498,168,synthetic
row_concentrated,SYN0041,498,170,synthetic
row_concentrated,SYN0041,498,171,synthetic
row_concentrated,SYN0041,498,188,synthetic
row_concentrated,SYN0041,498,194,synthetic
row_concentrated,SYN0041,498,214,synthetic
row_concentrated,SYN0041,498,219,synthetic
row_concentrated,SYN0041,498,239,synthetic
row_concentrated,SYN0041,498,247,synthetic
row_concentrated,SYN0041,498,248,synthetic
row_concentrated,SYN0041,498,252,synthetic
row_concentrated,SYN0041,498,299,synthetic
row_concentrated,SYN0041,498,312,synthetic
row_concentrated,SYN0041,498,373,synthetic
row_concentrated,SYN0041,498,376,synthetic
row_concentrated,SYN0041,498,383,synthetic
row_concentrated,SYN0041,498,420,synthetic
row_concentrated,SYN0041,498,439,synthetic
row_concentrated,SYN0041,498,471,synthetic
row_concentrated,SYN0041,498,473,synthetic
row_concentrated,SYN0041,498,476,synthetic
row_concentrated,SYN0041,498,508,synthetic
row_concentrated,SYN0041,498,510,synthetic
row_concentrated,SYN0041,498,518,synthetic
row_concentrated,SYN0041,498,537,synthetic
row_concentrated,SYN0041,498,538,synthetic
row_concentrated,SYN0041,498,553,synthetic
row_concentrated,SYN0041,498,561,synthetic
row_concentrated,SYN0041,498,600,synthetic
row_concentrated,SYN0041,498,607,synthetic
row_concentrated,SYN0041,498,624,synthetic
row_concentrated,SYN0041,498,627,synthetic
row_concentrated,SYN0041,498,629,synthetic
row_concentrated,SYN0041,498,644,synthetic
row_concentrated,SYN0041,498,645,synthetic
row_concentrated,SYN0041,498,656,synthetic
row_concentrated,SYN0041,498,682,synthetic
row_concentrated,SYN0041,498,703,synthetic
row_concentrated,SYN0041,498,729,synthetic
row_concentrated,SYN0041,498,739,synthetic
row_concentrated,SYN0041,498,755,synthetic
row_concentrated,SYN0041,498,758,synthetic
row_concentrated,SYN0041,498,766,synthetic
row_concentrated,SYN0041,498,776,synthetic
row_concentrated,SYN0041,498,789,synthetic
row_concentrated,SYN0041,498,790,synthetic
row_concentrated,SYN0041,498,796,synthetic
row_concentrated,SYN0041,498,807,synthetic
row_concentrated,SYN0041,498,813,synthetic
row_concentrated,SYN0041,498,822,synthetic
row_concentrated,SYN0041,498,942,synthetic
row_concentrated,SYN0041,498,956,synthetic
row_concentrated,SYN0041,498,972,synthetic
row_concentrated,SYN0041,498,980,synthetic
row_concentrated,SYN0041,498,983,synthetic
row_concentrated,SYN0041,498,1013,synthetic
row_concentrated,SYN0041,498,1014,synthetic
row_concentrated,SYN0042,680,8,synthetic
row_concentrated,SYN0042,680,15,synthetic
row_concentrated,SYN0042,680,19,synthetic
row_concentrated,SYN0042,680,34,synthetic
row_concentrated,SYN0042,680,40,synthetic
row_concentrated,SYN0042,680,42,synthetic
row_concentrated,SYN0042,680,60,synthetic
row_concentrated,SYN0042,680,67,synthetic
row_concentrated,SYN0042,680,69,synthetic
row_concentrated,SYN0042,680,70,synthetic
row_concentrated,SYN0042,680,71,synthetic
row_concentrated,SYN0042,680,72,synthetic
row_concentrated,SYN0042,680,76,synthetic
row_concentrated,SYN0042,680,77,synthetic
row_concentrated,SYN0042,680,78,synthetic
row_concentrated,SYN0042,680,84,synthetic
row_concentrated,SYN0042,680,85,synthetic
row_concentrated,SYN0042,680,95,synthetic
row_concentrated,SYN0042,680,98,synthetic
row_concentrated,SYN0042,680,99,synthetic
row_concentrated,SYN0042,680,102,synthetic
row_concentrated,SYN0042,680,105,synthetic
row_concentrated,SYN0042,680,122,synthetic
row_concentrated,SYN0042,680,125,synthetic
row_concentrated,SYN0042,680,128,synthetic
row_concentrated,SYN0042,680,144,synthetic
row_concentrated,SYN0042,680,166,synthetic
row_concentrated,SYN0042,680,174,synthetic
row_concentrated,SYN0042,680,183,synthetic
row_concentrated,SYN0042,680,184,synthetic
row_concentrated,SYN0042,680,201,synthetic
row_concentrated,SYN0042,680,216,synthetic
row_concentrated,SYN0042,680,233,synthetic
row_concentrated,SYN0042,680,235,synthetic
row_concentrated,SYN0042,680,236,synthetic
row_concentrated,SYN0042,680,239,synthetic
row_concentrated,SYN0042,680,245,synthetic
row_concentrated,SYN0042,680,251,synthetic
row_concentrated,SYN0042,680,264,synthetic
row_concentrated,SYN0042,680,273,synthetic
row_concentrated,SYN0042,680,274,synthetic
row_concentrated,SYN0042,680,275,synthetic
row_concentrated,SYN0042,680,276,synthetic
row_concentrated,SYN0042,680,285,synthetic
row_concentrated,SYN0042,680,295,synthetic
row_concentrated,SYN0042,680,302,synthetic
row_concentrated,SYN0042,680,305,synthetic
row_concentrated,SYN0042,680,307,synthetic
row_concentrated,SYN0042,680,308,synthetic
row_concentrated,SYN0042,680,312,synthetic
row_concentrated,SYN0042,680,319,synthetic
row_concentrated,SYN0042,680,323,synthetic
row_concentrated,SYN0042,680,325,synthetic
row_concentrated,SYN0042,680,326,synthetic
row_concentrated,SYN0042,680,352,synthetic
row_concentrated,SYN0042,680,357,synthetic
row_concentrated,SYN0042,680,368,synthetic
row_concentrated,SYN0042,680,369,synthetic
row_concentrated,SYN0042,680,371,synthetic
row_concentrated,SYN0042,680,386,synthetic
row_concentrated,SYN0042,680,388,synthetic
row_concentrated,SYN0042,680,391,synthetic
row_concentrated,SYN0042,680,392,synthetic
row_concentrated,SYN0042,680,393,synthetic
row_concentrated,SYN0042,680,394,synthetic
row_concentrated,SYN0042,680,395,synthetic
row_concentrated,SYN0042,680,410,synthetic
row_concentrated,SYN0042,680,411,synthetic
row_concentrated,SYN0042,680,412,synthetic
row_concentrated,SYN0042,680,414,synthetic
row_concentrated,SYN0042,680,417,synthetic
row_concentrated,SYN0042,680,420,synthetic
row_concentrated,SYN0042,680,432,synthetic
row_concentrated,SYN0042,680,440,synthetic
row_concentrated,SYN0042,680,445,synthetic
row_concentrated,SYN0042,680,447,synthetic
row_concentrated,SYN0042,680,458,synthetic
row_concentrated,SYN0042,680,463,synthetic
row_concentrated,SYN0042,680,475,synthetic
row_concentrated,SYN0042,680,479,synthetic
row_concentrated,SYN0042,680,482,synthetic
row_concentrated,SYN0042,680,491,synthetic
row_concentrated,SYN0042,680,496,synthetic
row_concentrated,SYN0042,680,503,synthetic
row_concentrated,SYN0042,680,504,synthetic
row_concentrated,SYN0042,680,508,synthetic
row_concentrated,SYN0042,680,510,synthetic
row_concentrated,SYN0042,680,513,synthetic
row_concentrated,SYN0042,680,525,synthetic
row_concentrated,SYN0042,680,528,synthetic
row_concentrated,SYN0042,680,532,synthetic
row_concentrated,SYN0042,680,534,synthetic
row_concentrated,SYN0042,680,541,synthetic
row_concentrated,SYN0042,680,548,synthetic
row_concentrated,SYN0042,680,553,synthetic
row_concentrated,SYN0042,680,562,synthetic
row_concentrated,SYN0042,680,573,synthetic
row_concentrated,SYN0042,680,577,synthetic
row_concentrated,SYN0042,680,578,synthetic
row_concentrated,SYN0042,680,579,synthetic
row_concentrated,SYN0042,680,584,synthetic
row_concentrated,SYN0042,680,589,synthetic
row_concentrated,SYN0042,680,599,synthetic
row_concentrated,SYN0042,680,606,synthetic
row_concentrated,SYN0042,680,609,synthetic
row_concentrated,SYN0042,680,612,synthetic
row_concentrated,SYN0042,680,616,synthetic
row_concentrated,SYN0042,680,618,synthetic
row_concentrated,SYN0042,680,619,synthetic
row_concentrated,SYN0042,680,622,synthetic
row_concentrated,SYN0042,680,631,synthetic
row_concentrated,SYN0042,680,632,synthetic
row_concentrated,SYN0042,680,638,synthetic
row_concentrated,SYN0042,680,641,synthetic
row_concentrated,SYN0042,680,651,synthetic
row_concentrated,SYN0042,680,652,synthetic
row_concentrated,SYN0042,680,654,synthetic
row_concentrated,SYN0042,680,660,synthetic
row_concentrated,SYN0042,680,672,synthetic
row_concentrated,SYN0042,680,676,synthetic
row_concentrated,SYN0042,680,682,synthetic
row_concentrated,SYN0042,680,685,synthetic
row_concentrated,SYN0042,680,693,synthetic
row_concentrated,SYN0042,680,694,synthetic
row_concentrated,SYN0042,680,707,synthetic
row_concentrated,SYN0042,680,711,synthetic
row_concentrated,SYN0042,680,712,synthetic
row_concentrated,SYN0042,680,713,synthetic
row_concentrated,SYN0042,680,717,synthetic
row_concentrated,SYN0042,680,719,synthetic
row_concentrated,SYN0042,680,720,synthetic
row_concentrated,SYN0042,680,722,synthetic
row_concentrated,SYN0042,680,728,synthetic
row_concentrated,SYN0042,680,739,synthetic
row_concentrated,SYN0042,680,748,synthetic
row_concentrated,SYN0042,680,755,synthetic
row_concentrated,SYN0042,680,762,synthetic
row_concentrated,SYN0042,680,765,synthetic
row_concentrated,SYN0042,680,775,synthetic
row_concentrated,SYN0042,680,782,synthetic
row_concentrated,SYN0042,680,786,synthetic
row_concentrated,SYN0042,680,794,synthetic
row_concentrated,SYN0042,680,796,synthetic
row_concentrated,SYN0042,680,806,synthetic
row_concentrated,SYN0042,680,813,synthetic
row_concentrated,SYN0042,680,831,synthetic
row_concentrated,SYN0042,680,832,synthetic
row_concentrated,SYN0042,680,833,synthetic
row_concentrated,SYN0042,680,836,synthetic
row_concentrated,SYN0042,680,839,synthetic
row_concentrated,SYN0042,680,842,synthetic
row_concentrated,SYN0042,680,854,synthetic
row_concentrated,SYN0042,680,872,synthetic
row_concentrated,SYN0042,680,873,synthetic
row_concentrated,SYN0042,680,880,synthetic
row_concentrated,SYN0042,680,888,synthetic
row_concentrated,SYN0042,680,895,synthetic
row_concentrated,SYN0042,680,901,synthetic
row_concentrated,SYN0042,680,908,synthetic
row_concentrated,SYN0042,680,909,synthetic
row_concentrated,SYN0042,680,912,synthetic
row_concentrated,SYN0042,680,916,synthetic
row_concentrated,SYN0042,680,923,synthetic
row_concentrated,SYN0042,680,928,synthetic
row_concentrated,SYN0042,680,929,synthetic
row_concentrated,SYN0042,680,932,synthetic
row_concentrated,SYN0042,680,936,synthetic
row_concentrated,SYN0042,680,937,synthetic
row_concentrated,SYN0042,680,939,synthetic
row_concentrated,SYN0042,680,953,synthetic
row_concentrated,SYN0042,680,954,synthetic
row_concentrated,SYN0042,680,966,synthetic
row_concentrated,SYN0042,680,967,synthetic
row_concentrated,SYN0042,680,970,synthetic
row_concentrated,SYN0042,680,975,synthetic
row_concentrated,SYN0042,680,979,synthetic
row_concentrated,SYN0042,680,984,synthetic
row_concentrated,SYN0042,680,985,synthetic
row_concentrated,SYN0042,680,989,synthetic
row_concentrated,SYN0042,680,990,synthetic
row_concentrated,SYN0042,680,999,synthetic
row_concentrated,SYN0042,680,1003,synthetic
row_concentrated,SYN0042,680,1012,synthetic
row_concentrated,SYN0042,680,1018,synthetic
row_concentrated,SYN0042,680,1019,synthetic
row_concentrated,SYN0042,680,1021,synthetic
row_concentrated,SYN0043,506,8,synthetic
row_concentrated,SYN0043,506,9,synthetic
row_concentrated,SYN0043,506,12,synthetic
row_concentrated,SYN0043,506,15,synthetic
row_concentrated,SYN0043,506,16,synthetic
row_concentrated,SYN0043,506,18,synthetic
row_concentrated,SYN0043,506,21,synthetic
row_concentrated,SYN0043,506,29,synthetic
row_concentrated,SYN0043,506,33,synthetic
row_concentrated,SYN0043,506,54,synthetic
row_concentrated,SYN0043,506,59,synthetic
row_concentrated,SYN0043,506,61,synthetic
row_concentrated,SYN0043,506,64,synthetic
row_concentrated,SYN0043,506,76,synthetic
row_concentrated,SYN0043,506,78,synthetic
row_concentrated,SYN0043,506,83,synthetic
row_concentrated,SYN0043,506,88,synthetic
row_concentrated,SYN0043,506,89,synthetic
row_concentrated,SYN0043,506,90,synthetic
row_concentrated,SYN0043,506,94,synthetic
row_concentrated,SYN0043,506,95,synthetic
row_concentrated,SYN0043,506,107,synthetic
row_concentrated,SYN0043,506,135,synthetic
row_concentrated,SYN0043,506,138,synthetic
row_concentrated,SYN0043,506,139,synthetic
row_concentrated,SYN0043,506,151,synthetic
row_concentrated,SYN0043,506,152,synthetic
row_concentrated,SYN0043,506,153,synthetic
row_concentrated,SYN0043,506,155,synthetic
row_concentrated,SYN0043,506,157,synthetic
row_concentrated,SYN0043,506,161,synthetic
row_concentrated,SYN0043,506,170,synthetic
row_concentrated,SYN0043,506,177,synthetic
row_concentrated,SYN0043,506,178,synthetic
row_concentrated,SYN0043,506,185,synthetic
row_concentrated,SYN0043,506,200,synthetic
row_concentrated,SYN0043,506,202,synthetic
row_concentrated,SYN0043,506,205,synthetic
row_concentrated,SYN0043,506,217,synthetic
row_concentrated,SYN0043,506,220,synthetic
row_concentrated,SYN0043,506,230,synthetic
row_concentrated,SYN0043,506,236,synthetic
row_concentrated,SYN0043,506,238,synthetic
row_concentrated,SYN0043,506,246,synthetic
row_concentrated,SYN0043,506,258,synthetic
row_concentrated,SYN0043,506,261,synthetic
row_concentrated,SYN0043,506,264,synthetic
row_concentrated,SYN0043,506,269,synthetic
row_concentrated,SYN0043,506,280,synthetic
row_concentrated,SYN0043,506,281,synthetic
row_concentrated,SYN0043,506,282,synthetic
row_concentrated,SYN0043,506,288,synthetic
row_concentrated,SYN0043,506,300,synthetic
row_concentrated,SYN0043,506,308,synthetic
row_concentrated,SYN0043,506,326,synthetic
row_concentrated,SYN0043,506,328,synthetic
row_concentrated,SYN0043,506,331,synthetic
row_concentrated,SYN0043,506,334,synthetic
row_concentrated,SYN0043,506,335,synthetic
row_concentrated,SYN0043,506,344,synthetic
row_concentrated,SYN0043,506,349,synthetic
row_concentrated,SYN0043,506,350,synthetic
row_concentrated,SYN0043,506,361,synthetic
row_concentrated,SYN0043,506,362,synthetic
row_concentrated,SYN0043,506,384,synthetic
row_concentrated,SYN0043,506,396,synthetic
row_concentrated,SYN0043,506,400,synthetic
row_concentrated,SYN0043,506,404,synthetic
row_concentrated,SYN0043,506,406,synthetic
row_concentrated,SYN0043,506,426,synthetic
row_concentrated,SYN0043,506,438,synthetic
row_concentrated,SYN0043,506,445,synthetic
row_concentrated,SYN0043,506,456,synthetic
row_concentrated,SYN0043,506,461,synthetic
row_concentrated,SYN0043,506,466,synthetic
row_concentrated,SYN0043,506,467,synthetic
row_concentrated,SYN0043,506,468,synthetic
row_concentrated,SYN0043,506,473,synthetic
row_concentrated,SYN0043,506,476,synthetic
row_concentrated,SYN0043,506,479,synthetic
row_concentrated,SYN0043,506,493,synthetic
row_concentrated,SYN0043,506,496,synthetic
row_concentrated,SYN0043,506,505,synthetic
row_concentrated,SYN0043,506,508,synthetic
row_concentrated,SYN0043,506,523,synthetic
row_concentrated,SYN0043,506,546,synthetic
row_concentrated,SYN0043,506,551,synthetic
row_concentrated,SYN0043,506,556,synthetic
row_concentrated,SYN0043,506,562,synthetic
row_concentrated,SYN0043,506,574,synthetic
row_concentrated,SYN0043,506,578,synthetic
row_concentrated,SYN0043,506,586,synthetic
row_concentrated,SYN0043,506,597,synthetic
row_concentrated,SYN0043,506,600,synthetic
row_concentrated,SYN0043,506,609,synthetic
row_concentrated,SYN0043,506,610,synthetic
row_concentrated,SYN0043,506,616,synthetic
row_concentrated,SYN0043,506,620,synthetic
row_concentrated,SYN0043,506,628,synthetic
row_concentrated,SYN0043,506,639,synthetic
row_concentrated,SYN0043,506,641,synthetic
row_concentrated,SYN0043,506,653,synthetic
row_concentrated,SYN0043,506,659,synthetic
row_concentrated,SYN0043,506,660,synthetic
row_concentrated,SYN0043,506,668,synthetic
row_concentrated,SYN0043,506,675,synthetic
row_concentrated,SYN0043,506,686,synthetic
row_concentrated,SYN0043,506,687,synthetic
row_concentrated,SYN0043,506,693,synthetic
row_concentrated,SYN0043,506,704,synthetic
row_concentrated,SYN0043,506,711,synthetic
row_concentrated,SYN0043,506,722,synthetic
row_concentrated,SYN0043,506,723,synthetic
row_concentrated,SYN0043,506,736,synthetic
row_concentrated,SYN0043,506,737,synthetic
row_concentrated,SYN0043,506,740,synthetic
row_concentrated,SYN0043,506,747,synthetic
row_concentrated,SYN0043,506,751,synthetic
row_concentrated,SYN0043,506,752,synthetic
row_concentrated,SYN0043,506,757,synthetic
row_concentrated,SYN0043,506,765,synthetic
row_concentrated,SYN0043,506,768,synthetic
row_concentrated,SYN0043,506,770,synthetic
row_concentrated,SYN0043,506,772,synthetic
row_concentrated,SYN0043,506,782,synthetic
row_concentrated,SYN0043,506,787,synthetic
row_concentrated,SYN0043,506,798,synthetic
row_concentrated,SYN0043,506,803,synthetic
row_concentrated,SYN0043,506,806,synthetic
row_concentrated,SYN0043,506,814,synthetic
row_concentrated,SYN0043,506,815,synthetic
row_concentrated,SYN0043,506,817,synthetic
row_concentrated,SYN0043,506,823,synthetic
row_concentrated,SYN0043,506,833,synthetic
row_concentrated,SYN0043,506,834,synthetic
row_concentrated,SYN0043,506,836,synthetic
row_concentrated,SYN0043,506,842,synthetic
row_concentrated,SYN0043,506,849,synthetic
row_concentrated,SYN0043,506,862,synthetic
row_concentrated,SYN0043,506,875,synthetic
row_concentrated,SYN0043,506,882,synthetic
row_concentrated,SYN0043,506,885,synthetic
row_concentrated,SYN0043,506,888,synthetic
row_concentrated,SYN0043,506,890,synthetic
row_concentrated,SYN0043,506,891,synthetic
row_concentrated,SYN0043,506,892,synthetic
row_concentrated,SYN0043,506,898,synthetic
row_concentrated,SYN0043,506,902,synthetic
row_concentrated,SYN0043,506,905,synthetic
row_concentrated,SYN0043,506,907,synthetic
row_concentrated,SYN0043,506,929,synthetic
row_concentrated,SYN0043,506,946,synthetic
row_concentrated,SYN0043,506,960,synthetic
row_concentrated,SYN0043,506,969,synthetic
row_concentrated,SYN0043,506,976,synthetic
row_concentrated,SYN0043,506,979,synthetic
row_concentrated,SYN0043,506,985,synthetic
row_concentrated,SYN0043,506,998,synthetic
row_concentrated,SYN0043,506,1006,synthetic
row_concentrated,SYN0043,506,1014,synthetic
row_concentrated,SYN0043,506,1018,synthetic
row_concentrated,SYN0044,835,3,synthetic
row_concentrated,SYN0044,835,13,synthetic
row_concentrated,SYN0044,835,14,synthetic
row_concentrated,SYN0044,835,21,synthetic
row_concentrated,SYN0044,835,31,synthetic
row_concentrated,SYN0044,835,32,synthetic
row_concentrated,SYN0044,835,43,synthetic
row_concentrated,SYN0044,835,46,synthetic
row_concentrated,SYN0044,835,54,synthetic
row_concentrated,SYN0044,835,65,synthetic
row_concentrated,SYN0044,835,66,synthetic
row_concentrated,SYN0044,835,75,synthetic
row_concentrated,SYN0044,835,85,synthetic
row_concentrated,SYN0044,835,86,synthetic
row_concentrated,SYN0044,835,94,synthetic
row_concentrated,SYN0044,835,98,synthetic
row_concentrated,SYN0044,835,104,synthetic
row_concentrated,SYN0044,835,111,synthetic
row_concentrated,SYN0044,835,120,synthetic
row_concentrated,SYN0044,835,134,synthetic
row_concentrated,SYN0044,835,153,synthetic
row_concentrated,SYN0044,835,158,synthetic
row_concentrated,SYN0044,835,174,synthetic
row_concentrated,SYN0044,835,176,synthetic
row_concentrated,SYN0044,835,182,synthetic
row_concentrated,SYN0044,835,185,synthetic
row_concentrated,SYN0044,835,196,synthetic
row_concentrated,SYN0044,835,197,synthetic
row_concentrated,SYN0044,835,205,synthetic
row_concentrated,SYN0044,835,206,synthetic
row_concentrated,SYN0044,835,216,synthetic
row_concentrated,SYN0044,835,222,synthetic
row_concentrated,SYN0044,835,225,synthetic
row_concentrated,SYN0044,835,239,synthetic
row_concentrated,SYN0044,835,255,synthetic
row_concentrated,SYN0044,835,265,synthetic
row_concentrated,SYN0044,835,279,synthetic
row_concentrated,SYN0044,835,288,synthetic
row_concentrated,SYN0044,835,309,synthetic
row_concentrated,SYN0044,835,325,synthetic
row_concentrated,SYN0044,835,330,synthetic
row_concentrated,SYN0044,835,337,synthetic
row_concentrated,SYN0044,835,354,synthetic
row_concentrated,SYN0044,835,361,synthetic
row_concentrated,SYN0044,835,371,synthetic
row_concentrated,SYN0044,835,379,synthetic
row_concentrated,SYN0044,835,386,synthetic
row_concentrated,SYN0044,835,402,synthetic
row_concentrated,SYN0044,835,420,synthetic
row_concentrated,SYN0044,835,422,synthetic
row_concentrated,SYN0044,835,442,synthetic
row_concentrated,SYN0044,835,484,synthetic
row_concentrated,SYN0044,835,505,synthetic
row_concentrated,SYN0044,835,516,synthetic
row_concentrated,SYN0044,835,519,synthetic
row_concentrated,SYN0044,835,539,synthetic
row_concentrated,SYN0044,835,549,synthetic
row_concentrated,SYN0044,835,555,synthetic
row_concentrated,SYN0044,835,558,synthetic
row_concentrated,SYN0044,835,559,synthetic
row_concentrated,SYN0044,835,576,synthetic
row_concentrated,SYN0044,835,599,synthetic
row_concentrated,SYN0044,835,616,synthetic
row_concentrated,SYN0044,835,643,synthetic
row_concentrated,SYN0044,835,650,synthetic
row_concentrated,SYN0044,835,656,synthetic
row_concentrated,SYN0044,835,665,synthetic
row_concentrated,SYN0044,835,668,synthetic
row_concentrated,SYN0044,835,691,synthetic
row_concentrated,SYN0044,835,697,synthetic
row_concentrated,SYN0044,835,709,synthetic
row_concentrated,SYN0044,835,727,synthetic
row_concentrated,SYN0044,835,745,synthetic
row_concentrated,SYN0044,835,752,synthetic
row_concentrated,SYN0044,835,755,synthetic
row_concentrated,SYN0044,835,771,synthetic
row_concentrated,SYN0044,835,773,synthetic
row_concentrated,SYN0044,835,789,synthetic
row_concentrated,SYN0044,835,791,synthetic
row_concentrated,SYN0044,835,802,synthetic
row_concentrated,SYN0044,835,836,synthetic
row_concentrated,SYN0044,835,873,synthetic
row_concentrated,SYN0044,835,880,synthetic
row_concentrated,SYN0044,835,883,synthetic
row_concentrated,SYN0044,835,885,synthetic
row_concentrated,SYN0044,835,888,synthetic
row_concentrated,SYN0044,835,907,synthetic
row_concentrated,SYN0044,835,916,synthetic
row_concentrated,SYN0044,835,919,synthetic
row_concentrated,SYN0044,835,928,synthetic
row_concentrated,SYN0044,835,930,synthetic
row_concentrated,SYN0044,835,957,synthetic
row_concentrated,SYN0044,835,964,synthetic
row_concentrated,SYN0044,835,970,synthetic
row_concentrated,SYN0044,835,978,synthetic
row_concentrated,SYN0044,835,982,synthetic
row_concentrated,SYN0044,835,987,synthetic
row_concentrated,SYN0044,835,989,synthetic
row_concentrated,SYN0044,835,998,synthetic
row_concentrated,SYN0044,835,1010,synthetic
row_concentrated,SYN0044,835,1018,synthetic
row_concentrated,SYN0045,710,23,synthetic
row_concentrated,SYN0045,710,26,synthetic
row_concentrated,SYN0045,710,46,synthetic
row_concentrated,SYN0045,710,49,synthetic
row_concentrated,SYN0045,710,62,synthetic
row_concentrated,SYN0045,710,67,synthetic
row_concentrated,SYN0045,710,71,synthetic
row_concentrated,SYN0045,710,76,synthetic
row_concentrated,SYN0045,710,93,synthetic
row_concentrated,SYN0045,710,123,synthetic
row_concentrated,SYN0045,710,128,synthetic
row_concentrated,SYN0045,710,132,synthetic
row_concentrated,SYN0045,710,136,synthetic
row_concentrated,SYN0045,710,151,synthetic
row_concentrated,SYN0045,710,174,synthetic
row_concentrated,SYN0045,710,176,synthetic
row_concentrated,SYN0045,710,201,synthetic
row_concentrated,SYN0045,710,233,synthetic
row_concentrated,SYN0045,710,289,synthetic
row_concentrated,SYN0045,710,296,synthetic
row_concentrated,SYN0045,710,298,synthetic
row_concentrated,SYN0045,710,308,synthetic
row_concentrated,SYN0045,710,309,synthetic
row_concentrated,SYN0045,710,322,synthetic
row_concentrated,SYN0045,710,326,synthetic
row_concentrated,SYN0045,710,333,synthetic
row_concentrated,SYN0045,710,339,synthetic
row_concentrated,SYN0045,710,347,synthetic
row_concentrated,SYN0045,710,348,synthetic
row_concentrated,SYN0045,710,355,synthetic
row_concentrated,SYN0045,710,382,synthetic
row_concentrated,SYN0045,710,386,synthetic
row_concentrated,SYN0045,710,391,synthetic
row_concentrated,SYN0045,710,400,synthetic
row_concentrated,SYN0045,710,448,synthetic
row_concentrated,SYN0045,710,455,synthetic
row_concentrated,SYN0045,710,457,synthetic
row_concentrated,SYN0045,710,480,synthetic
row_concentrated,SYN0045,710,492,synthetic
row_concentrated,SYN0045,710,513,synthetic
row_concentrated,SYN0045,710,514,synthetic
row_concentrated,SYN0045,710,539,synthetic
row_concentrated,SYN0045,710,572,synthetic
row_concentrated,SYN0045,710,581,synthetic
row_concentrated,SYN0045,710,592,synthetic
row_concentrated,SYN0045,710,599,synthetic
row_concentrated,SYN0045,710,602,synthetic
row_concentrated,SYN0045,710,606,synthetic
row_concentrated,SYN0045,710,607,synthetic
row_concentrated,SYN0045,710,608,synthetic
row_concentrated,SYN0045,710,613,synthetic
row_concentrated,SYN0045,710,630,synthetic
row_concentrated,SYN0045,710,675,synthetic
row_concentrated,SYN0045,710,685,synthetic
row_concentrated,SYN0045,710,693,synthetic
row_concentrated,SYN0045,710,697,synthetic
row_concentrated,SYN0045,710,704,synthetic
row_concentrated,SYN0045,710,709,synthetic
row_concentrated,SYN0045,710,716,synthetic
row_concentrated,SYN0045,710,718,synthetic
row_concentrated,SYN0045,710,729,synthetic
row_concentrated,SYN0045,710,743,synthetic
row_concentrated,SYN0045,710,748,synthetic
row_concentrated,SYN0045,710,758,synthetic
row_concentrated,SYN0045,710,762,synthetic
row_concentrated,SYN0045,710,798,synthetic
row_concentrated,SYN0045,710,803,synthetic
row_concentrated,SYN0045,710,810,synthetic
row_concentrated,SYN0045,710,811,synthetic
row_concentrated,SYN0045,710,864,synthetic
row_concentrated,SYN0045,710,888,synthetic
row_concentrated,SYN0045,710,916,synthetic
row_concentrated,SYN0045,710,922,synthetic
row_concentrated,SYN0045,710,959,synthetic
row_concentrated,SYN0045,710,976,synthetic
row_concentrated,SYN0045,710,980,synthetic
row_concentrated,SYN0045,710,987,synthetic
row_concentrated,SYN0045,710,1011,synthetic
row_concentrated,SYN0045,710,1013,synthetic
row_concentrated,SYN0046,212,7,synthetic
row_concentrated,SYN0046,212,10,synthetic
row_concentrated,SYN0046,212,27,synthetic
row_concentrated,SYN0046,212,34,synthetic
row_concentrated,SYN0046,212,36,synthetic
row_concentrated,SYN0046,212,53,synthetic
row_concentrated,SYN0046,212,55,synthetic
row_concentrated,SYN0046,212,59,synthetic
row_concentrated,SYN0046,212,62,synthetic
row_concentrated,SYN0046,212,71,synthetic
row_concentrated,SYN0046,212,74,synthetic
row_concentrated,SYN0046,212,76,synthetic
row_concentrated,SYN0046,212,79,synthetic
row_concentrated,SYN0046,212,81,synthetic
row_concentrated,SYN0046,212,95,synthetic
row_concentrated,SYN0046,212,103,synthetic
row_concentrated,SYN0046,212,112,synthetic
row_concentrated,SYN0046,212,116,synthetic
row_concentrated,SYN0046,212,117,synthetic
row_concentrated,SYN0046,212,150,synthetic
row_concentrated,SYN0046,212,152,synthetic
row_concentrated,SYN0046,212,155,synthetic
row_concentrated,SYN0046,212,159,synthetic
row_concentrated,SYN0046,212,164,synthetic
row_concentrated,SYN0046,212,169,synthetic
row_concentrated,SYN0046,212,173,synthetic
row_concentrated,SYN0046,212,175,synthetic
row_concentrated,SYN0046,212,182,synthetic
row_concentrated,SYN0046,212,183,synthetic
row_concentrated,SYN0046,212,188,synthetic
row_concentrated,SYN0046,212,191,synthetic
row_concentrated,SYN0046,212,201,synthetic
row_concentrated,SYN0046,212,210,synthetic
row_concentrated,SYN0046,212,211,synthetic
row_concentrated,SYN0046,212,213,synthetic
row_concentrated,SYN0046,212,217,synthetic
row_concentrated,SYN0046,212,219,synthetic
row_concentrated,SYN0046,212,220,synthetic
row_concentrated,SYN0046,212,227,synthetic
row_concentrated,SYN0046,212,231,synthetic
row_concentrated,SYN0046,212,236,synthetic
row_concentrated,SYN0046,212,251,synthetic
row_concentrated,SYN0046,212,253,synthetic
row_concentrated,SYN0046,212,257,synthetic
row_concentrated,SYN0046,212,262,synthetic
row_concentrated,SYN0046,212,270,synthetic
row_concentrated,SYN0046,212,274,synthetic
row_concentrated,SYN0046,212,289,synthetic
row_concentrated,SYN0046,212,292,synthetic
row_concentrated,SYN0046,212,304,synthetic
row_concentrated,SYN0046,212,314,synthetic
row_concentrated,SYN0046,212,317,synthetic
row_concentrated,SYN0046,212,319,synthetic
row_concentrated,SYN0046,212,325,synthetic
row_concentrated,SYN0046,212,334,synthetic
row_concentrated,SYN0046,212,343,synthetic
row_concentrated,SYN0046,212,350,synthetic
row_concentrated,SYN0046,212,358,synthetic
row_concentrated,SYN0046,212,366,synthetic
row_concentrated,SYN0046,212,370,synthetic
row_concentrated,SYN0046,212,378,synthetic
row_concentrated,SYN0046,212,381,synthetic
row_concentrated,SYN0046,212,401,synthetic
row_concentrated,SYN0046,212,408,synthetic
row_concentrated,SYN0046,212,424,synthetic
row_concentrated,SYN0046,212,426,synthetic
row_concentrated,SYN0046,212,434,synthetic
row_concentrated,SYN0046,212,436,synthetic
row_concentrated,SYN0046,212,438,synthetic
row_concentrated,SYN0046,212,440,synthetic
row_concentrated,SYN0046,212,443,synthetic
row_concentrated,SYN0046,212,456,synthetic
row_concentrated,SYN0046,212,460,synthetic
row_concentrated,SYN0046,212,474,synthetic
row_concentrated,SYN0046,212,477,synthetic
row_concentrated,SYN0046,212,481,synthetic
row_concentrated,SYN0046,212,486,synthetic
row_concentrated,SYN0046,212,492,synthetic
row_concentrated,SYN0046,212,513,synthetic
row_concentrated,SYN0046,212,529,synthetic
row_concentrated,SYN0046,212,545,synthetic
row_concentrated,SYN0046,212,548,synthetic
row_concentrated,SYN0046,212,554,synthetic
row_concentrated,SYN0046,212,567,synthetic
row_concentrated,SYN0046,212,581,synthetic
row_concentrated,SYN0046,212,595,synthetic
row_concentrated,SYN0046,212,600,synthetic
row_concentrated,SYN0046,212,601,synthetic
row_concentrated,SYN0046,212,604,synthetic
row_concentrated,SYN0046,212,606,synthetic
row_concentrated,SYN0046,212,632,synthetic
row_concentrated,SYN0046,212,639,synthetic
row_concentrated,SYN0046,212,641,synthetic
row_concentrated,SYN0046,212,646,synthetic
row_concentrated,SYN0046,212,655,synthetic
row_concentrated,SYN0046,212,659,synthetic
row_concentrated,SYN0046,212,668,synthetic
row_concentrated,SYN0046,212,674,synthetic
row_concentrated,SYN0046,212,679,synthetic
row_concentrated,SYN0046,212,680,synthetic
row_concentrated,SYN0046,212,682,synthetic
row_concentrated,SYN0046,212,708,synthetic
row_concentrated,SYN0046,212,711,synthetic
row_concentrated,SYN0046,212,717,synthetic
row_concentrated,SYN0046,212,718,synthetic
row_concentrated,SYN0046,212,730,synthetic
row_concentrated,SYN0046,212,732,synthetic
row_concentrated,SYN0046,212,741,synthetic
row_concentrated,SYN0046,212,745,synthetic
row_concentrated,SYN0046,212,748,synthetic
row_concentrated,SYN0046,212,753,synthetic
row_concentrated,SYN0046,212,761,synthetic
row_concentrated,SYN0046,212,762,synthetic
row_concentrated,SYN0046,212,767,synthetic
row_concentrated,SYN0046,212,780,synthetic
row_concentrated,SYN0046,212,790,synthetic
row_concentrated,SYN0046,212,806,synthetic
row_concentrated,SYN0046,212,813,synthetic
row_concentrated,SYN0046,212,817,synthetic
row_concentrated,SYN0046,212,823,synthetic
row_concentrated,SYN0046,212,825,synthetic
row_concentrated,SYN0046,212,831,synthetic
row_concentrated,SYN0046,212,846,synthetic
row_concentrated,SYN0046,212,848,synthetic
row_concentrated,SYN0046,212,858,synthetic
row_concentrated,SYN0046,212,860,synthetic
row_concentrated,SYN0046,212,864,synthetic
row_concentrated,SYN0046,212,874,synthetic
row_concentrated,SYN0046,212,875,synthetic
row_concentrated,SYN0046,212,877,synthetic
row_concentrated,SYN0046,212,880,synthetic
row_concentrated,SYN0046,212,884,synthetic
row_concentrated,SYN0046,212,887,synthetic
row_concentrated,SYN0046,212,888,synthetic
row_concentrated,SYN0046,212,892,synthetic
row_concentrated,SYN0046,212,898,synthetic
row_concentrated,SYN0046,212,905,synthetic
row_concentrated,SYN0046,212,909,synthetic
row_concentrated,SYN0046,212,910,synthetic
row_concentrated,SYN0046,212,915,synthetic
row_concentrated,SYN0046,212,916,synthetic
row_concentrated,SYN0046,212,937,synthetic
row_concentrated,SYN0046,212,945,synthetic
row_concentrated,SYN0046,212,950,synthetic
row_concentrated,SYN0046,212,957,synthetic
row_concentrated,SYN0046,212,963,synthetic
row_concentrated,SYN0046,212,976,synthetic
row_concentrated,SYN0046,212,991,synthetic
row_concentrated,SYN0046,212,993,synthetic
row_concentrated,SYN0046,212,1003,synthetic
row_concentrated,SYN0046,212,1009,synthetic
row_concentrated,SYN0046,212,1010,synthetic
row_concentrated,SYN0046,212,1018,synthetic
row_concentrated,SYN0047,577,5,synthetic
row_concentrated,SYN0047,577,15,synthetic
row_concentrated,SYN0047,577,27,synthetic
row_concentrated,SYN0047,577,34,synthetic
row_concentrated,SYN0047,577,36,synthetic
row_concentrated,SYN0047,577,37,synthetic
row_concentrated,SYN0047,577,39,synthetic
row_concentrated,SYN0047,577,40,synthetic
row_concentrated,SYN0047,577,41,synthetic
row_concentrated,SYN0047,577,48,synthetic
row_concentrated,SYN0047,577,51,synthetic
row_concentrated,SYN0047,577,59,synthetic
row_concentrated,SYN0047,577,63,synthetic
row_concentrated,SYN0047,577,73,synthetic
row_concentrated,SYN0047,577,75,synthetic
row_concentrated,SYN0047,577,88,synthetic
row_concentrated,SYN0047,577,90,synthetic
row_concentrated,SYN0047,577,91,synthetic
row_concentrated,SYN0047,577,94,synthetic
row_concentrated,SYN0047,577,103,synthetic
row_concentrated,SYN0047,577,106,synthetic
row_concentrated,SYN0047,577,119,synthetic
row_concentrated,SYN0047,577,125,synthetic
row_concentrated,SYN0047,577,132,synthetic
row_concentrated,SYN0047,577,133,synthetic
row_concentrated,SYN0047,577,137,synthetic
row_concentrated,SYN0047,577,139,synthetic
row_concentrated,SYN0047,577,143,synthetic
row_concentrated,SYN0047,577,144,synthetic
row_concentrated,SYN0047,577,145,synthetic
row_concentrated,SYN0047,577,147,synthetic
row_concentrated,SYN0047,577,169,synthetic
row_concentrated,SYN0047,577,183,synthetic
row_concentrated,SYN0047,577,186,synthetic
row_concentrated,SYN0047,577,187,synthetic
row_concentrated,SYN0047,577,197,synthetic
row_concentrated,SYN0047,577,200,synthetic
row_concentrated,SYN0047,577,206,synthetic
row_concentrated,SYN0047,577,214,synthetic
row_concentrated,SYN0047,577,215,synthetic
row_concentrated,SYN0047,577,220,synthetic
row_concentrated,SYN0047,577,224,synthetic
row_concentrated,SYN0047,577,227,synthetic
row_concentrated,SYN0047,577,233,synthetic
row_concentrated,SYN0047,577,239,synthetic
row_concentrated,SYN0047,577,240,synthetic
row_concentrated,SYN0047,577,256,synthetic
row_concentrated,SYN0047,577,259,synthetic
row_concentrated,SYN0047,577,262,synthetic
row_concentrated,SYN0047,577,268,synthetic
row_concentrated,SYN0047,577,272,synthetic
row_concentrated,SYN0047,577,279,synthetic
row_concentrated,SYN0047,577,284,synthetic
row_concentrated,SYN0047,577,289,synthetic
row_concentrated,SYN0047,577,292,synthetic
row_concentrated,SYN0047,577,296,synthetic
row_concentrated,SYN0047,577,308,synthetic
row_concentrated,SYN0047,577,317,synthetic
row_concentrated,SYN0047,577,334,synthetic
row_concentrated,SYN0047,577,357,synthetic
row_concentrated,SYN0047,577,359,synthetic
row_concentrated,SYN0047,577,360,synthetic
row_concentrated,SYN0047,577,363,synthetic
row_concentrated,SYN0047,577,364,synthetic
row_concentrated,SYN0047,577,374,synthetic
row_concentrated,SYN0047,577,375,synthetic
row_concentrated,SYN0047,577,391,synthetic
row_concentrated,SYN0047,577,401,synthetic
row_concentrated,SYN0047,577,404,synthetic
row_concentrated,SYN0047,577,408,synthetic
row_concentrated,SYN0047,577,432,synthetic
row_concentrated,SYN0047,577,433,synthetic
row_concentrated,SYN0047,577,435,synthetic
row_concentrated,SYN0047,577,438,synthetic
row_concentrated,SYN0047,577,441,synthetic
row_concentrated,SYN0047,577,447,synthetic
row_concentrated,SYN0047,577,448,synthetic
row_concentrated,SYN0047,577,449,synthetic
row_concentrated,SYN0047,577,452,synthetic
row_concentrated,SYN0047,577,467,synthetic
row_concentrated,SYN0047,577,468,synthetic
row_concentrated,SYN0047,577,469,synthetic
row_concentrated,SYN0047,577,470,synthetic
row_concentrated,SYN0047,577,479,synthetic
row_concentrated,SYN0047,577,481,synthetic
row_concentrated,SYN0047,577,492,synthetic
row_concentrated,SYN0047,577,509,synthetic
row_concentrated,SYN0047,577,513,synthetic
row_concentrated,SYN0047,577,514,synthetic
row_concentrated,SYN0047,577,517,synthetic
row_concentrated,SYN0047,577,519,synthetic
row_concentrated,SYN0047,577,522,synthetic
row_concentrated,SYN0047,577,523,synthetic
row_concentrated,SYN0047,577,525,synthetic
row_concentrated,SYN0047,577,530,synthetic
row_concentrated,SYN0047,577,531,synthetic
row_concentrated,SYN0047,577,534,synthetic
row_concentrated,SYN0047,577,545,synthetic
row_concentrated,SYN0047,577,551,synthetic
row_concentrated,SYN0047,577,553,synthetic
row_concentrated,SYN0047,577,576,synthetic
row_concentrated,SYN0047,577,578,synthetic
row_concentrated,SYN0047,577,582,synthetic
row_concentrated,SYN0047,577,585,synthetic
row_concentrated,SYN0047,577,591,synthetic
row_concentrated,SYN0047,577,598,synthetic
row_concentrated,SYN0047,577,599,synthetic
row_concentrated,SYN0047,577,601,synthetic
row_concentrated,SYN0047,577,603,synthetic
row_concentrated,SYN0047,577,610,synthetic
row_concentrated,SYN0047,577,622,synthetic
row_concentrated,SYN0047,577,676,synthetic
row_concentrated,SYN0047,577,677,synthetic
row_concentrated,SYN0047,577,683,synthetic
row_concentrated,SYN0047,577,684,synthetic
row_concentrated,SYN0047,577,696,synthetic
row_concentrated,SYN0047,577,705,synthetic
row_concentrated,SYN0047,577,712,synthetic
row_concentrated,SYN0047,577,716,synthetic
row_concentrated,SYN0047,577,720,synthetic
row_concentrated,SYN0047,577,726,synthetic
row_concentrated,SYN0047,577,727,synthetic
row_concentrated,SYN0047,577,734,synthetic
row_concentrated,SYN0047,577,740,synthetic
row_concentrated,SYN0047,577,746,synthetic
row_concentrated,SYN0047,577,755,synthetic
row_concentrated,SYN0047,577,758,synthetic
row_concentrated,SYN0047,577,760,synthetic
row_concentrated,SYN0047,577,762,synthetic
row_concentrated,SYN0047,577,767,synthetic
row_concentrated,SYN0047,577,769,synthetic
row_concentrated,SYN0047,577,779,synthetic
row_concentrated,SYN0047,577,783,synthetic
row_concentrated,SYN0047,577,788,synthetic
row_concentrated,SYN0047,577,792,synthetic
row_concentrated,SYN0047,577,794,synthetic
row_concentrated,SYN0047,577,795,synthetic
row_concentrated,SYN0047,577,807,synthetic
row_concentrated,SYN0047,577,812,synthetic
row_concentrated,SYN0047,577,828,synthetic
row_concentrated,SYN0047,577,831,synthetic
row_concentrated,SYN0047,577,836,synthetic
row_concentrated,SYN0047,577,840,synthetic
row_concentrated,SYN0047,577,841,synthetic
row_concentrated,SYN0047,577,842,synthetic
row_concentrated,SYN0047,577,846,synthetic
row_concentrated,SYN0047,577,873,synthetic
row_concentrated,SYN0047,577,876,synthetic
row_concentrated,SYN0047,577,882,synthetic
row_concentrated,SYN0047,577,910,synthetic
row_concentrated,SYN0047,577,911,synthetic
row_concentrated,SYN0047,577,920,synthetic
row_concentrated,SYN0047,577,922,synthetic
row_concentrated,SYN0047,577,927,synthetic
row_concentrated,SYN0047,577,932,synthetic
row_concentrated,SYN0047,577,944,synthetic
row_concentrated,SYN0047,577,950,synthetic
row_concentrated,SYN0047,577,955,synthetic
row_concentrated,SYN0047,577,958,synthetic
row_concentrated,SYN0047,577,965,synthetic
row_concentrated,SYN0047,577,975,synthetic
row_concentrated,SYN0047,577,976,synthetic
row_concentrated,SYN0047,577,979,synthetic
row_concentrated,SYN0047,577,988,synthetic
row_concentrated,SYN0047,577,1008,synthetic
row_concentrated,SYN0047,577,1015,synthetic
row_concentrated,SYN0048,375,5,synthetic
row_concentrated,SYN0048,375,15,synthetic
row_concentrated,SYN0048,375,18,synthetic
row_concentrated,SYN0048,375,23,synthetic
row_concentrated,SYN0048,375,35,synthetic
row_concentrated,SYN0048,375,38,synthetic
row_concentrated,SYN0048,375,40,synthetic
row_concentrated,SYN0048,375,62,synthetic
row_concentrated,SYN0048,375,85,synthetic
row_concentrated,SYN0048,375,87,synthetic
row_concentrated,SYN0048,375,106,synthetic
row_concentrated,SYN0048,375,107,synthetic
row_concentrated,SYN0048,375,108,synthetic
row_concentrated,SYN0048,375,128,synthetic
row_concentrated,SYN0048,375,150,synthetic
row_concentrated,SYN0048,375,160,synthetic
row_concentrated,SYN0048,375,265,synthetic
row_concentrated,SYN0048,375,274,synthetic
row_concentrated,SYN0048,375,278,synthetic
row_concentrated,SYN0048,375,281,synthetic
row_concentrated,SYN0048,375,294,synthetic
row_concentrated,SYN0048,375,307,synthetic
row_concentrated,SYN0048,375,332,synthetic
row_concentrated,SYN0048,375,393,synthetic
row_concentrated,SYN0048,375,429,synthetic
row_concentrated,SYN0048,375,431,synthetic
row_concentrated,SYN0048,375,453,synthetic
row_concentrated,SYN0048,375,465,synthetic
row_concentrated,SYN0048,375,475,synthetic
row_concentrated,SYN0048,375,493,synthetic
row_concentrated,SYN0048,375,504,synthetic
row_concentrated,SYN0048,375,572,synthetic
row_concentrated,SYN0048,375,573,synthetic
row_concentrated,SYN0048,375,580,synthetic
row_concentrated,SYN0048,375,591,synthetic
row_concentrated,SYN0048,375,594,synthetic
row_concentrated,SYN0048,375,607,synthetic
row_concentrated,SYN0048,375,625,synthetic
row_concentrated,SYN0048,375,629,synthetic
row_concentrated,SYN0048,375,646,synthetic
row_concentrated,SYN0048,375,650,synthetic
row_concentrated,SYN0048,375,671,synthetic
row_concentrated,SYN0048,375,686,synthetic
row_concentrated,SYN0048,375,691,synthetic
row_concentrated,SYN0048,375,702,synthetic
row_concentrated,SYN0048,375,705,synthetic
row_concentrated,SYN0048,375,708,synthetic
row_concentrated,SYN0048,375,723,synthetic
row_concentrated,SYN0048,375,730,synthetic
row_concentrated,SYN0048,375,743,synthetic
row_concentrated,SYN0048,375,769,synthetic
row_concentrated,SYN0048,375,775,synthetic
row_concentrated,SYN0048,375,787,synthetic
row_concentrated,SYN0048,375,795,synthetic
row_concentrated,SYN0048,375,797,synthetic
row_concentrated,SYN0048,375,827,synthetic
row_concentrated,SYN0048,375,837,synthetic
row_concentrated,SYN0048,375,850,synthetic
row_concentrated,SYN0048,375,893,synthetic
row_concentrated,SYN0048,375,894,synthetic
row_concentrated,SYN0048,375,900,synthetic
row_concentrated,SYN0048,375,906,synthetic
row_concentrated,SYN0048,375,909,synthetic
row_concentrated,SYN0048,375,911,synthetic
row_concentrated,SYN0048,375,930,synthetic
row_concentrated,SYN0048,375,949,synthetic
row_concentrated,SYN0048,375,952,synthetic
row_concentrated,SYN0048,375,963,synthetic
row_concentrated,SYN0048,375,967,synthetic
row_concentrated,SYN0048,375,980,synthetic
row_concentrated,SYN0048,375,983,synthetic
row_concentrated,SYN0048,375,1006,synthetic
row_concentrated,SYN0049,973,7,synthetic
row_concentrated,SYN0049,973,14,synthetic
row_concentrated,SYN0049,973,20,synthetic
row_concentrated,SYN0049,973,29,synthetic
row_concentrated,SYN0049,973,42,synthetic
row_concentrated,SYN0049,973,59,synthetic
row_concentrated,SYN0049,973,61,synthetic
row_concentrated,SYN0049,973,63,synthetic
row_concentrated,SYN0049,973,66,synthetic
row_concentrated,SYN0049,973,76,synthetic
row_concentrated,SYN0049,973,78,synthetic
row_concentrated,SYN0049,973,79,synthetic
row_concentrated,SYN0049,973,96,synthetic
row_concentrated,SYN0049,973,99,synthetic
row_concentrated,SYN0049,973,132,synthetic
row_concentrated,SYN0049,973,149,synthetic
row_concentrated,SYN0049,973,152,synthetic
row_concentrated,SYN0049,973,158,synthetic
row_concentrated,SYN0049,973,163,synthetic
row_concentrated,SYN0049,973,167,synthetic
row_concentrated,SYN0049,973,169,synthetic
row_concentrated,SYN0049,973,172,synthetic
row_concentrated,SYN0049,973,178,synthetic
row_concentrated,SYN0049,973,183,synthetic
row_concentrated,SYN0049,973,188,synthetic
row_concentrated,SYN0049,973,214,synthetic
row_concentrated,SYN0049,973,224,synthetic
row_concentrated,SYN0049,973,229,synthetic
row_concentrated,SYN0049,973,231,synthetic
row_concentrated,SYN0049,973,241,synthetic
row_concentrated,SYN0049,973,250,synthetic
row_concentrated,SYN0049,973,267,synthetic
row_concentrated,SYN0049,973,276,synthetic
row_concentrated,SYN0049,973,278,synthetic
row_concentrated,SYN0049,973,284,synthetic
row_concentrated,SYN0049,973,291,synthetic
row_concentrated,SYN0049,973,292,synthetic
row_concentrated,SYN0049,973,309,synthetic
row_concentrated,SYN0049,973,314,synthetic
row_concentrated,SYN0049,973,318,synthetic
row_concentrated,SYN0049,973,320,synthetic
row_concentrated,SYN0049,973,322,synthetic
row_concentrated,SYN0049,973,323,synthetic
row_concentrated,SYN0049,973,339,synthetic
row_concentrated,SYN0049,973,367,synthetic
row_concentrated,SYN0049,973,379,synthetic
row_concentrated,SYN0049,973,384,synthetic
row_concentrated,SYN0049,973,391,synthetic
row_concentrated,SYN0049,973,400,synthetic
row_concentrated,SYN0049,973,410,synthetic
row_concentrated,SYN0049,973,420,synthetic
row_concentrated,SYN0049,973,422,synthetic
row_concentrated,SYN0049,973,423,synthetic
row_concentrated,SYN0049,973,425,synthetic
row_concentrated,SYN0049,973,466,synthetic
row_concentrated,SYN0049,973,493,synthetic
row_concentrated,SYN0049,973,494,synthetic
row_concentrated,SYN0049,973,497,synthetic
row_concentrated,SYN0049,973,525,synthetic
row_concentrated,SYN0049,973,527,synthetic
row_concentrated,SYN0049,973,532,synthetic
row_concentrated,SYN0049,973,533,synthetic
row_concentrated,SYN0049,973,538,synthetic
row_concentrated,SYN0049,973,544,synthetic
row_concentrated,SYN0049,973,547,synthetic
row_concentrated,SYN0049,973,550,synthetic
row_concentrated,SYN0049,973,586,synthetic
row_concentrated,SYN0049,973,596,synthetic
row_concentrated,SYN0049,973,607,synthetic
row_concentrated,SYN0049,973,617,synthetic
row_concentrated,SYN0049,973,623,synthetic
row_concentrated,SYN0049,973,631,synthetic
row_concentrated,SYN0049,973,639,synthetic
row_concentrated,SYN0049,973,641,synthetic
row_concentrated,SYN0049,973,650,synthetic
row_concentrated,SYN0049,973,651,synthetic
row_concentrated,SYN0049,973,655,synthetic
row_concentrated,SYN0049,973,657,synthetic
row_concentrated,SYN0049,973,664,synthetic
row_concentrated,SYN0049,973,675,synthetic
row_concentrated,SYN0049,973,678,synthetic
row_concentrated,SYN0049,973,680,synthetic
row_concentrated,SYN0049,973,684,synthetic
row_concentrated,SYN0049,973,692,synthetic
row_concentrated,SYN0049,973,698,synthetic
row_concentrated,SYN0049,973,700,synthetic
row_concentrated,SYN0049,973,702,synthetic
row_concentrated,SYN0049,973,706,synthetic
row_concentrated,SYN0049,973,729,synthetic
row_concentrated,SYN0049,973,748,synthetic
row_concentrated,SYN0049,973,757,synthetic
row_concentrated,SYN0049,973,767,synthetic
row_concentrated,SYN0049,973,774,synthetic
row_concentrated,SYN0049,973,775,synthetic
row_concentrated,SYN0049,973,791,synthetic
row_concentrated,SYN0049,973,794,synthetic
row_concentrated,SYN0049,973,804,synthetic
row_concentrated,SYN0049,973,811,synthetic
row_concentrated,SYN0049,973,817,synthetic
row_concentrated,SYN0049,973,822,synthetic
row_concentrated,SYN0049,973,844,synthetic
row_concentrated,SYN0049,973,848,synthetic
row_concentrated,SYN0049,973,858,synthetic
row_concentrated,SYN0049,973,878,synthetic
row_concentrated,SYN0049,973,917,synthetic
row_concentrated,SYN0049,973,921,synthetic
row_concentrated,SYN0049,973,923,synthetic
row_concentrated,SYN0049,973,961,synthetic
row_concentrated,SYN0049,973,969,synthetic
row_concentrated,SYN0049,973,972,synthetic
row_concentrated,SYN0049,973,973,synthetic
row_concentrated,SYN0049,973,981,synthetic
row_concentrated,SYN0049,973,988,synthetic
row_concentrated,SYN0049,973,1006,synthetic
row_concentrated,SYN0050,33,11,synthetic
row_concentrated,SYN0050,33,34,synthetic
row_concentrated,SYN0050,33,42,synthetic
row_concentrated,SYN0050,33,52,synthetic
row_concentrated,SYN0050,33,65,synthetic
row_concentrated,SYN0050,33,82,synthetic
row_concentrated,SYN0050,33,107,synthetic
row_concentrated,SYN0050,33,109,synthetic
row_concentrated,SYN0050,33,120,synthetic
row_concentrated,SYN0050,33,140,synthetic
row_concentrated,SYN0050,33,162,synthetic
row_concentrated,SYN0050,33,176,synthetic
row_concentrated,SYN0050,33,178,synthetic
row_concentrated,SYN0050,33,196,synthetic
row_concentrated,SYN0050,33,206,synthetic
row_concentrated,SYN0050,33,217,synthetic
row_concentrated,SYN0050,33,219,synthetic
row_concentrated,SYN0050,33,222,synthetic
row_concentrated,SYN0050,33,230,synthetic
row_concentrated,SYN0050,33,241,synthetic
row_concentrated,SYN0050,33,243,synthetic
row_concentrated,SYN0050,33,255,synthetic
row_concentrated,SYN0050,33,256,synthetic
row_concentrated,SYN0050,33,259,synthetic
row_concentrated,SYN0050,33,260,synthetic
row_concentrated,SYN0050,33,262,synthetic
row_concentrated,SYN0050,33,286,synthetic
row_concentrated,SYN0050,33,291,synthetic
row_concentrated,SYN0050,33,296,synthetic
row_concentrated,SYN0050,33,298,synthetic
row_concentrated,SYN0050,33,316,synthetic
row_concentrated,SYN0050,33,324,synthetic
row_concentrated,SYN0050,33,328,synthetic
row_concentrated,SYN0050,33,352,synthetic
row_concentrated,SYN0050,33,361,synthetic
row_concentrated,SYN0050,33,368,synthetic
row_concentrated,SYN0050,33,372,synthetic
row_concentrated,SYN0050,33,377,synthetic
row_concentrated,SYN0050,33,394,synthetic
row_concentrated,SYN0050,33,395,synthetic
row_concentrated,SYN0050,33,409,synthetic
row_concentrated,SYN0050,33,416,synthetic
row_concentrated,SYN0050,33,423,synthetic
row_concentrated,SYN0050,33,429,synthetic
row_concentrated,SYN0050,33,434,synthetic
row_concentrated,SYN0050,33,435,synthetic
row_concentrated,SYN0050,33,442,synthetic
row_concentrated,SYN0050,33,453,synthetic
row_concentrated,SYN0050,33,469,synthetic
row_concentrated,SYN0050,33,472,synthetic
row_concentrated,SYN0050,33,475,synthetic
row_concentrated,SYN0050,33,485,synthetic
row_concentrated,SYN0050,33,493,synthetic
row_concentrated,SYN0050,33,494,synthetic
row_concentrated,SYN0050,33,507,synthetic
row_concentrated,SYN0050,33,510,synthetic
row_concentrated,SYN0050,33,515,synthetic
row_concentrated,SYN0050,33,516,synthetic
row_concentrated,SYN0050,33,520,synthetic
row_concentrated,SYN0050,33,530,synthetic
row_concentrated,SYN0050,33,539,synthetic
row_concentrated,SYN0050,33,549,synthetic
row_concentrated,SYN0050,33,565,synthetic
row_concentrated,SYN0050,33,568,synthetic
row_concentrated,SYN0050,33,570,synthetic
row_concentrated,SYN0050,33,576,synthetic
row_concentrated,SYN0050,33,579,synthetic
row_concentrated,SYN0050,33,583,synthetic
row_concentrated,SYN0050,33,605,synthetic
row_concentrated,SYN0050,33,612,synthetic
row_concentrated,SYN0050,33,613,synthetic
row_concentrated,SYN0050,33,644,synthetic
row_concentrated,SYN0050,33,659,synthetic
row_concentrated,SYN0050,33,665,synthetic
row_concentrated,SYN0050,33,670,synthetic
row_concentrated,SYN0050,33,717,synthetic
row_concentrated,SYN0050,33,734,synthetic
row_concentrated,SYN0050,33,741,synthetic
row_concentrated,SYN0050,33,752,synthetic
row_concentrated,SYN0050,33,753,synthetic
row_concentrated,SYN0050,33,754,synthetic
row_concentrated,SYN0050,33,772,synthetic
row_concentrated,SYN0050,33,785,synthetic
row_concentrated,SYN0050,33,786,synthetic
row_concentrated,SYN0050,33,789,synthetic
row_concentrated,SYN0050,33,791,synthetic
row_concentrated,SYN0050,33,795,synthetic
row_concentrated,SYN0050,33,796,synthetic
row_concentrated,SYN0050,33,812,synthetic
row_concentrated,SYN0050,33,814,synthetic
row_concentrated,SYN0050,33,819,synthetic
row_concentrated,SYN0050,33,826,synthetic
row_concentrated,SYN0050,33,828,synthetic
row_concentrated,SYN0050,33,838,synthetic
row_concentrated,SYN0050,33,851,synthetic
row_concentrated,SYN0050,33,874,synthetic
row_concentrated,SYN0050,33,875,synthetic
row_concentrated,SYN0050,33,891,synthetic
row_concentrated,SYN0050,33,903,synthetic
row_concentrated,SYN0050,33,922,synthetic
row_concentrated,SYN0050,33,932,synthetic
row_concentrated,SYN0050,33,938,synthetic
row_concentrated,SYN0050,33,958,synthetic
row_concentrated,SYN0050,33,961,synthetic
row_concentrated,SYN0050,33,977,synthetic
row_concentrated,SYN0050,33,979,synthetic
row_concentrated,SYN0050,33,984,synthetic
row_concentrated,SYN0050,33,993,synthetic
row_concentrated,SYN0050,33,998,synthetic
row_concentrated,SYN0050,33,1000,synthetic
row_concentrated,SYN0050,33,1004,synthetic
row_concentrated,SYN0050,33,1016,synthetic
row_concentrated,SYN0050,33,1020,synthetic
row_concentrated,SYN0051,218,5,synthetic
row_concentrated,SYN0051,218,7,synthetic
row_concentrated,SYN0051,218,16,synthetic
row_concentrated,SYN0051,218,18,synthetic
row_concentrated,SYN0051,218,38,synthetic
row_concentrated,SYN0051,218,45,synthetic
row_concentrated,SYN0051,218,47,synthetic
row_concentrated,SYN0051,218,50,synthetic
row_concentrated,SYN0051,218,58,synthetic
row_concentrated,SYN0051,218,64,synthetic
row_concentrated,SYN0051,218,79,synthetic
row_concentrated,SYN0051,218,91,synthetic
row_concentrated,SYN0051,218,95,synthetic
row_concentrated,SYN0051,218,101,synthetic
row_concentrated,SYN0051,218,107,synthetic
row_concentrated,SYN0051,218,115,synthetic
row_concentrated,SYN0051,218,119,synthetic
row_concentrated,SYN0051,218,123,synthetic
row_concentrated,SYN0051,218,134,synthetic
row_concentrated,SYN0051,218,137,synthetic
row_concentrated,SYN0051,218,140,synthetic
row_concentrated,SYN0051,218,141,synthetic
row_concentrated,SYN0051,218,142,synthetic
row_concentrated,SYN0051,218,157,synthetic
row_concentrated,SYN0051,218,160,synthetic
row_concentrated,SYN0051,218,182,synthetic
row_concentrated,SYN0051,218,192,synthetic
row_concentrated,SYN0051,218,197,synthetic
row_concentrated,SYN0051,218,208,synthetic
row_concentrated,SYN0051,218,210,synthetic
row_concentrated,SYN0051,218,222,synthetic
row_concentrated,SYN0051,218,223,synthetic
row_concentrated,SYN0051,218,232,synthetic
row_concentrated,SYN0051,218,242,synthetic
row_concentrated,SYN0051,218,245,synthetic
row_concentrated,SYN0051,218,246,synthetic
row_concentrated,SYN0051,218,258,synthetic
row_concentrated,SYN0051,218,268,synthetic
row_concentrated,SYN0051,218,281,synthetic
row_concentrated,SYN0051,218,324,synthetic
row_concentrated,SYN0051,218,332,synthetic
row_concentrated,SYN0051,218,355,synthetic
row_concentrated,SYN0051,218,358,synthetic
row_concentrated,SYN0051,218,376,synthetic
row_concentrated,SYN0051,218,377,synthetic
row_concentrated,SYN0051,218,381,synthetic
row_concentrated,SYN0051,218,386,synthetic
row_concentrated,SYN0051,218,387,synthetic
row_concentrated,SYN0051,218,396,synthetic
row_concentrated,SYN0051,218,416,synthetic
row_concentrated,SYN0051,218,424,synthetic
row_concentrated,SYN0051,218,444,synthetic
row_concentrated,SYN0051,218,460,synthetic
row_concentrated,SYN0051,218,462,synthetic
row_concentrated,SYN0051,218,470,synthetic
row_concentrated,SYN0051,218,499,synthetic
row_concentrated,SYN0051,218,511,synthetic
row_concentrated,SYN0051,218,524,synthetic
row_concentrated,SYN0051,218,531,synthetic
row_concentrated,SYN0051,218,540,synthetic
row_concentrated,SYN0051,218,541,synthetic
row_concentrated,SYN0051,218,549,synthetic
row_concentrated,SYN0051,218,557,synthetic
row_concentrated,SYN0051,218,577,synthetic
row_concentrated,SYN0051,218,595,synthetic
row_concentrated,SYN0051,218,599,synthetic
row_concentrated,SYN0051,218,611,synthetic
row_concentrated,SYN0051,218,619,synthetic
row_concentrated,SYN0051,218,620,synthetic
row_concentrated,SYN0051,218,628,synthetic
row_concentrated,SYN0051,218,631,synthetic
row_concentrated,SYN0051,218,634,synthetic
row_concentrated,SYN0051,218,638,synthetic
row_concentrated,SYN0051,218,641,synthetic
row_concentrated,SYN0051,218,643,synthetic
row_concentrated,SYN0051,218,646,synthetic
row_concentrated,SYN0051,218,650,synthetic
row_concentrated,SYN0051,218,651,synthetic
row_concentrated,SYN0051,218,669,synthetic
row_concentrated,SYN0051,218,674,synthetic
row_concentrated,SYN0051,218,676,synthetic
row_concentrated,SYN0051,218,677,synthetic
row_concentrated,SYN0051,218,686,synthetic
row_concentrated,SYN0051,218,690,synthetic
row_concentrated,SYN0051,218,698,synthetic
row_concentrated,SYN0051,218,702,synthetic
row_concentrated,SYN0051,218,705,synthetic
row_concentrated,SYN0051,218,723,synthetic
row_concentrated,SYN0051,218,724,synthetic
row_concentrated,SYN0051,218,725,synthetic
row_concentrated,SYN0051,218,733,synthetic
row_concentrated,SYN0051,218,742,synthetic
row_concentrated,SYN0051,218,751,synthetic
row_concentrated,SYN0051,218,754,synthetic
row_concentrated,SYN0051,218,769,synthetic
row_concentrated,SYN0051,218,773,synthetic
row_concentrated,SYN0051,218,776,synthetic
row_concentrated,SYN0051,218,781,synthetic
row_concentrated,SYN0051,218,786,synthetic
row_concentrated,SYN0051,218,811,synthetic
row_concentrated,SYN0051,218,816,synthetic
row_concentrated,SYN0051,218,822,synthetic
row_concentrated,SYN0051,218,826,synthetic
row_concentrated,SYN0051,218,833,synthetic
row_concentrated,SYN0051,218,843,synthetic
row_concentrated,SYN0051,218,846,synthetic
row_concentrated,SYN0051,218,852,synthetic
row_concentrated,SYN0051,218,856,synthetic
row_concentrated,SYN0051,218,866,synthetic
row_concentrated,SYN0051,218,877,synthetic
row_concentrated,SYN0051,218,878,synthetic
row_concentrated,SYN0051,218,892,synthetic
row_concentrated,SYN0051,218,899,synthetic
row_concentrated,SYN0051,218,904,synthetic
row_concentrated,SYN0051,218,913,synthetic
row_concentrated,SYN0051,218,922,synthetic
row_concentrated,SYN0051,218,936,synthetic
row_concentrated,SYN0051,218,940,synthetic
row_concentrated,SYN0051,218,944,synthetic
row_concentrated,SYN0051,218,954,synthetic
row_concentrated,SYN0051,218,955,synthetic
row_concentrated,SYN0051,218,967,synthetic
row_concentrated,SYN0051,218,980,synthetic
row_concentrated,SYN0051,218,994,synthetic
row_concentrated,SYN0051,218,1017,synthetic
row_concentrated,SYN0052,813,7,synthetic
row_concentrated,SYN0052,813,20,synthetic
row_concentrated,SYN0052,813,25,synthetic
row_concentrated,SYN0052,813,39,synthetic
row_concentrated,SYN0052,813,42,synthetic
row_concentrated,SYN0052,813,54,synthetic
row_concentrated,SYN0052,813,57,synthetic
row_concentrated,SYN0052,813,61,synthetic
row_concentrated,SYN0052,813,64,synthetic
row_concentrated,SYN0052,813,65,synthetic
row_concentrated,SYN0052,813,72,synthetic
row_concentrated,SYN0052,813,79,synthetic
row_concentrated,SYN0052,813,80,synthetic
row_concentrated,SYN0052,813,83,synthetic
row_concentrated,SYN0052,813,84,synthetic
row_concentrated,SYN0052,813,90,synthetic
row_concentrated,SYN0052,813,91,synthetic
row_concentrated,SYN0052,813,101,synthetic
row_concentrated,SYN0052,813,107,synthetic
row_concentrated,SYN0052,813,122,synthetic
row_concentrated,SYN0052,813,125,synthetic
row_concentrated,SYN0052,813,134,synthetic
row_concentrated,SYN0052,813,137,synthetic
row_concentrated,SYN0052,813,146,synthetic
row_concentrated,SYN0052,813,163,synthetic
row_concentrated,SYN0052,813,168,synthetic
row_concentrated,SYN0052,813,169,synthetic
row_concentrated,SYN0052,813,171,synthetic
row_concentrated,SYN0052,813,179,synthetic
row_concentrated,SYN0052,813,182,synthetic
row_concentrated,SYN0052,813,186,synthetic
row_concentrated,SYN0052,813,194,synthetic
row_concentrated,SYN0052,813,195,synthetic
row_concentrated,SYN0052,813,204,synthetic
row_concentrated,SYN0052,813,213,synthetic
row_concentrated,SYN0052,813,215,synthetic
row_concentrated,SYN0052,813,217,synthetic
row_concentrated,SYN0052,813,223,synthetic
row_concentrated,SYN0052,813,226,synthetic
row_concentrated,SYN0052,813,232,synthetic
row_concentrated,SYN0052,813,234,synthetic
row_concentrated,SYN0052,813,235,synthetic
row_concentrated,SYN0052,813,237,synthetic
row_concentrated,SYN0052,813,245,synthetic
row_concentrated,SYN0052,813,250,synthetic
row_concentrated,SYN0052,813,255,synthetic
row_concentrated,SYN0052,813,266,synthetic
row_concentrated,SYN0052,813,277,synthetic
row_concentrated,SYN0052,813,282,synthetic
row_concentrated,SYN0052,813,285,synthetic
row_concentrated,SYN0052,813,292,synthetic
row_concentrated,SYN0052,813,294,synthetic
row_concentrated,SYN0052,813,308,synthetic
row_concentrated,SYN0052,813,321,synthetic
row_concentrated,SYN0052,813,326,synthetic
row_concentrated,SYN0052,813,329,synthetic
row_concentrated,SYN0052,813,335,synthetic
row_concentrated,SYN0052,813,346,synthetic
row_concentrated,SYN0052,813,351,synthetic
row_concentrated,SYN0052,813,356,synthetic
row_concentrated,SYN0052,813,362,synthetic
row_concentrated,SYN0052,813,373,synthetic
row_concentrated,SYN0052,813,379,synthetic
row_concentrated,SYN0052,813,383,synthetic
row_concentrated,SYN0052,813,387,synthetic
row_concentrated,SYN0052,813,397,synthetic
row_concentrated,SYN0052,813,403,synthetic
row_concentrated,SYN0052,813,404,synthetic
row_concentrated,SYN0052,813,407,synthetic
row_concentrated,SYN0052,813,408,synthetic
row_concentrated,SYN0052,813,412,synthetic
row_concentrated,SYN0052,813,413,synthetic
row_concentrated,SYN0052,813,415,synthetic
row_concentrated,SYN0052,813,423,synthetic
row_concentrated,SYN0052,813,433,synthetic
row_concentrated,SYN0052,813,457,synthetic
row_concentrated,SYN0052,813,460,synthetic
row_concentrated,SYN0052,813,463,synthetic
row_concentrated,SYN0052,813,464,synthetic
row_concentrated,SYN0052,813,473,synthetic
row_concentrated,SYN0052,813,476,synthetic
row_concentrated,SYN0052,813,484,synthetic
row_concentrated,SYN0052,813,489,synthetic
row_concentrated,SYN0052,813,500,synthetic
row_concentrated,SYN0052,813,509,synthetic
row_concentrated,SYN0052,813,526,synthetic
row_concentrated,SYN0052,813,527,synthetic
row_concentrated,SYN0052,813,532,synthetic
row_concentrated,SYN0052,813,534,synthetic
row_concentrated,SYN0052,813,547,synthetic
row_concentrated,SYN0052,813,551,synthetic
row_concentrated,SYN0052,813,554,synthetic
row_concentrated,SYN0052,813,558,synthetic
row_concentrated,SYN0052,813,580,synthetic
row_concentrated,SYN0052,813,593,synthetic
row_concentrated,SYN0052,813,596,synthetic
row_concentrated,SYN0052,813,600,synthetic
row_concentrated,SYN0052,813,605,synthetic
row_concentrated,SYN0052,813,611,synthetic
row_concentrated,SYN0052,813,612,synthetic
row_concentrated,SYN0052,813,613,synthetic
row_concentrated,SYN0052,813,616,synthetic
row_concentrated,SYN0052,813,627,synthetic
row_concentrated,SYN0052,813,628,synthetic
row_concentrated,SYN0052,813,632,synthetic
row_concentrated,SYN0052,813,633,synthetic
row_concentrated,SYN0052,813,639,synthetic
row_concentrated,SYN0052,813,643,synthetic
row_concentrated,SYN0052,813,644,synthetic
row_concentrated,SYN0052,813,645,synthetic
row_concentrated,SYN0052,813,647,synthetic
row_concentrated,SYN0052,813,655,synthetic
row_concentrated,SYN0052,813,667,synthetic
row_concentrated,SYN0052,813,682,synthetic
row_concentrated,SYN0052,813,687,synthetic
row_concentrated,SYN0052,813,691,synthetic
row_concentrated,SYN0052,813,694,synthetic
row_concentrated,SYN0052,813,696,synthetic
row_concentrated,SYN0052,813,704,synthetic
row_concentrated,SYN0052,813,706,synthetic
row_concentrated,SYN0052,813,712,synthetic
row_concentrated,SYN0052,813,742,synthetic
row_concentrated,SYN0052,813,747,synthetic
row_concentrated,SYN0052,813,761,synthetic
row_concentrated,SYN0052,813,762,synthetic
row_concentrated,SYN0052,813,773,synthetic
row_concentrated,SYN0052,813,799,synthetic
row_concentrated,SYN0052,813,813,synthetic
row_concentrated,SYN0052,813,817,synthetic
row_concentrated,SYN0052,813,822,synthetic
row_concentrated,SYN0052,813,828,synthetic
row_concentrated,SYN0052,813,829,synthetic
row_concentrated,SYN0052,813,832,synthetic
row_concentrated,SYN0052,813,836,synthetic
row_concentrated,SYN0052,813,840,synthetic
row_concentrated,SYN0052,813,846,synthetic
row_concentrated,SYN0052,813,849,synthetic
row_concentrated,SYN0052,813,851,synthetic
row_concentrated,SYN0052,813,865,synthetic
row_concentrated,SYN0052,813,873,synthetic
row_concentrated,SYN0052,813,883,synthetic
row_concentrated,SYN0052,813,884,synthetic
row_concentrated,SYN0052,813,887,synthetic
row_concentrated,SYN0052,813,900,synthetic
row_concentrated,SYN0052,813,906,synthetic
row_concentrated,SYN0052,813,908,synthetic
row_concentrated,SYN0052,813,918,synthetic
row_concentrated,SYN0052,813,920,synthetic
row_concentrated,SYN0052,813,936,synthetic
row_concentrated,SYN0052,813,941,synthetic
row_concentrated,SYN0052,813,943,synthetic
row_concentrated,SYN0052,813,944,synthetic
row_concentrated,SYN0052,813,954,synthetic
row_concentrated,SYN0052,813,957,synthetic
row_concentrated,SYN0052,813,961,synthetic
row_concentrated,SYN0052,813,989,synthetic
row_concentrated,SYN0052,813,1016,synthetic
row_concentrated,SYN0053,182,1,synthetic
row_concentrated,SYN0053,182,2,synthetic
row_concentrated,SYN0053,182,4,synthetic
row_concentrated,SYN0053,182,5,synthetic
row_concentrated,SYN0053,182,9,synthetic
row_concentrated,SYN0053,182,27,synthetic
row_concentrated,SYN0053,182,44,synthetic
row_concentrated,SYN0053,182,49,synthetic
row_concentrated,SYN0053,182,56,synthetic
row_concentrated,SYN0053,182,62,synthetic
row_concentrated,SYN0053,182,68,synthetic
row_concentrated,SYN0053,182,69,synthetic
row_concentrated,SYN0053,182,76,synthetic
row_concentrated,SYN0053,182,83,synthetic
row_concentrated,SYN0053,182,88,synthetic
row_concentrated,SYN0053,182,89,synthetic
row_concentrated,SYN0053,182,92,synthetic
row_concentrated,SYN0053,182,122,synthetic
row_concentrated,SYN0053,182,123,synthetic
row_concentrated,SYN0053,182,127,synthetic
row_concentrated,SYN0053,182,131,synthetic
row_concentrated,SYN0053,182,136,synthetic
row_concentrated,SYN0053,182,139,synthetic
row_concentrated,SYN0053,182,141,synthetic
row_concentrated,SYN0053,182,150,synthetic
row_concentrated,SYN0053,182,156,synthetic
row_concentrated,SYN0053,182,162,synthetic
row_concentrated,SYN0053,182,163,synthetic
row_concentrated,SYN0053,182,164,synthetic
row_concentrated,SYN0053,182,166,synthetic
row_concentrated,SYN0053,182,174,synthetic
row_concentrated,SYN0053,182,185,synthetic
row_concentrated,SYN0053,182,194,synthetic
row_concentrated,SYN0053,182,206,synthetic
row_concentrated,SYN0053,182,208,synthetic
row_concentrated,SYN0053,182,211,synthetic
row_concentrated,SYN0053,182,212,synthetic
row_concentrated,SYN0053,182,215,synthetic
row_concentrated,SYN0053,182,216,synthetic
row_concentrated,SYN0053,182,240,synthetic
row_concentrated,SYN0053,182,252,synthetic
row_concentrated,SYN0053,182,253,synthetic
row_concentrated,SYN0053,182,269,synthetic
row_concentrated,SYN0053,182,272,synthetic
row_concentrated,SYN0053,182,286,synthetic
row_concentrated,SYN0053,182,306,synthetic
row_concentrated,SYN0053,182,321,synthetic
row_concentrated,SYN0053,182,325,synthetic
row_concentrated,SYN0053,182,336,synthetic
row_concentrated,SYN0053,182,352,synthetic
row_concentrated,SYN0053,182,379,synthetic
row_concentrated,SYN0053,182,390,synthetic
row_concentrated,SYN0053,182,396,synthetic
row_concentrated,SYN0053,182,407,synthetic
row_concentrated,SYN0053,182,410,synthetic
row_concentrated,SYN0053,182,412,synthetic
row_concentrated,SYN0053,182,415,synthetic
row_concentrated,SYN0053,182,434,synthetic
row_concentrated,SYN0053,182,464,synthetic
row_concentrated,SYN0053,182,465,synthetic
row_concentrated,SYN0053,182,478,synthetic
row_concentrated,SYN0053,182,480,synthetic
row_concentrated,SYN0053,182,485,synthetic
row_concentrated,SYN0053,182,491,synthetic
row_concentrated,SYN0053,182,496,synthetic
row_concentrated,SYN0053,182,516,synthetic
row_concentrated,SYN0053,182,529,synthetic
row_concentrated,SYN0053,182,536,synthetic
row_concentrated,SYN0053,182,539,synthetic
row_concentrated,SYN0053,182,542,synthetic
row_concentrated,SYN0053,182,547,synthetic
row_concentrated,SYN0053,182,574,synthetic
row_concentrated,SYN0053,182,580,synthetic
row_concentrated,SYN0053,182,586,synthetic
row_concentrated,SYN0053,182,598,synthetic
row_concentrated,SYN0053,182,607,synthetic
row_concentrated,SYN0053,182,615,synthetic
row_concentrated,SYN0053,182,619,synthetic
row_concentrated,SYN0053,182,630,synthetic
row_concentrated,SYN0053,182,657,synthetic
row_concentrated,SYN0053,182,664,synthetic
row_concentrated,SYN0053,182,675,synthetic
row_concentrated,SYN0053,182,713,synthetic
row_concentrated,SYN0053,182,719,synthetic
row_concentrated,SYN0053,182,723,synthetic
row_concentrated,SYN0053,182,752,synthetic
row_concentrated,SYN0053,182,760,synthetic
row_concentrated,SYN0053,182,769,synthetic
row_concentrated,SYN0053,182,773,synthetic
row_concentrated,SYN0053,182,782,synthetic
row_concentrated,SYN0053,182,790,synthetic
row_concentrated,SYN0053,182,800,synthetic
row_concentrated,SYN0053,182,814,synthetic
row_concentrated,SYN0053,182,819,synthetic
row_concentrated,SYN0053,182,820,synthetic
row_concentrated,SYN0053,182,823,synthetic
row_concentrated,SYN0053,182,839,synthetic
row_concentrated,SYN0053,182,843,synthetic
row_concentrated,SYN0053,182,870,synthetic
row_concentrated,SYN0053,182,877,synthetic
row_concentrated,SYN0053,182,878,synthetic
row_concentrated,SYN0053,182,899,synthetic
row_concentrated,SYN0053,182,926,synthetic
row_concentrated,SYN0053,182,934,synthetic
row_concentrated,SYN0053,182,941,synthetic
row_concentrated,SYN0053,182,948,synthetic
row_concentrated,SYN0053,182,951,synthetic
row_concentrated,SYN0053,182,955,synthetic
row_concentrated,SYN0053,182,974,synthetic
row_concentrated,SYN0053,182,978,synthetic
row_concentrated,SYN0053,182,982,synthetic
row_concentrated,SYN0053,182,1009,synthetic
row_concentrated,SYN0053,182,1017,synthetic
row_concentrated,SYN0054,555,11,synthetic
row_concentrated,SYN0054,555,14,synthetic
row_concentrated,SYN0054,555,15,synthetic
row_concentrated,SYN0054,555,23,synthetic
row_concentrated,SYN0054,555,28,synthetic
row_concentrated,SYN0054,555,36,synthetic
row_concentrated,SYN0054,555,72,synthetic
row_concentrated,SYN0054,555,79,synthetic
row_concentrated,SYN0054,555,81,synthetic
row_concentrated,SYN0054,555,90,synthetic
row_concentrated,SYN0054,555,95,synthetic
row_concentrated,SYN0054,555,97,synthetic
row_concentrated,SYN0054,555,110,synthetic
row_concentrated,SYN0054,555,112,synthetic
row_concentrated,SYN0054,555,116,synthetic
row_concentrated,SYN0054,555,118,synthetic
row_concentrated,SYN0054,555,122,synthetic
row_concentrated,SYN0054,555,128,synthetic
row_concentrated,SYN0054,555,138,synthetic
row_concentrated,SYN0054,555,142,synthetic
row_concentrated,SYN0054,555,144,synthetic
row_concentrated,SYN0054,555,147,synthetic
row_concentrated,SYN0054,555,149,synthetic
row_concentrated,SYN0054,555,152,synthetic
row_concentrated,SYN0054,555,154,synthetic
row_concentrated,SYN0054,555,164,synthetic
row_concentrated,SYN0054,555,169,synthetic
row_concentrated,SYN0054,555,180,synthetic
row_concentrated,SYN0054,555,194,synthetic
row_concentrated,SYN0054,555,196,synthetic
row_concentrated,SYN0054,555,197,synthetic
row_concentrated,SYN0054,555,199,synthetic
row_concentrated,SYN0054,555,210,synthetic
row_concentrated,SYN0054,555,213,synthetic
row_concentrated,SYN0054,555,215,synthetic
row_concentrated,SYN0054,555,219,synthetic
row_concentrated,SYN0054,555,220,synthetic
row_concentrated,SYN0054,555,224,synthetic
row_concentrated,SYN0054,555,232,synthetic
row_concentrated,SYN0054,555,234,synthetic
row_concentrated,SYN0054,555,236,synthetic
row_concentrated,SYN0054,555,241,synthetic
row_concentrated,SYN0054,555,252,synthetic
row_concentrated,SYN0054,555,260,synthetic
row_concentrated,SYN0054,555,264,synthetic
row_concentrated,SYN0054,555,266,synthetic
row_concentrated,SYN0054,555,271,synthetic
row_concentrated,SYN0054,555,294,synthetic
row_concentrated,SYN0054,555,300,synthetic
row_concentrated,SYN0054,555,315,synthetic
row_concentrated,SYN0054,555,326,synthetic
row_concentrated,SYN0054,555,331,synthetic
row_concentrated,SYN0054,555,333,synthetic
row_concentrated,SYN0054,555,337,synthetic
row_concentrated,SYN0054,555,343,synthetic
row_concentrated,SYN0054,555,350,synthetic
row_concentrated,SYN0054,555,352,synthetic
row_concentrated,SYN0054,555,353,synthetic
row_concentrated,SYN0054,555,354,synthetic
row_concentrated,SYN0054,555,376,synthetic
row_concentrated,SYN0054,555,396,synthetic
row_concentrated,SYN0054,555,398,synthetic
row_concentrated,SYN0054,555,407,synthetic
row_concentrated,SYN0054,555,419,synthetic
row_concentrated,SYN0054,555,434,synthetic
row_concentrated,SYN0054,555,447,synthetic
row_concentrated,SYN0054,555,456,synthetic
row_concentrated,SYN0054,555,458,synthetic
row_concentrated,SYN0054,555,463,synthetic
row_concentrated,SYN0054,555,467,synthetic
row_concentrated,SYN0054,555,469,synthetic
row_concentrated,SYN0054,555,471,synthetic
row_concentrated,SYN0054,555,474,synthetic
row_concentrated,SYN0054,555,478,synthetic
row_concentrated,SYN0054,555,489,synthetic
row_concentrated,SYN0054,555,492,synthetic
row_concentrated,SYN0054,555,508,synthetic
row_concentrated,SYN0054,555,512,synthetic
row_concentrated,SYN0054,555,532,synthetic
row_concentrated,SYN0054,555,534,synthetic
row_concentrated,SYN0054,555,560,synthetic
row_concentrated,SYN0054,555,562,synthetic
row_concentrated,SYN0054,555,564,synthetic
row_concentrated,SYN0054,555,575,synthetic
row_concentrated,SYN0054,555,585,synthetic
row_concentrated,SYN0054,555,595,synthetic
row_concentrated,SYN0054,555,600,synthetic
row_concentrated,SYN0054,555,603,synthetic
row_concentrated,SYN0054,555,610,synthetic
row_concentrated,SYN0054,555,613,synthetic
row_concentrated,SYN0054,555,618,synthetic
row_concentrated,SYN0054,555,620,synthetic
row_concentrated,SYN0054,555,622,synthetic
row_concentrated,SYN0054,555,624,synthetic
row_concentrated,SYN0054,555,626,synthetic
row_concentrated,SYN0054,555,633,synthetic
row_concentrated,SYN0054,555,637,synthetic
row_concentrated,SYN0054,555,640,synthetic
row_concentrated,SYN0054,555,650,synthetic
row_concentrated,SYN0054,555,653,synthetic
row_concentrated,SYN0054,555,695,synthetic
row_concentrated,SYN0054,555,699,synthetic
row_concentrated,SYN0054,555,702,synthetic
row_concentrated,SYN0054,555,729,synthetic
row_concentrated,SYN0054,555,739,synthetic
row_concentrated,SYN0054,555,744,synthetic
row_concentrated,SYN0054,555,747,synthetic
row_concentrated,SYN0054,555,754,synthetic
row_concentrated,SYN0054,555,755,synthetic
row_concentrated,SYN0054,555,779,synthetic
row_concentrated,SYN0054,555,786,synthetic
row_concentrated,SYN0054,555,801,synthetic
row_concentrated,SYN0054,555,802,synthetic
row_concentrated,SYN0054,555,809,synthetic
row_concentrated,SYN0054,555,811,synthetic
row_concentrated,SYN0054,555,817,synthetic
row_concentrated,SYN0054,555,827,synthetic
row_concentrated,SYN0054,555,840,synthetic
row_concentrated,SYN0054,555,847,synthetic
row_concentrated,SYN0054,555,857,synthetic
row_concentrated,SYN0054,555,872,synthetic
row_concentrated,SYN0054,555,873,synthetic
row_concentrated,SYN0054,555,887,synthetic
row_concentrated,SYN0054,555,896,synthetic
row_concentrated,SYN0054,555,900,synthetic
row_concentrated,SYN0054,555,903,synthetic
row_concentrated,SYN0054,555,910,synthetic
row_concentrated,SYN0054,555,922,synthetic
row_concentrated,SYN0054,555,931,synthetic
row_concentrated,SYN0054,555,937,synthetic
row_concentrated,SYN0054,555,942,synthetic
row_concentrated,SYN0054,555,946,synthetic
row_concentrated,SYN0054,555,955,synthetic
row_concentrated,SYN0054,555,963,synthetic
row_concentrated,SYN0054,555,964,synthetic
row_concentrated,SYN0054,555,965,synthetic
row_concentrated,SYN0054,555,974,synthetic
row_concentrated,SYN0054,555,997,synthetic
row_concentrated,SYN0054,555,1004,synthetic
row_concentrated,SYN0054,555,1016,synthetic
row_concentrated,SYN0054,555,1018,synthetic
row_concentrated,SYN0055,577,1,synthetic
row_concentrated,SYN0055,577,3,synthetic
row_concentrated,SYN0055,577,16,synthetic
row_concentrated,SYN0055,577,20,synthetic
row_concentrated,SYN0055,577,30,synthetic
row_concentrated,SYN0055,577,34,synthetic
row_concentrated,SYN0055,577,35,synthetic
row_concentrated,SYN0055,577,58,synthetic
row_concentrated,SYN0055,577,61,synthetic
row_concentrated,SYN0055,577,70,synthetic
row_concentrated,SYN0055,577,87,synthetic
row_concentrated,SYN0055,577,88,synthetic
row_concentrated,SYN0055,577,90,synthetic
row_concentrated,SYN0055,577,93,synthetic
row_concentrated,SYN0055,577,137,synthetic
row_concentrated,SYN0055,577,151,synthetic
row_concentrated,SYN0055,577,163,synthetic
row_concentrated,SYN0055,577,165,synthetic
row_concentrated,SYN0055,577,181,synthetic
row_concentrated,SYN0055,577,182,synthetic
row_concentrated,SYN0055,577,183,synthetic
row_concentrated,SYN0055,577,188,synthetic
row_concentrated,SYN0055,577,197,synthetic
row_concentrated,SYN0055,577,199,synthetic
row_concentrated,SYN0055,577,210,synthetic
row_concentrated,SYN0055,577,216,synthetic
row_concentrated,SYN0055,577,218,synthetic
row_concentrated,SYN0055,577,259,synthetic
row_concentrated,SYN0055,577,267,synthetic
row_concentrated,SYN0055,577,272,synthetic
row_concentrated,SYN0055,577,279,synthetic
row_concentrated,SYN0055,577,282,synthetic
row_concentrated,SYN0055,577,285,synthetic
row_concentrated,SYN0055,577,286,synthetic
row_concentrated,SYN0055,577,303,synthetic
row_concentrated,SYN0055,577,314,synthetic
row_concentrated,SYN0055,577,332,synthetic
row_concentrated,SYN0055,577,340,synthetic
row_concentrated,SYN0055,577,348,synthetic
row_concentrated,SYN0055,577,359,synthetic
row_concentrated,SYN0055,577,368,synthetic
row_concentrated,SYN0055,577,375,synthetic
row_concentrated,SYN0055,577,378,synthetic
row_concentrated,SYN0055,577,379,synthetic
row_concentrated,SYN0055,577,380,synthetic
row_concentrated,SYN0055,577,398,synthetic
row_concentrated,SYN0055,577,416,synthetic
row_concentrated,SYN0055,577,417,synthetic
row_concentrated,SYN0055,577,419,synthetic
row_concentrated,SYN0055,577,421,synthetic
row_concentrated,SYN0055,577,423,synthetic
row_concentrated,SYN0055,577,434,synthetic
row_concentrated,SYN0055,577,435,synthetic
row_concentrated,SYN0055,577,436,synthetic
row_concentrated,SYN0055,577,438,synthetic
row_concentrated,SYN0055,577,439,synthetic
row_concentrated,SYN0055,577,442,synthetic
row_concentrated,SYN0055,577,454,synthetic
row_concentrated,SYN0055,577,467,synthetic
row_concentrated,SYN0055,577,481,synthetic
row_concentrated,SYN0055,577,483,synthetic
row_concentrated,SYN0055,577,499,synthetic
row_concentrated,SYN0055,577,506,synthetic
row_concentrated,SYN0055,577,507,synthetic
row_concentrated,SYN0055,577,510,synthetic
row_concentrated,SYN0055,577,514,synthetic
row_concentrated,SYN0055,577,523,synthetic
row_concentrated,SYN0055,577,551,synthetic
row_concentrated,SYN0055,577,556,synthetic
row_concentrated,SYN0055,577,560,synthetic
row_concentrated,SYN0055,577,569,synthetic
row_concentrated,SYN0055,577,585,synthetic
row_concentrated,SYN0055,577,587,synthetic
row_concentrated,SYN0055,577,588,synthetic
row_concentrated,SYN0055,577,594,synthetic
row_concentrated,SYN0055,577,610,synthetic
row_concentrated,SYN0055,577,626,synthetic
row_concentrated,SYN0055,577,653,synthetic
row_concentrated,SYN0055,577,665,synthetic
row_concentrated,SYN0055,577,670,synthetic
row_concentrated,SYN0055,577,679,synthetic
row_concentrated,SYN0055,577,681,synthetic
row_concentrated,SYN0055,577,694,synthetic
row_concentrated,SYN0055,577,701,synthetic
row_concentrated,SYN0055,577,703,synthetic
row_concentrated,SYN0055,577,705,synthetic
row_concentrated,SYN0055,577,706,synthetic
row_concentrated,SYN0055,577,719,synthetic
row_concentrated,SYN0055,577,725,synthetic
row_concentrated,SYN0055,577,731,synthetic
row_concentrated,SYN0055,577,738,synthetic
row_concentrated,SYN0055,577,754,synthetic
row_concentrated,SYN0055,577,758,synthetic
row_concentrated,SYN0055,577,765,synthetic
row_concentrated,SYN0055,577,767,synthetic
row_concentrated,SYN0055,577,775,synthetic
row_concentrated,SYN0055,577,781,synthetic
row_concentrated,SYN0055,577,784,synthetic
row_concentrated,SYN0055,577,787,synthetic
row_concentrated,SYN0055,577,790,synthetic
row_concentrated,SYN0055,577,794,synthetic
row_concentrated,SYN0055,577,798,synthetic
row_concentrated,SYN0055,577,803,synthetic
row_concentrated,SYN0055,577,805,synthetic
row_concentrated,SYN0055,577,831,synthetic
row_concentrated,SYN0055,577,832,synthetic
row_concentrated,SYN0055,577,844,synthetic
row_concentrated,SYN0055,577,848,synthetic
row_concentrated,SYN0055,577,863,synthetic
row_concentrated,SYN0055,577,865,synthetic
row_concentrated,SYN0055,577,871,synthetic
row_concentrated,SYN0055,577,877,synthetic
row_concentrated,SYN0055,577,880,synthetic
row_concentrated,SYN0055,577,888,synthetic
row_concentrated,SYN0055,577,899,synthetic
row_concentrated,SYN0055,577,919,synthetic
row_concentrated,SYN0055,577,925,synthetic
row_concentrated,SYN0055,577,929,synthetic
row_concentrated,SYN0055,577,939,synthetic
row_concentrated,SYN0055,577,948,synthetic
row_concentrated,SYN0055,577,949,synthetic
row_concentrated,SYN0055,577,951,synthetic
row_concentrated,SYN0055,577,957,synthetic
row_concentrated,SYN0055,577,976,synthetic
row_concentrated,SYN0055,577,979,synthetic
row_concentrated,SYN0055,577,981,synthetic
row_concentrated,SYN0055,577,1006,synthetic
row_concentrated,SYN0055,577,1013,synthetic
column_concentrated,SYN0056,0,649,synthetic
column_concentrated,SYN0056,5,649,synthetic
column_concentrated,SYN0056,16,649,synthetic
column_concentrated,SYN0056,18,649,synthetic
column_concentrated,SYN0056,25,649,synthetic
column_concentrated,SYN0056,30,649,synthetic
column_concentrated,SYN0056,31,649,synthetic
column_concentrated,SYN0056,40,649,synthetic
column_concentrated,SYN0056,41,649,synthetic
column_concentrated,SYN0056,51,649,synthetic
column_concentrated,SYN0056,53,649,synthetic
column_concentrated,SYN0056,54,649,synthetic
column_concentrated,SYN0056,56,649,synthetic
column_concentrated,SYN0056,57,649,synthetic
column_concentrated,SYN0056,62,649,synthetic
column_concentrated,SYN0056,67,649,synthetic
column_concentrated,SYN0056,68,649,synthetic
column_concentrated,SYN0056,75,649,synthetic
column_concentrated,SYN0056,77,649,synthetic
column_concentrated,SYN0056,83,649,synthetic
column_concentrated,SYN0056,91,649,synthetic
column_concentrated,SYN0056,108,649,synthetic
column_concentrated,SYN0056,109,649,synthetic
column_concentrated,SYN0056,116,649,synthetic
column_concentrated,SYN0056,128,649,synthetic
column_concentrated,SYN0056,133,649,synthetic
column_concentrated,SYN0056,141,649,synthetic
column_concentrated,SYN0056,161,649,synthetic
column_concentrated,SYN0056,162,649,synthetic
column_concentrated,SYN0056,163,649,synthetic
column_concentrated,SYN0056,168,649,synthetic
column_concentrated,SYN0056,173,649,synthetic
column_concentrated,SYN0056,178,649,synthetic
column_concentrated,SYN0056,179,649,synthetic
column_concentrated,SYN0056,184,649,synthetic
column_concentrated,SYN0056,196,649,synthetic
column_concentrated,SYN0056,202,649,synthetic
column_concentrated,SYN0056,205,649,synthetic
column_concentrated,SYN0056,207,649,synthetic
column_concentrated,SYN0056,213,649,synthetic
column_concentrated,SYN0056,216,649,synthetic
column_concentrated,SYN0056,219,649,synthetic
column_concentrated,SYN0056,220,649,synthetic
column_concentrated,SYN0056,225,649,synthetic
column_concentrated,SYN0056,227,649,synthetic
column_concentrated,SYN0056,235,649,synthetic
column_concentrated,SYN0056,236,649,synthetic
column_concentrated,SYN0056,238,649,synthetic
column_concentrated,SYN0056,242,649,synthetic
column_concentrated,SYN0056,255,649,synthetic
column_concentrated,SYN0056,267,649,synthetic
column_concentrated,SYN0056,269,649,synthetic
column_concentrated,SYN0056,272,649,synthetic
column_concentrated,SYN0056,277,649,synthetic
column_concentrated,SYN0056,289,649,synthetic
column_concentrated,SYN0056,293,649,synthetic
column_concentrated,SYN0056,295,649,synthetic
column_concentrated,SYN0056,297,649,synthetic
column_concentrated,SYN0056,298,649,synthetic
column_concentrated,SYN0056,302,649,synthetic
column_concentrated,SYN0056,309,649,synthetic
column_concentrated,SYN0056,314,649,synthetic
column_concentrated,SYN0056,334,649,synthetic
column_concentrated,SYN0056,343,649,synthetic
column_concentrated,SYN0056,349,649,synthetic
column_concentrated,SYN0056,367,649,synthetic
column_concentrated,SYN0056,372,649,synthetic
column_concentrated,SYN0056,377,649,synthetic
column_concentrated,SYN0056,380,649,synthetic
column_concentrated,SYN0056,386,649,synthetic
column_concentrated,SYN0056,409,649,synthetic
column_concentrated,SYN0056,412,649,synthetic
column_concentrated,SYN0056,413,649,synthetic
column_concentrated,SYN0056,416,649,synthetic
column_concentrated,SYN0056,418,649,synthetic
column_concentrated,SYN0056,419,649,synthetic
column_concentrated,SYN0056,430,649,synthetic
column_concentrated,SYN0056,433,649,synthetic
column_concentrated,SYN0056,442,649,synthetic
column_concentrated,SYN0056,451,649,synthetic
column_concentrated,SYN0056,454,649,synthetic
column_concentrated,SYN0056,459,649,synthetic
column_concentrated,SYN0056,473,649,synthetic
column_concentrated,SYN0056,474,649,synthetic
column_concentrated,SYN0056,476,649,synthetic
column_concentrated,SYN0056,483,649,synthetic
column_concentrated,SYN0056,484,649,synthetic
column_concentrated,SYN0056,485,649,synthetic
column_concentrated,SYN0056,488,649,synthetic
column_concentrated,SYN0056,500,649,synthetic
column_concentrated,SYN0056,509,649,synthetic
column_concentrated,SYN0056,518,649,synthetic
column_concentrated,SYN0056,519,649,synthetic
column_concentrated,SYN0056,520,649,synthetic
column_concentrated,SYN0056,527,649,synthetic
column_concentrated,SYN0056,533,649,synthetic
column_concentrated,SYN0056,537,649,synthetic
column_concentrated,SYN0056,539,649,synthetic
column_concentrated,SYN0056,554,649,synthetic
column_concentrated,SYN0056,555,649,synthetic
column_concentrated,SYN0056,561,649,synthetic
column_concentrated,SYN0056,562,649,synthetic
column_concentrated,SYN0056,577,649,synthetic
column_concentrated,SYN0056,580,649,synthetic
column_concentrated,SYN0056,591,649,synthetic
column_concentrated,SYN0056,599,649,synthetic
column_concentrated,SYN0056,601,649,synthetic
column_concentrated,SYN0056,604,649,synthetic
column_concentrated,SYN0056,611,649,synthetic
column_concentrated,SYN0056,614,649,synthetic
column_concentrated,SYN0056,622,649,synthetic
column_concentrated,SYN0056,623,649,synthetic
column_concentrated,SYN0056,628,649,synthetic
column_concentrated,SYN0056,631,649,synthetic
column_concentrated,SYN0056,638,649,synthetic
column_concentrated,SYN0056,646,649,synthetic
column_concentrated,SYN0056,653,649,synthetic
column_concentrated,SYN0056,658,649,synthetic
column_concentrated,SYN0056,664,649,synthetic
column_concentrated,SYN0056,678,649,synthetic
column_concentrated,SYN0056,679,649,synthetic
column_concentrated,SYN0056,680,649,synthetic
column_concentrated,SYN0056,684,649,synthetic
column_concentrated,SYN0056,687,649,synthetic
column_concentrated,SYN0056,693,649,synthetic
column_concentrated,SYN0056,696,649,synthetic
column_concentrated,SYN0056,700,649,synthetic
column_concentrated,SYN0056,706,649,synthetic
column_concentrated,SYN0056,707,649,synthetic
column_concentrated,SYN0056,715,649,synthetic
column_concentrated,SYN0056,719,649,synthetic
column_concentrated,SYN0056,725,649,synthetic
column_concentrated,SYN0056,731,649,synthetic
column_concentrated,SYN0056,748,649,synthetic
column_concentrated,SYN0056,749,649,synthetic
column_concentrated,SYN0056,751,649,synthetic
column_concentrated,SYN0056,757,649,synthetic
column_concentrated,SYN0056,759,649,synthetic
column_concentrated,SYN0056,761,649,synthetic
column_concentrated,SYN0056,764,649,synthetic
column_concentrated,SYN0056,770,649,synthetic
column_concentrated,SYN0056,775,649,synthetic
column_concentrated,SYN0056,787,649,synthetic
column_concentrated,SYN0056,789,649,synthetic
column_concentrated,SYN0056,806,649,synthetic
column_concentrated,SYN0056,813,649,synthetic
column_concentrated,SYN0056,817,649,synthetic
column_concentrated,SYN0056,826,649,synthetic
column_concentrated,SYN0056,829,649,synthetic
column_concentrated,SYN0056,832,649,synthetic
column_concentrated,SYN0056,835,649,synthetic
column_concentrated,SYN0056,836,649,synthetic
column_concentrated,SYN0056,838,649,synthetic
column_concentrated,SYN0056,845,649,synthetic
column_concentrated,SYN0056,854,649,synthetic
column_concentrated,SYN0056,858,649,synthetic
column_concentrated,SYN0056,860,649,synthetic
column_concentrated,SYN0056,866,649,synthetic
column_concentrated,SYN0056,876,649,synthetic
column_concentrated,SYN0056,883,649,synthetic
column_concentrated,SYN0056,887,649,synthetic
column_concentrated,SYN0056,891,649,synthetic
column_concentrated,SYN0056,892,649,synthetic
column_concentrated,SYN0056,896,649,synthetic
column_concentrated,SYN0056,922,649,synthetic
column_concentrated,SYN0056,926,649,synthetic
column_concentrated,SYN0056,929,649,synthetic
column_concentrated,SYN0056,933,649,synthetic
column_concentrated,SYN0056,938,649,synthetic
column_concentrated,SYN0056,940,649,synthetic
column_concentrated,SYN0056,952,649,synthetic
column_concentrated,SYN0056,953,649,synthetic
column_concentrated,SYN0056,956,649,synthetic
column_concentrated,SYN0056,963,649,synthetic
column_concentrated,SYN0056,964,649,synthetic
column_concentrated,SYN0056,967,649,synthetic
column_concentrated,SYN0056,968,649,synthetic
column_concentrated,SYN0056,969,649,synthetic
column_concentrated,SYN0056,971,649,synthetic
column_concentrated,SYN0056,973,649,synthetic
column_concentrated,SYN0056,979,649,synthetic
column_concentrated,SYN0056,981,649,synthetic
column_concentrated,SYN0056,983,649,synthetic
column_concentrated,SYN0056,984,649,synthetic
column_concentrated,SYN0056,989,649,synthetic
column_concentrated,SYN0056,991,649,synthetic
column_concentrated,SYN0056,992,649,synthetic
column_concentrated,SYN0056,1003,649,synthetic
column_concentrated,SYN0056,1007,649,synthetic
column_concentrated,SYN0056,1009,649,synthetic
column_concentrated,SYN0056,1010,649,synthetic
column_concentrated,SYN0056,1017,649,synthetic
column_concentrated,SYN0057,1,39,synthetic
column_concentrated,SYN0057,8,39,synthetic
column_concentrated,SYN0057,9,39,synthetic
column_concentrated,SYN0057,14,39,synthetic
column_concentrated,SYN0057,26,39,synthetic
column_concentrated,SYN0057,29,39,synthetic
column_concentrated,SYN0057,30,39,synthetic
column_concentrated,SYN0057,42,39,synthetic
column_concentrated,SYN0057,48,39,synthetic
column_concentrated,SYN0057,51,39,synthetic
column_concentrated,SYN0057,60,39,synthetic
column_concentrated,SYN0057,69,39,synthetic
column_concentrated,SYN0057,73,39,synthetic
column_concentrated,SYN0057,76,39,synthetic
column_concentrated,SYN0057,81,39,synthetic
column_concentrated,SYN0057,93,39,synthetic
column_concentrated,SYN0057,95,39,synthetic
column_concentrated,SYN0057,109,39,synthetic
column_concentrated,SYN0057,120,39,synthetic
column_concentrated,SYN0057,125,39,synthetic
column_concentrated,SYN0057,126,39,synthetic
column_concentrated,SYN0057,127,39,synthetic
column_concentrated,SYN0057,128,39,synthetic
column_concentrated,SYN0057,133,39,synthetic
column_concentrated,SYN0057,137,39,synthetic
column_concentrated,SYN0057,138,39,synthetic
column_concentrated,SYN0057,142,39,synthetic
column_concentrated,SYN0057,145,39,synthetic
column_concentrated,SYN0057,150,39,synthetic
column_concentrated,SYN0057,160,39,synthetic
column_concentrated,SYN0057,163,39,synthetic
column_concentrated,SYN0057,177,39,synthetic
column_concentrated,SYN0057,180,39,synthetic
column_concentrated,SYN0057,182,39,synthetic
column_concentrated,SYN0057,183,39,synthetic
column_concentrated,SYN0057,201,39,synthetic
column_concentrated,SYN0057,205,39,synthetic
column_concentrated,SYN0057,211,39,synthetic
column_concentrated,SYN0057,214,39,synthetic
column_concentrated,SYN0057,217,39,synthetic
column_concentrated,SYN0057,219,39,synthetic
column_concentrated,SYN0057,234,39,synthetic
column_concentrated,SYN0057,255,39,synthetic
column_concentrated,SYN0057,257,39,synthetic
column_concentrated,SYN0057,266,39,synthetic
column_concentrated,SYN0057,272,39,synthetic
column_concentrated,SYN0057,283,39,synthetic
column_concentrated,SYN0057,290,39,synthetic
column_concentrated,SYN0057,296,39,synthetic
column_concentrated,SYN0057,297,39,synthetic
column_concentrated,SYN0057,302,39,synthetic
column_concentrated,SYN0057,303,39,synthetic
column_concentrated,SYN0057,305,39,synthetic
column_concentrated,SYN0057,306,39,synthetic
column_concentrated,SYN0057,308,39,synthetic
column_concentrated,SYN0057,318,39,synthetic
column_concentrated,SYN0057,322,39,synthetic
column_concentrated,SYN0057,324,39,synthetic
column_concentrated,SYN0057,326,39,synthetic
column_concentrated,SYN0057,327,39,synthetic
column_concentrated,SYN0057,330,39,synthetic
column_concentrated,SYN0057,333,39,synthetic
column_concentrated,SYN0057,337,39,synthetic
column_concentrated,SYN0057,339,39,synthetic
column_concentrated,SYN0057,342,39,synthetic
column_concentrated,SYN0057,352,39,synthetic
column_concentrated,SYN0057,357,39,synthetic
column_concentrated,SYN0057,359,39,synthetic
column_concentrated,SYN0057,364,39,synthetic
column_concentrated,SYN0057,368,39,synthetic
column_concentrated,SYN0057,380,39,synthetic
column_concentrated,SYN0057,381,39,synthetic
column_concentrated,SYN0057,383,39,synthetic
column_concentrated,SYN0057,388,39,synthetic
column_concentrated,SYN0057,393,39,synthetic
column_concentrated,SYN0057,394,39,synthetic
column_concentrated,SYN0057,399,39,synthetic
column_concentrated,SYN0057,404,39,synthetic
column_concentrated,SYN0057,417,39,synthetic
column_concentrated,SYN0057,419,39,synthetic
column_concentrated,SYN0057,424,39,synthetic
column_concentrated,SYN0057,431,39,synthetic
column_concentrated,SYN0057,432,39,synthetic
column_concentrated,SYN0057,434,39,synthetic
column_concentrated,SYN0057,435,39,synthetic
column_concentrated,SYN0057,442,39,synthetic
column_concentrated,SYN0057,447,39,synthetic
column_concentrated,SYN0057,451,39,synthetic
column_concentrated,SYN0057,454,39,synthetic
column_concentrated,SYN0057,460,39,synthetic
column_concentrated,SYN0057,469,39,synthetic
column_concentrated,SYN0057,479,39,synthetic
column_concentrated,SYN0057,490,39,synthetic
column_concentrated,SYN0057,497,39,synthetic
column_concentrated,SYN0057,498,39,synthetic
column_concentrated,SYN0057,501,39,synthetic
column_concentrated,SYN0057,502,39,synthetic
column_concentrated,SYN0057,503,39,synthetic
column_concentrated,SYN0057,507,39,synthetic
column_concentrated,SYN0057,518,39,synthetic
column_concentrated,SYN0057,530,39,synthetic
column_concentrated,SYN0057,540,39,synthetic
column_concentrated,SYN0057,546,39,synthetic
column_concentrated,SYN0057,554,39,synthetic
column_concentrated,SYN0057,557,39,synthetic
column_concentrated,SYN0057,559,39,synthetic
column_concentrated,SYN0057,563,39,synthetic
column_concentrated,SYN0057,571,39,synthetic
column_concentrated,SYN0057,572,39,synthetic
column_concentrated,SYN0057,575,39,synthetic
column_concentrated,SYN0057,576,39,synthetic
column_concentrated,SYN0057,587,39,synthetic
column_concentrated,SYN0057,593,39,synthetic
column_concentrated,SYN0057,594,39,synthetic
column_concentrated,SYN0057,595,39,synthetic
column_concentrated,SYN0057,597,39,synthetic
column_concentrated,SYN0057,605,39,synthetic
column_concentrated,SYN0057,608,39,synthetic
column_concentrated,SYN0057,610,39,synthetic
column_concentrated,SYN0057,613,39,synthetic
column_concentrated,SYN0057,621,39,synthetic
column_concentrated,SYN0057,622,39,synthetic
column_concentrated,SYN0057,624,39,synthetic
column_concentrated,SYN0057,627,39,synthetic
column_concentrated,SYN0057,640,39,synthetic
column_concentrated,SYN0057,650,39,synthetic
column_concentrated,SYN0057,654,39,synthetic
column_concentrated,SYN0057,655,39,synthetic
column_concentrated,SYN0057,657,39,synthetic
column_concentrated,SYN0057,661,39,synthetic
column_concentrated,SYN0057,663,39,synthetic
column_concentrated,SYN0057,675,39,synthetic
column_concentrated,SYN0057,677,39,synthetic
column_concentrated,SYN0057,684,39,synthetic
column_concentrated,SYN0057,703,39,synthetic
column_concentrated,SYN0057,713,39,synthetic
column_concentrated,SYN0057,716,39,synthetic
column_concentrated,SYN0057,721,39,synthetic
column_concentrated,SYN0057,726,39,synthetic
column_concentrated,SYN0057,731,39,synthetic
column_concentrated,SYN0057,735,39,synthetic
column_concentrated,SYN0057,736,39,synthetic
column_concentrated,SYN0057,746,39,synthetic
column_concentrated,SYN0057,750,39,synthetic
column_concentrated,SYN0057,758,39,synthetic
column_concentrated,SYN0057,759,39,synthetic
column_concentrated,SYN0057,767,39,synthetic
column_concentrated,SYN0057,778,39,synthetic
column_concentrated,SYN0057,780,39,synthetic
column_concentrated,SYN0057,788,39,synthetic
column_concentrated,SYN0057,796,39,synthetic
column_concentrated,SYN0057,799,39,synthetic
column_concentrated,SYN0057,806,39,synthetic
column_concentrated,SYN0057,810,39,synthetic
column_concentrated,SYN0057,822,39,synthetic
column_concentrated,SYN0057,826,39,synthetic
column_concentrated,SYN0057,830,39,synthetic
column_concentrated,SYN0057,834,39,synthetic
column_concentrated,SYN0057,846,39,synthetic
column_concentrated,SYN0057,847,39,synthetic
column_concentrated,SYN0057,848,39,synthetic
column_concentrated,SYN0057,855,39,synthetic
column_concentrated,SYN0057,860,39,synthetic
column_concentrated,SYN0057,871,39,synthetic
column_concentrated,SYN0057,874,39,synthetic
column_concentrated,SYN0057,891,39,synthetic
column_concentrated,SYN0057,899,39,synthetic
column_concentrated,SYN0057,901,39,synthetic
column_concentrated,SYN0057,919,39,synthetic
column_concentrated,SYN0057,921,39,synthetic
column_concentrated,SYN0057,922,39,synthetic
column_concentrated,SYN0057,925,39,synthetic
column_concentrated,SYN0057,952,39,synthetic
column_concentrated,SYN0057,954,39,synthetic
column_concentrated,SYN0057,955,39,synthetic
column_concentrated,SYN0057,962,39,synthetic
column_concentrated,SYN0057,969,39,synthetic
column_concentrated,SYN0057,971,39,synthetic
column_concentrated,SYN0057,974,39,synthetic
column_concentrated,SYN0057,976,39,synthetic
column_concentrated,SYN0057,978,39,synthetic
column_concentrated,SYN0057,979,39,synthetic
column_concentrated,SYN0057,1000,39,synthetic
column_concentrated,SYN0058,2,477,synthetic
column_concentrated,SYN0058,12,477,synthetic
column_concentrated,SYN0058,16,477,synthetic
column_concentrated,SYN0058,20,477,synthetic
column_concentrated,SYN0058,24,477,synthetic
column_concentrated,SYN0058,25,477,synthetic
column_concentrated,SYN0058,26,477,synthetic
column_concentrated,SYN0058,27,477,synthetic
column_concentrated,SYN0058,38,477,synthetic
column_concentrated,SYN0058,41,477,synthetic
column_concentrated,SYN0058,43,477,synthetic
column_concentrated,SYN0058,50,477,synthetic
column_concentrated,SYN0058,58,477,synthetic
column_concentrated,SYN0058,59,477,synthetic
column_concentrated,SYN0058,64,477,synthetic
column_concentrated,SYN0058,70,477,synthetic
column_concentrated,SYN0058,75,477,synthetic
column_concentrated,SYN0058,79,477,synthetic
column_concentrated,SYN0058,83,477,synthetic
column_concentrated,SYN0058,84,477,synthetic
column_concentrated,SYN0058,86,477,synthetic
column_concentrated,SYN0058,87,477,synthetic
column_concentrated,SYN0058,101,477,synthetic
column_concentrated,SYN0058,109,477,synthetic
column_concentrated,SYN0058,112,477,synthetic
column_concentrated,SYN0058,117,477,synthetic
column_concentrated,SYN0058,119,477,synthetic
column_concentrated,SYN0058,131,477,synthetic
column_concentrated,SYN0058,132,477,synthetic
column_concentrated,SYN0058,136,477,synthetic
column_concentrated,SYN0058,146,477,synthetic
column_concentrated,SYN0058,180,477,synthetic
column_concentrated,SYN0058,187,477,synthetic
column_concentrated,SYN0058,188,477,synthetic
column_concentrated,SYN0058,190,477,synthetic
column_concentrated,SYN0058,195,477,synthetic
column_concentrated,SYN0058,199,477,synthetic
column_concentrated,SYN0058,203,477,synthetic
column_concentrated,SYN0058,204,477,synthetic
column_concentrated,SYN0058,209,477,synthetic
column_concentrated,SYN0058,216,477,synthetic
column_concentrated,SYN0058,218,477,synthetic
column_concentrated,SYN0058,220,477,synthetic
column_concentrated,SYN0058,234,477,synthetic
column_concentrated,SYN0058,242,477,synthetic
column_concentrated,SYN0058,247,477,synthetic
column_concentrated,SYN0058,254,477,synthetic
column_concentrated,SYN0058,259,477,synthetic
column_concentrated,SYN0058,260,477,synthetic
column_concentrated,SYN0058,268,477,synthetic
column_concentrated,SYN0058,273,477,synthetic
column_concentrated,SYN0058,287,477,synthetic
column_concentrated,SYN0058,289,477,synthetic
column_concentrated,SYN0058,293,477,synthetic
column_concentrated,SYN0058,294,477,synthetic
column_concentrated,SYN0058,301,477,synthetic
column_concentrated,SYN0058,317,477,synthetic
column_concentrated,SYN0058,318,477,synthetic
column_concentrated,SYN0058,322,477,synthetic
column_concentrated,SYN0058,325,477,synthetic
column_concentrated,SYN0058,326,477,synthetic
column_concentrated,SYN0058,327,477,synthetic
column_concentrated,SYN0058,333,477,synthetic
column_concentrated,SYN0058,335,477,synthetic
column_concentrated,SYN0058,336,477,synthetic
column_concentrated,SYN0058,337,477,synthetic
column_concentrated,SYN0058,347,477,synthetic
column_concentrated,SYN0058,355,477,synthetic
column_concentrated,SYN0058,357,477,synthetic
column_concentrated,SYN0058,363,477,synthetic
column_concentrated,SYN0058,367,477,synthetic
column_concentrated,SYN0058,368,477,synthetic
column_concentrated,SYN0058,369,477,synthetic
column_concentrated,SYN0058,394,477,synthetic
column_concentrated,SYN0058,400,477,synthetic
column_concentrated,SYN0058,404,477,synthetic
column_concentrated,SYN0058,413,477,synthetic
column_concentrated,SYN0058,417,477,synthetic
column_concentrated,SYN0058,419,477,synthetic
column_concentrated,SYN0058,427,477,synthetic
column_concentrated,SYN0058,428,477,synthetic
column_concentrated,SYN0058,432,477,synthetic
column_concentrated,SYN0058,450,477,synthetic
column_concentrated,SYN0058,459,477,synthetic
column_concentrated,SYN0058,468,477,synthetic
column_concentrated,SYN0058,474,477,synthetic
column_concentrated,SYN0058,481,477,synthetic
column_concentrated,SYN0058,482,477,synthetic
column_concentrated,SYN0058,492,477,synthetic
column_concentrated,SYN0058,509,477,synthetic
column_concentrated,SYN0058,512,477,synthetic
column_concentrated,SYN0058,515,477,synthetic
column_concentrated,SYN0058,516,477,synthetic
column_concentrated,SYN0058,524,477,synthetic
column_concentrated,SYN0058,537,477,synthetic
column_concentrated,SYN0058,539,477,synthetic
column_concentrated,SYN0058,549,477,synthetic
column_concentrated,SYN0058,560,477,synthetic
column_concentrated,SYN0058,564,477,synthetic
column_concentrated,SYN0058,577,477,synthetic
column_concentrated,SYN0058,579,477,synthetic
column_concentrated,SYN0058,581,477,synthetic
column_concentrated,SYN0058,586,477,synthetic
column_concentrated,SYN0058,593,477,synthetic
column_concentrated,SYN0058,594,477,synthetic
column_concentrated,SYN0058,601,477,synthetic
column_concentrated,SYN0058,602,477,synthetic
column_concentrated,SYN0058,614,477,synthetic
column_concentrated,SYN0058,620,477,synthetic
column_concentrated,SYN0058,635,477,synthetic
column_concentrated,SYN0058,637,477,synthetic
column_concentrated,SYN0058,658,477,synthetic
column_concentrated,SYN0058,662,477,synthetic
column_concentrated,SYN0058,675,477,synthetic
column_concentrated,SYN0058,682,477,synthetic
column_concentrated,SYN0058,684,477,synthetic
column_concentrated,SYN0058,688,477,synthetic
column_concentrated,SYN0058,689,477,synthetic
column_concentrated,SYN0058,694,477,synthetic
column_concentrated,SYN0058,697,477,synthetic
column_concentrated,SYN0058,699,477,synthetic
column_concentrated,SYN0058,700,477,synthetic
column_concentrated,SYN0058,705,477,synthetic
column_concentrated,SYN0058,706,477,synthetic
column_concentrated,SYN0058,708,477,synthetic
column_concentrated,SYN0058,720,477,synthetic
column_concentrated,SYN0058,725,477,synthetic
column_concentrated,SYN0058,726,477,synthetic
column_concentrated,SYN0058,733,477,synthetic
column_concentrated,SYN0058,744,477,synthetic
column_concentrated,SYN0058,746,477,synthetic
column_concentrated,SYN0058,747,477,synthetic
column_concentrated,SYN0058,748,477,synthetic
column_concentrated,SYN0058,753,477,synthetic
column_concentrated,SYN0058,756,477,synthetic
column_concentrated,SYN0058,761,477,synthetic
column_concentrated,SYN0058,765,477,synthetic
column_concentrated,SYN0058,772,477,synthetic
column_concentrated,SYN0058,773,477,synthetic
column_concentrated,SYN0058,776,477,synthetic
column_concentrated,SYN0058,784,477,synthetic
column_concentrated,SYN0058,785,477,synthetic
column_concentrated,SYN0058,787,477,synthetic
column_concentrated,SYN0058,801,477,synthetic
column_concentrated,SYN0058,802,477,synthetic
column_concentrated,SYN0058,803,477,synthetic
column_concentrated,SYN0058,807,477,synthetic
column_concentrated,SYN0058,817,477,synthetic
column_concentrated,SYN0058,820,477,synthetic
column_concentrated,SYN0058,828,477,synthetic
column_concentrated,SYN0058,834,477,synthetic
column_concentrated,SYN0058,840,477,synthetic
column_concentrated,SYN0058,841,477,synthetic
column_concentrated,SYN0058,848,477,synthetic
column_concentrated,SYN0058,849,477,synthetic
column_concentrated,SYN0058,858,477,synthetic
column_concentrated,SYN0058,860,477,synthetic
column_concentrated,SYN0058,863,477,synthetic
column_concentrated,SYN0058,875,477,synthetic
column_concentrated,SYN0058,883,477,synthetic
column_concentrated,SYN0058,899,477,synthetic
column_concentrated,SYN0058,904,477,synthetic
column_concentrated,SYN0058,905,477,synthetic
column_concentrated,SYN0058,908,477,synthetic
column_concentrated,SYN0058,911,477,synthetic
column_concentrated,SYN0058,916,477,synthetic
column_concentrated,SYN0058,926,477,synthetic
column_concentrated,SYN0058,933,477,synthetic
column_concentrated,SYN0058,942,477,synthetic
column_concentrated,SYN0058,946,477,synthetic
column_concentrated,SYN0058,948,477,synthetic
column_concentrated,SYN0058,949,477,synthetic
column_concentrated,SYN0058,952,477,synthetic
column_concentrated,SYN0058,955,477,synthetic
column_concentrated,SYN0058,959,477,synthetic
column_concentrated,SYN0058,962,477,synthetic
column_concentrated,SYN0058,963,477,synthetic
column_concentrated,SYN0058,974,477,synthetic
column_concentrated,SYN0058,976,477,synthetic
column_concentrated,SYN0058,981,477,synthetic
column_concentrated,SYN0058,986,477,synthetic
column_concentrated,SYN0058,988,477,synthetic
column_concentrated,SYN0058,989,477,synthetic
column_concentrated,SYN0058,992,477,synthetic
column_concentrated,SYN0058,993,477,synthetic
column_concentrated,SYN0058,1005,477,synthetic
column_concentrated,SYN0058,1012,477,synthetic
column_concentrated,SYN0058,1014,477,synthetic
column_concentrated,SYN0058,1021,477,synthetic
column_concentrated,SYN0058,1022,477,synthetic
column_concentrated,SYN0059,1,478,synthetic
column_concentrated,SYN0059,16,478,synthetic
column_concentrated,SYN0059,22,478,synthetic
column_concentrated,SYN0059,30,478,synthetic
column_concentrated,SYN0059,40,478,synthetic
column_concentrated,SYN0059,48,478,synthetic
column_concentrated,SYN0059,55,478,synthetic
column_concentrated,SYN0059,60,478,synthetic
column_concentrated,SYN0059,65,478,synthetic
column_concentrated,SYN0059,66,478,synthetic
column_concentrated,SYN0059,70,478,synthetic
column_concentrated,SYN0059,72,478,synthetic
column_concentrated,SYN0059,95,478,synthetic
column_concentrated,SYN0059,106,478,synthetic
column_concentrated,SYN0059,111,478,synthetic
column_concentrated,SYN0059,120,478,synthetic
column_concentrated,SYN0059,123,478,synthetic
column_concentrated,SYN0059,124,478,synthetic
column_concentrated,SYN0059,139,478,synthetic
column_concentrated,SYN0059,144,478,synthetic
column_concentrated,SYN0059,145,478,synthetic
column_concentrated,SYN0059,146,478,synthetic
column_concentrated,SYN0059,149,478,synthetic
column_concentrated,SYN0059,151,478,synthetic
column_concentrated,SYN0059,152,478,synthetic
column_concentrated,SYN0059,153,478,synthetic
column_concentrated,SYN0059,170,478,synthetic
column_concentrated,SYN0059,175,478,synthetic
column_concentrated,SYN0059,177,478,synthetic
column_concentrated,SYN0059,193,478,synthetic
column_concentrated,SYN0059,211,478,synthetic
column_concentrated,SYN0059,216,478,synthetic
column_concentrated,SYN0059,223,478,synthetic
column_concentrated,SYN0059,235,478,synthetic
column_concentrated,SYN0059,240,478,synthetic
column_concentrated,SYN0059,245,478,synthetic
column_concentrated,SYN0059,247,478,synthetic
column_concentrated,SYN0059,258,478,synthetic
column_concentrated,SYN0059,264,478,synthetic
column_concentrated,SYN0059,274,478,synthetic
column_concentrated,SYN0059,281,478,synthetic
column_concentrated,SYN0059,283,478,synthetic
column_concentrated,SYN0059,284,478,synthetic
column_concentrated,SYN0059,285,478,synthetic
column_concentrated,SYN0059,292,478,synthetic
column_concentrated,SYN0059,306,478,synthetic
column_concentrated,SYN0059,319,478,synthetic
column_concentrated,SYN0059,325,478,synthetic
column_concentrated,SYN0059,337,478,synthetic
column_concentrated,SYN0059,357,478,synthetic
column_concentrated,SYN0059,359,478,synthetic
column_concentrated,SYN0059,360,478,synthetic
column_concentrated,SYN0059,361,478,synthetic
column_concentrated,SYN0059,391,478,synthetic
column_concentrated,SYN0059,403,478,synthetic
column_concentrated,SYN0059,404,478,synthetic
column_concentrated,SYN0059,405,478,synthetic
column_concentrated,SYN0059,411,478,synthetic
column_concentrated,SYN0059,417,478,synthetic
column_concentrated,SYN0059,426,478,synthetic
column_concentrated,SYN0059,431,478,synthetic
column_concentrated,SYN0059,435,478,synthetic
column_concentrated,SYN0059,436,478,synthetic
column_concentrated,SYN0059,445,478,synthetic
column_concentrated,SYN0059,451,478,synthetic
column_concentrated,SYN0059,462,478,synthetic
column_concentrated,SYN0059,475,478,synthetic
column_concentrated,SYN0059,478,478,synthetic
column_concentrated,SYN0059,484,478,synthetic
column_concentrated,SYN0059,487,478,synthetic
column_concentrated,SYN0059,511,478,synthetic
column_concentrated,SYN0059,513,478,synthetic
column_concentrated,SYN0059,519,478,synthetic
column_concentrated,SYN0059,528,478,synthetic
column_concentrated,SYN0059,533,478,synthetic
column_concentrated,SYN0059,548,478,synthetic
column_concentrated,SYN0059,550,478,synthetic
column_concentrated,SYN0059,559,478,synthetic
column_concentrated,SYN0059,561,478,synthetic
column_concentrated,SYN0059,568,478,synthetic
column_concentrated,SYN0059,572,478,synthetic
column_concentrated,SYN0059,574,478,synthetic
column_concentrated,SYN0059,581,478,synthetic
column_concentrated,SYN0059,600,478,synthetic
column_concentrated,SYN0059,621,478,synthetic
column_concentrated,SYN0059,636,478,synthetic
column_concentrated,SYN0059,640,478,synthetic
column_concentrated,SYN0059,653,478,synthetic
column_concentrated,SYN0059,658,478,synthetic
column_concentrated,SYN0059,675,478,synthetic
column_concentrated,SYN0059,679,478,synthetic
column_concentrated,SYN0059,698,478,synthetic
column_concentrated,SYN0059,704,478,synthetic
column_concentrated,SYN0059,711,478,synthetic
column_concentrated,SYN0059,717,478,synthetic
column_concentrated,SYN0059,718,478,synthetic
column_concentrated,SYN0059,726,478,synthetic
column_concentrated,SYN0059,741,478,synthetic
column_concentrated,SYN0059,754,478,synthetic
column_concentrated,SYN0059,761,478,synthetic
column_concentrated,SYN0059,770,478,synthetic
column_concentrated,SYN0059,772,478,synthetic
column_concentrated,SYN0059,773,478,synthetic
column_concentrated,SYN0059,779,478,synthetic
column_concentrated,SYN0059,804,478,synthetic
column_concentrated,SYN0059,808,478,synthetic
column_concentrated,SYN0059,809,478,synthetic
column_concentrated,SYN0059,819,478,synthetic
column_concentrated,SYN0059,825,478,synthetic
column_concentrated,SYN0059,827,478,synthetic
column_concentrated,SYN0059,833,478,synthetic
column_concentrated,SYN0059,841,478,synthetic
column_concentrated,SYN0059,852,478,synthetic
column_concentrated,SYN0059,857,478,synthetic
column_concentrated,SYN0059,864,478,synthetic
column_concentrated,SYN0059,880,478,synthetic
column_concentrated,SYN0059,882,478,synthetic
column_concentrated,SYN0059,883,478,synthetic
column_concentrated,SYN0059,884,478,synthetic
column_concentrated,SYN0059,886,478,synthetic
column_concentrated,SYN0059,905,478,synthetic
column_concentrated,SYN0059,917,478,synthetic
column_concentrated,SYN0059,920,478,synthetic
column_concentrated,SYN0059,938,478,synthetic
column_concentrated,SYN0059,943,478,synthetic
column_concentrated,SYN0059,947,478,synthetic
column_concentrated,SYN0059,951,478,synthetic
column_concentrated,SYN0059,953,478,synthetic
column_concentrated,SYN0059,966,478,synthetic
column_concentrated,SYN0059,974,478,synthetic
column_concentrated,SYN0059,977,478,synthetic
column_concentrated,SYN0059,983,478,synthetic
column_concentrated,SYN0059,993,478,synthetic
column_concentrated,SYN0059,994,478,synthetic
column_concentrated,SYN0059,1004,478,synthetic
column_concentrated,SYN0059,1011,478,synthetic
column_concentrated,SYN0059,1013,478,synthetic
column_concentrated,SYN0059,1021,478,synthetic
column_concentrated,SYN0060,2,406,synthetic
column_concentrated,SYN0060,5,406,synthetic
column_concentrated,SYN0060,9,406,synthetic
column_concentrated,SYN0060,14,406,synthetic
column_concentrated,SYN0060,22,406,synthetic
column_concentrated,SYN0060,36,406,synthetic
column_concentrated,SYN0060,50,406,synthetic
column_concentrated,SYN0060,52,406,synthetic
column_concentrated,SYN0060,56,406,synthetic
column_concentrated,SYN0060,60,406,synthetic
column_concentrated,SYN0060,62,406,synthetic
column_concentrated,SYN0060,69,406,synthetic
column_concentrated,SYN0060,71,406,synthetic
column_concentrated,SYN0060,83,406,synthetic
column_concentrated,SYN0060,88,406,synthetic
column_concentrated,SYN0060,89,406,synthetic
column_concentrated,SYN0060,91,406,synthetic
column_concentrated,SYN0060,93,406,synthetic
column_concentrated,SYN0060,97,406,synthetic
column_concentrated,SYN0060,98,406,synthetic
column_concentrated,SYN0060,100,406,synthetic
column_concentrated,SYN0060,103,406,synthetic
column_concentrated,SYN0060,104,406,synthetic
column_concentrated,SYN0060,109,406,synthetic
column_concentrated,SYN0060,115,406,synthetic
column_concentrated,SYN0060,123,406,synthetic
column_concentrated,SYN0060,126,406,synthetic
column_concentrated,SYN0060,142,406,synthetic
column_concentrated,SYN0060,143,406,synthetic
column_concentrated,SYN0060,145,406,synthetic
column_concentrated,SYN0060,147,406,synthetic
column_concentrated,SYN0060,159,406,synthetic
column_concentrated,SYN0060,164,406,synthetic
column_concentrated,SYN0060,178,406,synthetic
column_concentrated,SYN0060,184,406,synthetic
column_concentrated,SYN0060,185,406,synthetic
column_concentrated,SYN0060,186,406,synthetic
column_concentrated,SYN0060,189,406,synthetic
column_concentrated,SYN0060,191,406,synthetic
column_concentrated,SYN0060,192,406,synthetic
column_concentrated,SYN0060,202,406,synthetic
column_concentrated,SYN0060,205,406,synthetic
column_concentrated,SYN0060,208,406,synthetic
column_concentrated,SYN0060,210,406,synthetic
column_concentrated,SYN0060,211,406,synthetic
column_concentrated,SYN0060,213,406,synthetic
column_concentrated,SYN0060,218,406,synthetic
column_concentrated,SYN0060,236,406,synthetic
column_concentrated,SYN0060,237,406,synthetic
column_concentrated,SYN0060,247,406,synthetic
column_concentrated,SYN0060,251,406,synthetic
column_concentrated,SYN0060,258,406,synthetic
column_concentrated,SYN0060,260,406,synthetic
column_concentrated,SYN0060,261,406,synthetic
column_concentrated,SYN0060,263,406,synthetic
column_concentrated,SYN0060,269,406,synthetic
column_concentrated,SYN0060,273,406,synthetic
column_concentrated,SYN0060,275,406,synthetic
column_concentrated,SYN0060,276,406,synthetic
column_concentrated,SYN0060,277,406,synthetic
column_concentrated,SYN0060,278,406,synthetic
column_concentrated,SYN0060,298,406,synthetic
column_concentrated,SYN0060,303,406,synthetic
column_concentrated,SYN0060,318,406,synthetic
column_concentrated,SYN0060,326,406,synthetic
column_concentrated,SYN0060,330,406,synthetic
column_concentrated,SYN0060,332,406,synthetic
column_concentrated,SYN0060,336,406,synthetic
column_concentrated,SYN0060,343,406,synthetic
column_concentrated,SYN0060,344,406,synthetic
column_concentrated,SYN0060,353,406,synthetic
column_concentrated,SYN0060,355,406,synthetic
column_concentrated,SYN0060,371,406,synthetic
column_concentrated,SYN0060,375,406,synthetic
column_concentrated,SYN0060,376,406,synthetic
column_concentrated,SYN0060,377,406,synthetic
column_concentrated,SYN0060,378,406,synthetic
column_concentrated,SYN0060,382,406,synthetic
column_concentrated,SYN0060,386,406,synthetic
column_concentrated,SYN0060,402,406,synthetic
column_concentrated,SYN0060,403,406,synthetic
column_concentrated,SYN0060,408,406,synthetic
column_concentrated,SYN0060,412,406,synthetic
column_concentrated,SYN0060,416,406,synthetic
column_concentrated,SYN0060,418,406,synthetic
column_concentrated,SYN0060,423,406,synthetic
column_concentrated,SYN0060,424,406,synthetic
column_concentrated,SYN0060,428,406,synthetic
column_concentrated,SYN0060,429,406,synthetic
column_concentrated,SYN0060,437,406,synthetic
column_concentrated,SYN0060,438,406,synthetic
column_concentrated,SYN0060,440,406,synthetic
column_concentrated,SYN0060,443,406,synthetic
column_concentrated,SYN0060,448,406,synthetic
column_concentrated,SYN0060,449,406,synthetic
column_concentrated,SYN0060,451,406,synthetic
column_concentrated,SYN0060,457,406,synthetic
column_concentrated,SYN0060,465,406,synthetic
column_concentrated,SYN0060,466,406,synthetic
column_concentrated,SYN0060,470,406,synthetic
column_concentrated,SYN0060,473,406,synthetic
column_concentrated,SYN0060,474,406,synthetic
column_concentrated,SYN0060,476,406,synthetic
column_concentrated,SYN0060,479,406,synthetic
column_concentrated,SYN0060,485,406,synthetic
column_concentrated,SYN0060,492,406,synthetic
column_concentrated,SYN0060,506,406,synthetic
column_concentrated,SYN0060,507,406,synthetic
column_concentrated,SYN0060,517,406,synthetic
column_concentrated,SYN0060,520,406,synthetic
column_concentrated,SYN0060,526,406,synthetic
column_concentrated,SYN0060,538,406,synthetic
column_concentrated,SYN0060,540,406,synthetic
column_concentrated,SYN0060,544,406,synthetic
column_concentrated,SYN0060,546,406,synthetic
column_concentrated,SYN0060,549,406,synthetic
column_concentrated,SYN0060,555,406,synthetic
column_concentrated,SYN0060,559,406,synthetic
column_concentrated,SYN0060,560,406,synthetic
column_concentrated,SYN0060,568,406,synthetic
column_concentrated,SYN0060,582,406,synthetic
column_concentrated,SYN0060,586,406,synthetic
column_concentrated,SYN0060,591,406,synthetic
column_concentrated,SYN0060,594,406,synthetic
column_concentrated,SYN0060,598,406,synthetic
column_concentrated,SYN0060,599,406,synthetic
column_concentrated,SYN0060,619,406,synthetic
column_concentrated,SYN0060,620,406,synthetic
column_concentrated,SYN0060,632,406,synthetic
column_concentrated,SYN0060,633,406,synthetic
column_concentrated,SYN0060,648,406,synthetic
column_concentrated,SYN0060,654,406,synthetic
column_concentrated,SYN0060,670,406,synthetic
column_concentrated,SYN0060,674,406,synthetic
column_concentrated,SYN0060,678,406,synthetic
column_concentrated,SYN0060,690,406,synthetic
column_concentrated,SYN0060,703,406,synthetic
column_concentrated,SYN0060,706,406,synthetic
column_concentrated,SYN0060,712,406,synthetic
column_concentrated,SYN0060,714,406,synthetic
column_concentrated,SYN0060,719,406,synthetic
column_concentrated,SYN0060,724,406,synthetic
column_concentrated,SYN0060,727,406,synthetic
column_concentrated,SYN0060,728,406,synthetic
column_concentrated,SYN0060,732,406,synthetic
column_concentrated,SYN0060,737,406,synthetic
column_concentrated,SYN0060,747,406,synthetic
column_concentrated,SYN0060,748,406,synthetic
column_concentrated,SYN0060,750,406,synthetic
column_concentrated,SYN0060,755,406,synthetic
column_concentrated,SYN0060,767,406,synthetic
column_concentrated,SYN0060,779,406,synthetic
column_concentrated,SYN0060,781,406,synthetic
column_concentrated,SYN0060,784,406,synthetic
column_concentrated,SYN0060,785,406,synthetic
column_concentrated,SYN0060,791,406,synthetic
column_concentrated,SYN0060,793,406,synthetic
column_concentrated,SYN0060,808,406,synthetic
column_concentrated,SYN0060,811,406,synthetic
column_concentrated,SYN0060,823,406,synthetic
column_concentrated,SYN0060,828,406,synthetic
column_concentrated,SYN0060,833,406,synthetic
column_concentrated,SYN0060,843,406,synthetic
column_concentrated,SYN0060,847,406,synthetic
column_concentrated,SYN0060,852,406,synthetic
column_concentrated,SYN0060,853,406,synthetic
column_concentrated,SYN0060,857,406,synthetic
column_concentrated,SYN0060,861,406,synthetic
column_concentrated,SYN0060,881,406,synthetic
column_concentrated,SYN0060,884,406,synthetic
column_concentrated,SYN0060,895,406,synthetic
column_concentrated,SYN0060,905,406,synthetic
column_concentrated,SYN0060,908,406,synthetic
column_concentrated,SYN0060,910,406,synthetic
column_concentrated,SYN0060,917,406,synthetic
column_concentrated,SYN0060,924,406,synthetic
column_concentrated,SYN0060,936,406,synthetic
column_concentrated,SYN0060,941,406,synthetic
column_concentrated,SYN0060,942,406,synthetic
column_concentrated,SYN0060,956,406,synthetic
column_concentrated,SYN0060,962,406,synthetic
column_concentrated,SYN0060,964,406,synthetic
column_concentrated,SYN0060,969,406,synthetic
column_concentrated,SYN0060,970,406,synthetic
column_concentrated,SYN0060,978,406,synthetic
column_concentrated,SYN0060,981,406,synthetic
column_concentrated,SYN0060,998,406,synthetic
column_concentrated,SYN0060,999,406,synthetic
column_concentrated,SYN0060,1005,406,synthetic
column_concentrated,SYN0060,1010,406,synthetic
column_concentrated,SYN0060,1016,406,synthetic
column_concentrated,SYN0060,1022,406,synthetic
column_concentrated,SYN0061,8,304,synthetic
column_concentrated,SYN0061,18,304,synthetic
column_concentrated,SYN0061,42,304,synthetic
column_concentrated,SYN0061,49,304,synthetic
column_concentrated,SYN0061,58,304,synthetic
column_concentrated,SYN0061,83,304,synthetic
column_concentrated,SYN0061,143,304,synthetic
column_concentrated,SYN0061,153,304,synthetic
column_concentrated,SYN0061,154,304,synthetic
column_concentrated,SYN0061,162,304,synthetic
column_concentrated,SYN0061,170,304,synthetic
column_concentrated,SYN0061,175,304,synthetic
column_concentrated,SYN0061,222,304,synthetic
column_concentrated,SYN0061,244,304,synthetic
column_concentrated,SYN0061,249,304,synthetic
column_concentrated,SYN0061,312,304,synthetic
column_concentrated,SYN0061,314,304,synthetic
column_concentrated,SYN0061,322,304,synthetic
column_concentrated,SYN0061,338,304,synthetic
column_concentrated,SYN0061,341,304,synthetic
column_concentrated,SYN0061,349,304,synthetic
column_concentrated,SYN0061,361,304,synthetic
column_concentrated,SYN0061,365,304,synthetic
column_concentrated,SYN0061,373,304,synthetic
column_concentrated,SYN0061,408,304,synthetic
column_concentrated,SYN0061,423,304,synthetic
column_concentrated,SYN0061,424,304,synthetic
column_concentrated,SYN0061,434,304,synthetic
column_concentrated,SYN0061,438,304,synthetic
column_concentrated,SYN0061,458,304,synthetic
column_concentrated,SYN0061,471,304,synthetic
column_concentrated,SYN0061,474,304,synthetic
column_concentrated,SYN0061,475,304,synthetic
column_concentrated,SYN0061,484,304,synthetic
column_concentrated,SYN0061,490,304,synthetic
column_concentrated,SYN0061,497,304,synthetic
column_concentrated,SYN0061,505,304,synthetic
column_concentrated,SYN0061,544,304,synthetic
column_concentrated,SYN0061,587,304,synthetic
column_concentrated,SYN0061,595,304,synthetic
column_concentrated,SYN0061,600,304,synthetic
column_concentrated,SYN0061,605,304,synthetic
column_concentrated,SYN0061,622,304,synthetic
column_concentrated,SYN0061,637,304,synthetic
column_concentrated,SYN0061,660,304,synthetic
column_concentrated,SYN0061,668,304,synthetic
column_concentrated,SYN0061,681,304,synthetic
column_concentrated,SYN0061,712,304,synthetic
column_concentrated,SYN0061,714,304,synthetic
column_concentrated,SYN0061,733,304,synthetic
column_concentrated,SYN0061,736,304,synthetic
column_concentrated,SYN0061,749,304,synthetic
column_concentrated,SYN0061,761,304,synthetic
column_concentrated,SYN0061,770,304,synthetic
column_concentrated,SYN0061,772,304,synthetic
column_concentrated,SYN0061,818,304,synthetic
column_concentrated,SYN0061,837,304,synthetic
column_concentrated,SYN0061,844,304,synthetic
column_concentrated,SYN0061,868,304,synthetic
column_concentrated,SYN0061,874,304,synthetic
column_concentrated,SYN0061,877,304,synthetic
column_concentrated,SYN0061,961,304,synthetic
column_concentrated,SYN0061,969,304,synthetic
column_concentrated,SYN0061,978,304,synthetic
column_concentrated,SYN0061,1013,304,synthetic
column_concentrated,SYN0062,12,416,synthetic
column_concentrated,SYN0062,57,416,synthetic
column_concentrated,SYN0062,67,416,synthetic
column_concentrated,SYN0062,73,416,synthetic
column_concentrated,SYN0062,78,416,synthetic
column_concentrated,SYN0062,82,416,synthetic
column_concentrated,SYN0062,112,416,synthetic
column_concentrated,SYN0062,116,416,synthetic
column_concentrated,SYN0062,136,416,synthetic
column_concentrated,SYN0062,137,416,synthetic
column_concentrated,SYN0062,138,416,synthetic
column_concentrated,SYN0062,141,416,synthetic
column_concentrated,SYN0062,142,416,synthetic
column_concentrated,SYN0062,147,416,synthetic
column_concentrated,SYN0062,163,416,synthetic
column_concentrated,SYN0062,164,416,synthetic
column_concentrated,SYN0062,181,416,synthetic
column_concentrated,SYN0062,193,416,synthetic
column_concentrated,SYN0062,207,416,synthetic
column_concentrated,SYN0062,210,416,synthetic
column_concentrated,SYN0062,217,416,synthetic
column_concentrated,SYN0062,218,416,synthetic
column_concentrated,SYN0062,230,416,synthetic
column_concentrated,SYN0062,237,416,synthetic
column_concentrated,SYN0062,240,416,synthetic
column_concentrated,SYN0062,243,416,synthetic
column_concentrated,SYN0062,255,416,synthetic
column_concentrated,SYN0062,258,416,synthetic
column_concentrated,SYN0062,260,416,synthetic
column_concentrated,SYN0062,265,416,synthetic
column_concentrated,SYN0062,266,416,synthetic
column_concentrated,SYN0062,275,416,synthetic
column_concentrated,SYN0062,304,416,synthetic
column_concentrated,SYN0062,316,416,synthetic
column_concentrated,SYN0062,319,416,synthetic
column_concentrated,SYN0062,334,416,synthetic
column_concentrated,SYN0062,336,416,synthetic
column_concentrated,SYN0062,350,416,synthetic
column_concentrated,SYN0062,361,416,synthetic
column_concentrated,SYN0062,362,416,synthetic
column_concentrated,SYN0062,363,416,synthetic
column_concentrated,SYN0062,369,416,synthetic
column_concentrated,SYN0062,371,416,synthetic
column_concentrated,SYN0062,373,416,synthetic
column_concentrated,SYN0062,375,416,synthetic
column_concentrated,SYN0062,384,416,synthetic
column_concentrated,SYN0062,418,416,synthetic
column_concentrated,SYN0062,426,416,synthetic
column_concentrated,SYN0062,449,416,synthetic
column_concentrated,SYN0062,462,416,synthetic
column_concentrated,SYN0062,470,416,synthetic
column_concentrated,SYN0062,474,416,synthetic
column_concentrated,SYN0062,478,416,synthetic
column_concentrated,SYN0062,482,416,synthetic
column_concentrated,SYN0062,486,416,synthetic
column_concentrated,SYN0062,487,416,synthetic
column_concentrated,SYN0062,494,416,synthetic
column_concentrated,SYN0062,497,416,synthetic
column_concentrated,SYN0062,500,416,synthetic
column_concentrated,SYN0062,501,416,synthetic
column_concentrated,SYN0062,503,416,synthetic
column_concentrated,SYN0062,512,416,synthetic
column_concentrated,SYN0062,516,416,synthetic
column_concentrated,SYN0062,553,416,synthetic
column_concentrated,SYN0062,556,416,synthetic
column_concentrated,SYN0062,570,416,synthetic
column_concentrated,SYN0062,578,416,synthetic
column_concentrated,SYN0062,581,416,synthetic
column_concentrated,SYN0062,591,416,synthetic
column_concentrated,SYN0062,594,416,synthetic
column_concentrated,SYN0062,597,416,synthetic
column_concentrated,SYN0062,600,416,synthetic
column_concentrated,SYN0062,603,416,synthetic
column_concentrated,SYN0062,604,416,synthetic
column_concentrated,SYN0062,610,416,synthetic
column_concentrated,SYN0062,622,416,synthetic
column_concentrated,SYN0062,624,416,synthetic
column_concentrated,SYN0062,627,416,synthetic
column_concentrated,SYN0062,636,416,synthetic
column_concentrated,SYN0062,642,416,synthetic
column_concentrated,SYN0062,643,416,synthetic
column_concentrated,SYN0062,645,416,synthetic
column_concentrated,SYN0062,646,416,synthetic
column_concentrated,SYN0062,648,416,synthetic
column_concentrated,SYN0062,654,416,synthetic
column_concentrated,SYN0062,683,416,synthetic
column_concentrated,SYN0062,688,416,synthetic
column_concentrated,SYN0062,697,416,synthetic
column_concentrated,SYN0062,702,416,synthetic
column_concentrated,SYN0062,711,416,synthetic
column_concentrated,SYN0062,720,416,synthetic
column_concentrated,SYN0062,727,416,synthetic
column_concentrated,SYN0062,728,416,synthetic
column_concentrated,SYN0062,754,416,synthetic
column_concentrated,SYN0062,760,416,synthetic
column_concentrated,SYN0062,777,416,synthetic
column_concentrated,SYN0062,781,416,synthetic
column_concentrated,SYN0062,784,416,synthetic
column_concentrated,SYN0062,795,416,synthetic
column_concentrated,SYN0062,809,416,synthetic
column_concentrated,SYN0062,810,416,synthetic
column_concentrated,SYN0062,813,416,synthetic
column_concentrated,SYN0062,831,416,synthetic
column_concentrated,SYN0062,892,416,synthetic
column_concentrated,SYN0062,917,416,synthetic
column_concentrated,SYN0062,925,416,synthetic
column_concentrated,SYN0062,929,416,synthetic
column_concentrated,SYN0062,931,416,synthetic
column_concentrated,SYN0062,939,416,synthetic
column_concentrated,SYN0062,950,416,synthetic
column_concentrated,SYN0062,951,416,synthetic
column_concentrated,SYN0062,953,416,synthetic
column_concentrated,SYN0062,957,416,synthetic
column_concentrated,SYN0062,975,416,synthetic
column_concentrated,SYN0062,990,416,synthetic
column_concentrated,SYN0062,992,416,synthetic
column_concentrated,SYN0062,996,416,synthetic
column_concentrated,SYN0062,1005,416,synthetic
column_concentrated,SYN0062,1009,416,synthetic
column_concentrated,SYN0062,1011,416,synthetic
column_concentrated,SYN0062,1016,416,synthetic
column_concentrated,SYN0063,7,641,synthetic
column_concentrated,SYN0063,52,641,synthetic
column_concentrated,SYN0063,63,641,synthetic
column_concentrated,SYN0063,68,641,synthetic
column_concentrated,SYN0063,70,641,synthetic
column_concentrated,SYN0063,73,641,synthetic
column_concentrated,SYN0063,96,641,synthetic
column_concentrated,SYN0063,97,641,synthetic
column_concentrated,SYN0063,101,641,synthetic
column_concentrated,SYN0063,104,641,synthetic
column_concentrated,SYN0063,105,641,synthetic
column_concentrated,SYN0063,109,641,synthetic
column_concentrated,SYN0063,127,641,synthetic
column_concentrated,SYN0063,136,641,synthetic
column_concentrated,SYN0063,139,641,synthetic
column_concentrated,SYN0063,151,641,synthetic
column_concentrated,SYN0063,177,641,synthetic
column_concentrated,SYN0063,183,641,synthetic
column_concentrated,SYN0063,186,641,synthetic
column_concentrated,SYN0063,193,641,synthetic
column_concentrated,SYN0063,210,641,synthetic
column_concentrated,SYN0063,212,641,synthetic
column_concentrated,SYN0063,217,641,synthetic
column_concentrated,SYN0063,227,641,synthetic
column_concentrated,SYN0063,228,641,synthetic
column_concentrated,SYN0063,234,641,synthetic
column_concentrated,SYN0063,245,641,synthetic
column_concentrated,SYN0063,259,641,synthetic
column_concentrated,SYN0063,261,641,synthetic
column_concentrated,SYN0063,265,641,synthetic
column_concentrated,SYN0063,280,641,synthetic
column_concentrated,SYN0063,304,641,synthetic
column_concentrated,SYN0063,313,641,synthetic
column_concentrated,SYN0063,316,641,synthetic
column_concentrated,SYN0063,321,641,synthetic
column_concentrated,SYN0063,322,641,synthetic
column_concentrated,SYN0063,341,641,synthetic
column_concentrated,SYN0063,343,641,synthetic
column_concentrated,SYN0063,357,641,synthetic
column_concentrated,SYN0063,377,641,synthetic
column_concentrated,SYN0063,383,641,synthetic
column_concentrated,SYN0063,403,641,synthetic
column_concentrated,SYN0063,405,641,synthetic
column_concentrated,SYN0063,427,641,synthetic
column_concentrated,SYN0063,431,641,synthetic
column_concentrated,SYN0063,432,641,synthetic
column_concentrated,SYN0063,437,641,synthetic
column_concentrated,SYN0063,473,641,synthetic
column_concentrated,SYN0063,475,641,synthetic
column_concentrated,SYN0063,476,641,synthetic
column_concentrated,SYN0063,478,641,synthetic
column_concentrated,SYN0063,480,641,synthetic
column_concentrated,SYN0063,482,641,synthetic
column_concentrated,SYN0063,486,641,synthetic
column_concentrated,SYN0063,506,641,synthetic
column_concentrated,SYN0063,508,641,synthetic
column_concentrated,SYN0063,510,641,synthetic
column_concentrated,SYN0063,517,641,synthetic
column_concentrated,SYN0063,519,641,synthetic
column_concentrated,SYN0063,558,641,synthetic
column_concentrated,SYN0063,568,641,synthetic
column_concentrated,SYN0063,570,641,synthetic
column_concentrated,SYN0063,571,641,synthetic
column_concentrated,SYN0063,585,641,synthetic
column_concentrated,SYN0063,597,641,synthetic
column_concentrated,SYN0063,611,641,synthetic
column_concentrated,SYN0063,635,641,synthetic
column_concentrated,SYN0063,637,641,synthetic
column_concentrated,SYN0063,641,641,synthetic
column_concentrated,SYN0063,656,641,synthetic
column_concentrated,SYN0063,657,641,synthetic
column_concentrated,SYN0063,664,641,synthetic
column_concentrated,SYN0063,672,641,synthetic
column_concentrated,SYN0063,674,641,synthetic
column_concentrated,SYN0063,685,641,synthetic
column_concentrated,SYN0063,695,641,synthetic
column_concentrated,SYN0063,734,641,synthetic
column_concentrated,SYN0063,769,641,synthetic
column_concentrated,SYN0063,770,641,synthetic
column_concentrated,SYN0063,771,641,synthetic
column_concentrated,SYN0063,786,641,synthetic
column_concentrated,SYN0063,788,641,synthetic
column_concentrated,SYN0063,793,641,synthetic
column_concentrated,SYN0063,812,641,synthetic
column_concentrated,SYN0063,813,641,synthetic
column_concentrated,SYN0063,825,641,synthetic
column_concentrated,SYN0063,831,641,synthetic
column_concentrated,SYN0063,839,641,synthetic
column_concentrated,SYN0063,858,641,synthetic
column_concentrated,SYN0063,862,641,synthetic
column_concentrated,SYN0063,866,641,synthetic
column_concentrated,SYN0063,873,641,synthetic
column_concentrated,SYN0063,876,641,synthetic
column_concentrated,SYN0063,882,641,synthetic
column_concentrated,SYN0063,891,641,synthetic
column_concentrated,SYN0063,896,641,synthetic
column_concentrated,SYN0063,908,641,synthetic
column_concentrated,SYN0063,913,641,synthetic
column_concentrated,SYN0063,923,641,synthetic
column_concentrated,SYN0063,927,641,synthetic
column_concentrated,SYN0063,932,641,synthetic
column_concentrated,SYN0063,937,641,synthetic
column_concentrated,SYN0063,939,641,synthetic
column_concentrated,SYN0063,985,641,synthetic
column_concentrated,SYN0064,12,191,synthetic
column_concentrated,SYN0064,15,191,synthetic
column_concentrated,SYN0064,23,191,synthetic
column_concentrated,SYN0064,54,191,synthetic
column_concentrated,SYN0064,57,191,synthetic
column_concentrated,SYN0064,58,191,synthetic
column_concentrated,SYN0064,67,191,synthetic
column_concentrated,SYN0064,71,191,synthetic
column_concentrated,SYN0064,72,191,synthetic
column_concentrated,SYN0064,86,191,synthetic
column_concentrated,SYN0064,87,191,synthetic
column_concentrated,SYN0064,100,191,synthetic
column_concentrated,SYN0064,112,191,synthetic
column_concentrated,SYN0064,138,191,synthetic
column_concentrated,SYN0064,143,191,synthetic
column_concentrated,SYN0064,159,191,synthetic
column_concentrated,SYN0064,167,191,synthetic
column_concentrated,SYN0064,181,191,synthetic
column_concentrated,SYN0064,193,191,synthetic
column_concentrated,SYN0064,206,191,synthetic
column_concentrated,SYN0064,214,191,synthetic
column_concentrated,SYN0064,215,191,synthetic
column_concentrated,SYN0064,229,191,synthetic
column_concentrated,SYN0064,239,191,synthetic
column_concentrated,SYN0064,247,191,synthetic
column_concentrated,SYN0064,256,191,synthetic
column_concentrated,SYN0064,259,191,synthetic
column_concentrated,SYN0064,273,191,synthetic
column_concentrated,SYN0064,285,191,synthetic
column_concentrated,SYN0064,289,191,synthetic
column_concentrated,SYN0064,302,191,synthetic
column_concentrated,SYN0064,305,191,synthetic
column_concentrated,SYN0064,321,191,synthetic
column_concentrated,SYN0064,326,191,synthetic
column_concentrated,SYN0064,330,191,synthetic
column_concentrated,SYN0064,335,191,synthetic
column_concentrated,SYN0064,339,191,synthetic
column_concentrated,SYN0064,373,191,synthetic
column_concentrated,SYN0064,375,191,synthetic
column_concentrated,SYN0064,420,191,synthetic
column_concentrated,SYN0064,443,191,synthetic
column_concentrated,SYN0064,485,191,synthetic
column_concentrated,SYN0064,517,191,synthetic
column_concentrated,SYN0064,533,191,synthetic
column_concentrated,SYN0064,546,191,synthetic
column_concentrated,SYN0064,549,191,synthetic
column_concentrated,SYN0064,551,191,synthetic
column_concentrated,SYN0064,562,191,synthetic
column_concentrated,SYN0064,569,191,synthetic
column_concentrated,SYN0064,572,191,synthetic
column_concentrated,SYN0064,591,191,synthetic
column_concentrated,SYN0064,608,191,synthetic
column_concentrated,SYN0064,620,191,synthetic
column_concentrated,SYN0064,640,191,synthetic
column_concentrated,SYN0064,661,191,synthetic
column_concentrated,SYN0064,665,191,synthetic
column_concentrated,SYN0064,693,191,synthetic
column_concentrated,SYN0064,740,191,synthetic
column_concentrated,SYN0064,744,191,synthetic
column_concentrated,SYN0064,758,191,synthetic
column_concentrated,SYN0064,765,191,synthetic
column_concentrated,SYN0064,773,191,synthetic
column_concentrated,SYN0064,779,191,synthetic
column_concentrated,SYN0064,836,191,synthetic
column_concentrated,SYN0064,849,191,synthetic
column_concentrated,SYN0064,858,191,synthetic
column_concentrated,SYN0064,867,191,synthetic
column_concentrated,SYN0064,901,191,synthetic
column_concentrated,SYN0064,903,191,synthetic
column_concentrated,SYN0064,909,191,synthetic
column_concentrated,SYN0064,937,191,synthetic
column_concentrated,SYN0064,946,191,synthetic
column_concentrated,SYN0064,975,191,synthetic
column_concentrated,SYN0064,989,191,synthetic
column_concentrated,SYN0064,1011,191,synthetic
column_concentrated,SYN0064,1016,191,synthetic
column_concentrated,SYN0064,1021,191,synthetic
column_concentrated,SYN0065,4,493,synthetic
column_concentrated,SYN0065,6,493,synthetic
column_concentrated,SYN0065,7,493,synthetic
column_concentrated,SYN0065,14,493,synthetic
column_concentrated,SYN0065,15,493,synthetic
column_concentrated,SYN0065,21,493,synthetic
column_concentrated,SYN0065,23,493,synthetic
column_concentrated,SYN0065,26,493,synthetic
column_concentrated,SYN0065,27,493,synthetic
column_concentrated,SYN0065,29,493,synthetic
column_concentrated,SYN0065,34,493,synthetic
column_concentrated,SYN0065,48,493,synthetic
column_concentrated,SYN0065,50,493,synthetic
column_concentrated,SYN0065,56,493,synthetic
column_concentrated,SYN0065,64,493,synthetic
column_concentrated,SYN0065,65,493,synthetic
column_concentrated,SYN0065,70,493,synthetic
column_concentrated,SYN0065,93,493,synthetic
column_concentrated,SYN0065,94,493,synthetic
column_concentrated,SYN0065,97,493,synthetic
column_concentrated,SYN0065,105,493,synthetic
column_concentrated,SYN0065,106,493,synthetic
column_concentrated,SYN0065,113,493,synthetic
column_concentrated,SYN0065,118,493,synthetic
column_concentrated,SYN0065,119,493,synthetic
column_concentrated,SYN0065,120,493,synthetic
column_concentrated,SYN0065,124,493,synthetic
column_concentrated,SYN0065,128,493,synthetic
column_concentrated,SYN0065,138,493,synthetic
column_concentrated,SYN0065,156,493,synthetic
column_concentrated,SYN0065,160,493,synthetic
column_concentrated,SYN0065,166,493,synthetic
column_concentrated,SYN0065,175,493,synthetic
column_concentrated,SYN0065,176,493,synthetic
column_concentrated,SYN0065,179,493,synthetic
column_concentrated,SYN0065,182,493,synthetic
column_concentrated,SYN0065,183,493,synthetic
column_concentrated,SYN0065,188,493,synthetic
column_concentrated,SYN0065,190,493,synthetic
column_concentrated,SYN0065,193,493,synthetic
column_concentrated,SYN0065,195,493,synthetic
column_concentrated,SYN0065,197,493,synthetic
column_concentrated,SYN0065,204,493,synthetic
column_concentrated,SYN0065,205,493,synthetic
column_concentrated,SYN0065,216,493,synthetic
column_concentrated,SYN0065,217,493,synthetic
column_concentrated,SYN0065,219,493,synthetic
column_concentrated,SYN0065,227,493,synthetic
column_concentrated,SYN0065,230,493,synthetic
column_concentrated,SYN0065,254,493,synthetic
column_concentrated,SYN0065,256,493,synthetic
column_concentrated,SYN0065,262,493,synthetic
column_concentrated,SYN0065,265,493,synthetic
column_concentrated,SYN0065,267,493,synthetic
column_concentrated,SYN0065,268,493,synthetic
column_concentrated,SYN0065,280,493,synthetic
column_concentrated,SYN0065,291,493,synthetic
column_concentrated,SYN0065,300,493,synthetic
column_concentrated,SYN0065,305,493,synthetic
column_concentrated,SYN0065,316,493,synthetic
column_concentrated,SYN0065,321,493,synthetic
column_concentrated,SYN0065,330,493,synthetic
column_concentrated,SYN0065,331,493,synthetic
column_concentrated,SYN0065,336,493,synthetic
column_concentrated,SYN0065,337,493,synthetic
column_concentrated,SYN0065,338,493,synthetic
column_concentrated,SYN0065,340,493,synthetic
column_concentrated,SYN0065,345,493,synthetic
column_concentrated,SYN0065,346,493,synthetic
column_concentrated,SYN0065,352,493,synthetic
column_concentrated,SYN0065,354,493,synthetic
column_concentrated,SYN0065,355,493,synthetic
column_concentrated,SYN0065,358,493,synthetic
column_concentrated,SYN0065,360,493,synthetic
column_concentrated,SYN0065,371,493,synthetic
column_concentrated,SYN0065,373,493,synthetic
column_concentrated,SYN0065,380,493,synthetic
column_concentrated,SYN0065,392,493,synthetic
column_concentrated,SYN0065,393,493,synthetic
column_concentrated,SYN0065,394,493,synthetic
column_concentrated,SYN0065,395,493,synthetic
column_concentrated,SYN0065,404,493,synthetic
column_concentrated,SYN0065,405,493,synthetic
column_concentrated,SYN0065,414,493,synthetic
column_concentrated,SYN0065,415,493,synthetic
column_concentrated,SYN0065,417,493,synthetic
column_concentrated,SYN0065,418,493,synthetic
column_concentrated,SYN0065,424,493,synthetic
column_concentrated,SYN0065,425,493,synthetic
column_concentrated,SYN0065,448,493,synthetic
column_concentrated,SYN0065,453,493,synthetic
column_concentrated,SYN0065,455,493,synthetic
column_concentrated,SYN0065,457,493,synthetic
column_concentrated,SYN0065,469,493,synthetic
column_concentrated,SYN0065,474,493,synthetic
column_concentrated,SYN0065,476,493,synthetic
column_concentrated,SYN0065,478,493,synthetic
column_concentrated,SYN0065,482,493,synthetic
column_concentrated,SYN0065,488,493,synthetic
column_concentrated,SYN0065,492,493,synthetic
column_concentrated,SYN0065,494,493,synthetic
column_concentrated,SYN0065,500,493,synthetic
column_concentrated,SYN0065,502,493,synthetic
column_concentrated,SYN0065,506,493,synthetic
column_concentrated,SYN0065,514,493,synthetic
column_concentrated,SYN0065,518,493,synthetic
column_concentrated,SYN0065,520,493,synthetic
column_concentrated,SYN0065,527,493,synthetic
column_concentrated,SYN0065,534,493,synthetic
column_concentrated,SYN0065,540,493,synthetic
column_concentrated,SYN0065,543,493,synthetic
column_concentrated,SYN0065,558,493,synthetic
column_concentrated,SYN0065,567,493,synthetic
column_concentrated,SYN0065,573,493,synthetic
column_concentrated,SYN0065,577,493,synthetic
column_concentrated,SYN0065,578,493,synthetic
column_concentrated,SYN0065,583,493,synthetic
column_concentrated,SYN0065,593,493,synthetic
column_concentrated,SYN0065,599,493,synthetic
column_concentrated,SYN0065,600,493,synthetic
column_concentrated,SYN0065,603,493,synthetic
column_concentrated,SYN0065,613,493,synthetic
column_concentrated,SYN0065,614,493,synthetic
column_concentrated,SYN0065,619,493,synthetic
column_concentrated,SYN0065,620,493,synthetic
column_concentrated,SYN0065,628,493,synthetic
column_concentrated,SYN0065,629,493,synthetic
column_concentrated,SYN0065,641,493,synthetic
column_concentrated,SYN0065,654,493,synthetic
column_concentrated,SYN0065,657,493,synthetic
column_concentrated,SYN0065,658,493,synthetic
column_concentrated,SYN0065,666,493,synthetic
column_concentrated,SYN0065,668,493,synthetic
column_concentrated,SYN0065,672,493,synthetic
column_concentrated,SYN0065,673,493,synthetic
column_concentrated,SYN0065,685,493,synthetic
column_concentrated,SYN0065,687,493,synthetic
column_concentrated,SYN0065,699,493,synthetic
column_concentrated,SYN0065,703,493,synthetic
column_concentrated,SYN0065,707,493,synthetic
column_concentrated,SYN0065,709,493,synthetic
column_concentrated,SYN0065,718,493,synthetic
column_concentrated,SYN0065,724,493,synthetic
column_concentrated,SYN0065,730,493,synthetic
column_concentrated,SYN0065,739,493,synthetic
column_concentrated,SYN0065,743,493,synthetic
column_concentrated,SYN0065,755,493,synthetic
column_concentrated,SYN0065,761,493,synthetic
column_concentrated,SYN0065,762,493,synthetic
column_concentrated,SYN0065,780,493,synthetic
column_concentrated,SYN0065,781,493,synthetic
column_concentrated,SYN0065,785,493,synthetic
column_concentrated,SYN0065,788,493,synthetic
column_concentrated,SYN0065,791,493,synthetic
column_concentrated,SYN0065,801,493,synthetic
column_concentrated,SYN0065,807,493,synthetic
column_concentrated,SYN0065,820,493,synthetic
column_concentrated,SYN0065,829,493,synthetic
column_concentrated,SYN0065,832,493,synthetic
column_concentrated,SYN0065,834,493,synthetic
column_concentrated,SYN0065,844,493,synthetic
column_concentrated,SYN0065,846,493,synthetic
column_concentrated,SYN0065,847,493,synthetic
column_concentrated,SYN0065,857,493,synthetic
column_concentrated,SYN0065,866,493,synthetic
column_concentrated,SYN0065,873,493,synthetic
column_concentrated,SYN0065,876,493,synthetic
column_concentrated,SYN0065,883,493,synthetic
column_concentrated,SYN0065,884,493,synthetic
column_concentrated,SYN0065,887,493,synthetic
column_concentrated,SYN0065,889,493,synthetic
column_concentrated,SYN0065,901,493,synthetic
column_concentrated,SYN0065,904,493,synthetic
column_concentrated,SYN0065,908,493,synthetic
column_concentrated,SYN0065,915,493,synthetic
column_concentrated,SYN0065,917,493,synthetic
column_concentrated,SYN0065,923,493,synthetic
column_concentrated,SYN0065,932,493,synthetic
column_concentrated,SYN0065,954,493,synthetic
column_concentrated,SYN0065,958,493,synthetic
column_concentrated,SYN0065,959,493,synthetic
column_concentrated,SYN0065,966,493,synthetic
column_concentrated,SYN0065,972,493,synthetic
column_concentrated,SYN0065,977,493,synthetic
column_concentrated,SYN0065,982,493,synthetic
column_concentrated,SYN0065,992,493,synthetic
column_concentrated,SYN0065,1000,493,synthetic
column_concentrated,SYN0065,1003,493,synthetic
column_concentrated,SYN0065,1014,493,synthetic
column_concentrated,SYN0065,1015,493,synthetic
column_concentrated,SYN0066,8,48,synthetic
column_concentrated,SYN0066,14,48,synthetic
column_concentrated,SYN0066,16,48,synthetic
column_concentrated,SYN0066,17,48,synthetic
column_concentrated,SYN0066,28,48,synthetic
column_concentrated,SYN0066,31,48,synthetic
column_concentrated,SYN0066,40,48,synthetic
column_concentrated,SYN0066,44,48,synthetic
column_concentrated,SYN0066,45,48,synthetic
column_concentrated,SYN0066,54,48,synthetic
column_concentrated,SYN0066,69,48,synthetic
column_concentrated,SYN0066,73,48,synthetic
column_concentrated,SYN0066,74,48,synthetic
column_concentrated,SYN0066,83,48,synthetic
column_concentrated,SYN0066,94,48,synthetic
column_concentrated,SYN0066,96,48,synthetic
column_concentrated,SYN0066,103,48,synthetic
column_concentrated,SYN0066,108,48,synthetic
column_concentrated,SYN0066,126,48,synthetic
column_concentrated,SYN0066,131,48,synthetic
column_concentrated,SYN0066,133,48,synthetic
column_concentrated,SYN0066,140,48,synthetic
column_concentrated,SYN0066,143,48,synthetic
column_concentrated,SYN0066,154,48,synthetic
column_concentrated,SYN0066,159,48,synthetic
column_concentrated,SYN0066,180,48,synthetic
column_concentrated,SYN0066,184,48,synthetic
column_concentrated,SYN0066,185,48,synthetic
column_concentrated,SYN0066,191,48,synthetic
column_concentrated,SYN0066,194,48,synthetic
column_concentrated,SYN0066,203,48,synthetic
column_concentrated,SYN0066,216,48,synthetic
column_concentrated,SYN0066,220,48,synthetic
column_concentrated,SYN0066,221,48,synthetic
column_concentrated,SYN0066,223,48,synthetic
column_concentrated,SYN0066,226,48,synthetic
column_concentrated,SYN0066,237,48,synthetic
column_concentrated,SYN0066,251,48,synthetic
column_concentrated,SYN0066,260,48,synthetic
column_concentrated,SYN0066,266,48,synthetic
column_concentrated,SYN0066,267,48,synthetic
column_concentrated,SYN0066,273,48,synthetic
column_concentrated,SYN0066,274,48,synthetic
column_concentrated,SYN0066,281,48,synthetic
column_concentrated,SYN0066,286,48,synthetic
column_concentrated,SYN0066,295,48,synthetic
column_concentrated,SYN0066,302,48,synthetic
column_concentrated,SYN0066,317,48,synthetic
column_concentrated,SYN0066,324,48,synthetic
column_concentrated,SYN0066,331,48,synthetic
column_concentrated,SYN0066,341,48,synthetic
column_concentrated,SYN0066,373,48,synthetic
column_concentrated,SYN0066,376,48,synthetic
column_concentrated,SYN0066,393,48,synthetic
column_concentrated,SYN0066,404,48,synthetic
column_concentrated,SYN0066,405,48,synthetic
column_concentrated,SYN0066,424,48,synthetic
column_concentrated,SYN0066,428,48,synthetic
column_concentrated,SYN0066,431,48,synthetic
column_concentrated,SYN0066,435,48,synthetic
column_concentrated,SYN0066,442,48,synthetic
column_concentrated,SYN0066,448,48,synthetic
column_concentrated,SYN0066,451,48,synthetic
column_concentrated,SYN0066,452,48,synthetic
column_concentrated,SYN0066,456,48,synthetic
column_concentrated,SYN0066,466,48,synthetic
column_concentrated,SYN0066,481,48,synthetic
column_concentrated,SYN0066,513,48,synthetic
column_concentrated,SYN0066,525,48,synthetic
column_concentrated,SYN0066,528,48,synthetic
column_concentrated,SYN0066,529,48,synthetic
column_concentrated,SYN0066,541,48,synthetic
column_concentrated,SYN0066,546,48,synthetic
column_concentrated,SYN0066,559,48,synthetic
column_concentrated,SYN0066,561,48,synthetic
column_concentrated,SYN0066,580,48,synthetic
column_concentrated,SYN0066,590,48,synthetic
column_concentrated,SYN0066,593,48,synthetic
column_concentrated,SYN0066,604,48,synthetic
column_concentrated,SYN0066,617,48,synthetic
column_concentrated,SYN0066,630,48,synthetic
column_concentrated,SYN0066,631,48,synthetic
column_concentrated,SYN0066,633,48,synthetic
column_concentrated,SYN0066,658,48,synthetic
column_concentrated,SYN0066,665,48,synthetic
column_concentrated,SYN0066,670,48,synthetic
column_concentrated,SYN0066,672,48,synthetic
column_concentrated,SYN0066,674,48,synthetic
column_concentrated,SYN0066,677,48,synthetic
column_concentrated,SYN0066,685,48,synthetic
column_concentrated,SYN0066,688,48,synthetic
column_concentrated,SYN0066,692,48,synthetic
column_concentrated,SYN0066,695,48,synthetic
column_concentrated,SYN0066,696,48,synthetic
column_concentrated,SYN0066,708,48,synthetic
column_concentrated,SYN0066,715,48,synthetic
column_concentrated,SYN0066,719,48,synthetic
column_concentrated,SYN0066,727,48,synthetic
column_concentrated,SYN0066,741,48,synthetic
column_concentrated,SYN0066,745,48,synthetic
column_concentrated,SYN0066,748,48,synthetic
column_concentrated,SYN0066,749,48,synthetic
column_concentrated,SYN0066,753,48,synthetic
column_concentrated,SYN0066,754,48,synthetic
column_concentrated,SYN0066,760,48,synthetic
column_concentrated,SYN0066,764,48,synthetic
column_concentrated,SYN0066,767,48,synthetic
column_concentrated,SYN0066,775,48,synthetic
column_concentrated,SYN0066,781,48,synthetic
column_concentrated,SYN0066,784,48,synthetic
column_concentrated,SYN0066,785,48,synthetic
column_concentrated,SYN0066,790,48,synthetic
column_concentrated,SYN0066,793,48,synthetic
column_concentrated,SYN0066,811,48,synthetic
column_concentrated,SYN0066,816,48,synthetic
column_concentrated,SYN0066,821,48,synthetic
column_concentrated,SYN0066,822,48,synthetic
column_concentrated,SYN0066,823,48,synthetic
column_concentrated,SYN0066,830,48,synthetic
column_concentrated,SYN0066,837,48,synthetic
column_concentrated,SYN0066,838,48,synthetic
column_concentrated,SYN0066,840,48,synthetic
column_concentrated,SYN0066,842,48,synthetic
column_concentrated,SYN0066,843,48,synthetic
column_concentrated,SYN0066,850,48,synthetic
column_concentrated,SYN0066,851,48,synthetic
column_concentrated,SYN0066,852,48,synthetic
column_concentrated,SYN0066,854,48,synthetic
column_concentrated,SYN0066,858,48,synthetic
column_concentrated,SYN0066,860,48,synthetic
column_concentrated,SYN0066,867,48,synthetic
column_concentrated,SYN0066,870,48,synthetic
column_concentrated,SYN0066,876,48,synthetic
column_concentrated,SYN0066,881,48,synthetic
column_concentrated,SYN0066,894,48,synthetic
column_concentrated,SYN0066,897,48,synthetic
column_concentrated,SYN0066,899,48,synthetic
column_concentrated,SYN0066,900,48,synthetic
column_concentrated,SYN0066,906,48,synthetic
column_concentrated,SYN0066,907,48,synthetic
column_concentrated,SYN0066,910,48,synthetic
column_concentrated,SYN0066,920,48,synthetic
column_concentrated,SYN0066,923,48,synthetic
column_concentrated,SYN0066,932,48,synthetic
column_concentrated,SYN0066,938,48,synthetic
column_concentrated,SYN0066,939,48,synthetic
column_concentrated,SYN0066,943,48,synthetic
column_concentrated,SYN0066,944,48,synthetic
column_concentrated,SYN0066,949,48,synthetic
column_concentrated,SYN0066,950,48,synthetic
column_concentrated,SYN0066,952,48,synthetic
column_concentrated,SYN0066,957,48,synthetic
column_concentrated,SYN0066,964,48,synthetic
column_concentrated,SYN0066,968,48,synthetic
column_concentrated,SYN0066,972,48,synthetic
column_concentrated,SYN0066,975,48,synthetic
column_concentrated,SYN0066,981,48,synthetic
column_concentrated,SYN0066,991,48,synthetic
column_concentrated,SYN0066,1002,48,synthetic
column_concentrated,SYN0066,1003,48,synthetic
column_concentrated,SYN0066,1007,48,synthetic
column_concentrated,SYN0066,1010,48,synthetic
column_concentrated,SYN0066,1011,48,synthetic
column_concentrated,SYN0066,1021,48,synthetic
column_concentrated,SYN0067,17,479,synthetic
column_concentrated,SYN0067,18,479,synthetic
column_concentrated,SYN0067,27,479,synthetic
column_concentrated,SYN0067,32,479,synthetic
column_concentrated,SYN0067,42,479,synthetic
column_concentrated,SYN0067,59,479,synthetic
column_concentrated,SYN0067,67,479,synthetic
column_concentrated,SYN0067,82,479,synthetic
column_concentrated,SYN0067,85,479,synthetic
column_concentrated,SYN0067,112,479,synthetic
column_concentrated,SYN0067,113,479,synthetic
column_concentrated,SYN0067,114,479,synthetic
column_concentrated,SYN0067,115,479,synthetic
column_concentrated,SYN0067,122,479,synthetic
column_concentrated,SYN0067,162,479,synthetic
column_concentrated,SYN0067,196,479,synthetic
column_concentrated,SYN0067,202,479,synthetic
column_concentrated,SYN0067,239,479,synthetic
column_concentrated,SYN0067,242,479,synthetic
column_concentrated,SYN0067,248,479,synthetic
column_concentrated,SYN0067,271,479,synthetic
column_concentrated,SYN0067,295,479,synthetic
column_concentrated,SYN0067,308,479,synthetic
column_concentrated,SYN0067,326,479,synthetic
column_concentrated,SYN0067,347,479,synthetic
column_concentrated,SYN0067,364,479,synthetic
column_concentrated,SYN0067,367,479,synthetic
column_concentrated,SYN0067,384,479,synthetic
column_concentrated,SYN0067,392,479,synthetic
column_concentrated,SYN0067,443,479,synthetic
column_concentrated,SYN0067,449,479,synthetic
column_concentrated,SYN0067,456,479,synthetic
column_concentrated,SYN0067,457,479,synthetic
column_concentrated,SYN0067,460,479,synthetic
column_concentrated,SYN0067,461,479,synthetic
column_concentrated,SYN0067,462,479,synthetic
column_concentrated,SYN0067,463,479,synthetic
column_concentrated,SYN0067,466,479,synthetic
column_concentrated,SYN0067,471,479,synthetic
column_concentrated,SYN0067,479,479,synthetic
column_concentrated,SYN0067,495,479,synthetic
column_concentrated,SYN0067,499,479,synthetic
column_concentrated,SYN0067,510,479,synthetic
column_concentrated,SYN0067,517,479,synthetic
column_concentrated,SYN0067,519,479,synthetic
column_concentrated,SYN0067,523,479,synthetic
column_concentrated,SYN0067,528,479,synthetic
column_concentrated,SYN0067,529,479,synthetic
column_concentrated,SYN0067,532,479,synthetic
column_concentrated,SYN0067,542,479,synthetic
column_concentrated,SYN0067,549,479,synthetic
column_concentrated,SYN0067,553,479,synthetic
column_concentrated,SYN0067,569,479,synthetic
column_concentrated,SYN0067,574,479,synthetic
column_concentrated,SYN0067,594,479,synthetic
column_concentrated,SYN0067,596,479,synthetic
column_concentrated,SYN0067,600,479,synthetic
column_concentrated,SYN0067,604,479,synthetic
column_concentrated,SYN0067,610,479,synthetic
column_concentrated,SYN0067,615,479,synthetic
column_concentrated,SYN0067,647,479,synthetic
column_concentrated,SYN0067,650,479,synthetic
column_concentrated,SYN0067,655,479,synthetic
column_concentrated,SYN0067,656,479,synthetic
column_concentrated,SYN0067,661,479,synthetic
column_concentrated,SYN0067,663,479,synthetic
column_concentrated,SYN0067,664,479,synthetic
column_concentrated,SYN0067,670,479,synthetic
column_concentrated,SYN0067,684,479,synthetic
column_concentrated,SYN0067,717,479,synthetic
column_concentrated,SYN0067,720,479,synthetic
column_concentrated,SYN0067,722,479,synthetic
column_concentrated,SYN0067,725,479,synthetic
column_concentrated,SYN0067,734,479,synthetic
column_concentrated,SYN0067,737,479,synthetic
column_concentrated,SYN0067,750,479,synthetic
column_concentrated,SYN0067,763,479,synthetic
column_concentrated,SYN0067,778,479,synthetic
column_concentrated,SYN0067,782,479,synthetic
column_concentrated,SYN0067,783,479,synthetic
column_concentrated,SYN0067,804,479,synthetic
column_concentrated,SYN0067,808,479,synthetic
column_concentrated,SYN0067,810,479,synthetic
column_concentrated,SYN0067,824,479,synthetic
column_concentrated,SYN0067,849,479,synthetic
column_concentrated,SYN0067,850,479,synthetic
column_concentrated,SYN0067,853,479,synthetic
column_concentrated,SYN0067,854,479,synthetic
column_concentrated,SYN0067,858,479,synthetic
column_concentrated,SYN0067,879,479,synthetic
column_concentrated,SYN0067,883,479,synthetic
column_concentrated,SYN0067,893,479,synthetic
column_concentrated,SYN0067,894,479,synthetic
column_concentrated,SYN0067,922,479,synthetic
column_concentrated,SYN0067,937,479,synthetic
column_concentrated,SYN0067,948,479,synthetic
column_concentrated,SYN0067,954,479,synthetic
column_concentrated,SYN0067,967,479,synthetic
column_concentrated,SYN0067,1005,479,synthetic
column_concentrated,SYN0068,10,700,synthetic
column_concentrated,SYN0068,18,700,synthetic
column_concentrated,SYN0068,25,700,synthetic
column_concentrated,SYN0068,45,700,synthetic
column_concentrated,SYN0068,54,700,synthetic
column_concentrated,SYN0068,67,700,synthetic
column_concentrated,SYN0068,71,700,synthetic
column_concentrated,SYN0068,77,700,synthetic
column_concentrated,SYN0068,78,700,synthetic
column_concentrated,SYN0068,84,700,synthetic
column_concentrated,SYN0068,88,700,synthetic
column_concentrated,SYN0068,93,700,synthetic
column_concentrated,SYN0068,101,700,synthetic
column_concentrated,SYN0068,104,700,synthetic
column_concentrated,SYN0068,116,700,synthetic
column_concentrated,SYN0068,119,700,synthetic
column_concentrated,SYN0068,121,700,synthetic
column_concentrated,SYN0068,138,700,synthetic
column_concentrated,SYN0068,141,700,synthetic
column_concentrated,SYN0068,149,700,synthetic
column_concentrated,SYN0068,153,700,synthetic
column_concentrated,SYN0068,157,700,synthetic
column_concentrated,SYN0068,160,700,synthetic
column_concentrated,SYN0068,162,700,synthetic
column_concentrated,SYN0068,176,700,synthetic
column_concentrated,SYN0068,187,700,synthetic
column_concentrated,SYN0068,189,700,synthetic
column_concentrated,SYN0068,212,700,synthetic
column_concentrated,SYN0068,216,700,synthetic
column_concentrated,SYN0068,220,700,synthetic
column_concentrated,SYN0068,221,700,synthetic
column_concentrated,SYN0068,259,700,synthetic
column_concentrated,SYN0068,265,700,synthetic
column_concentrated,SYN0068,278,700,synthetic
column_concentrated,SYN0068,287,700,synthetic
column_concentrated,SYN0068,290,700,synthetic
column_concentrated,SYN0068,307,700,synthetic
column_concentrated,SYN0068,325,700,synthetic
column_concentrated,SYN0068,328,700,synthetic
column_concentrated,SYN0068,367,700,synthetic
column_concentrated,SYN0068,371,700,synthetic
column_concentrated,SYN0068,375,700,synthetic
column_concentrated,SYN0068,379,700,synthetic
column_concentrated,SYN0068,389,700,synthetic
column_concentrated,SYN0068,390,700,synthetic
column_concentrated,SYN0068,399,700,synthetic
column_concentrated,SYN0068,401,700,synthetic
column_concentrated,SYN0068,404,700,synthetic
column_concentrated,SYN0068,415,700,synthetic
column_concentrated,SYN0068,435,700,synthetic
column_concentrated,SYN0068,456,700,synthetic
column_concentrated,SYN0068,465,700,synthetic
column_concentrated,SYN0068,477,700,synthetic
column_concentrated,SYN0068,484,700,synthetic
column_concentrated,SYN0068,486,700,synthetic
column_concentrated,SYN0068,492,700,synthetic
column_concentrated,SYN0068,516,700,synthetic
column_concentrated,SYN0068,530,700,synthetic
column_concentrated,SYN0068,537,700,synthetic
column_concentrated,SYN0068,570,700,synthetic
column_concentrated,SYN0068,575,700,synthetic
column_concentrated,SYN0068,584,700,synthetic
column_concentrated,SYN0068,586,700,synthetic
column_concentrated,SYN0068,587,700,synthetic
column_concentrated,SYN0068,589,700,synthetic
column_concentrated,SYN0068,590,700,synthetic
column_concentrated,SYN0068,591,700,synthetic
column_concentrated,SYN0068,600,700,synthetic
column_concentrated,SYN0068,601,700,synthetic
column_concentrated,SYN0068,606,700,synthetic
column_concentrated,SYN0068,613,700,synthetic
column_concentrated,SYN0068,619,700,synthetic
column_concentrated,SYN0068,630,700,synthetic
column_concentrated,SYN0068,643,700,synthetic
column_concentrated,SYN0068,649,700,synthetic
column_concentrated,SYN0068,650,700,synthetic
column_concentrated,SYN0068,657,700,synthetic
column_concentrated,SYN0068,662,700,synthetic
column_concentrated,SYN0068,678,700,synthetic
column_concentrated,SYN0068,697,700,synthetic
column_concentrated,SYN0068,701,700,synthetic
column_concentrated,SYN0068,703,700,synthetic
column_concentrated,SYN0068,711,700,synthetic
column_concentrated,SYN0068,715,700,synthetic
column_concentrated,SYN0068,718,700,synthetic
column_concentrated,SYN0068,724,700,synthetic
column_concentrated,SYN0068,733,700,synthetic
column_concentrated,SYN0068,745,700,synthetic
column_concentrated,SYN0068,749,700,synthetic
column_concentrated,SYN0068,782,700,synthetic
column_concentrated,SYN0068,784,700,synthetic
column_concentrated,SYN0068,785,700,synthetic
column_concentrated,SYN0068,791,700,synthetic
column_concentrated,SYN0068,793,700,synthetic
column_concentrated,SYN0068,807,700,synthetic
column_concentrated,SYN0068,815,700,synthetic
column_concentrated,SYN0068,820,700,synthetic
column_concentrated,SYN0068,837,700,synthetic
column_concentrated,SYN0068,845,700,synthetic
column_concentrated,SYN0068,860,700,synthetic
column_concentrated,SYN0068,871,700,synthetic
column_concentrated,SYN0068,885,700,synthetic
column_concentrated,SYN0068,893,700,synthetic
column_concentrated,SYN0068,897,700,synthetic
column_concentrated,SYN0068,914,700,synthetic
column_concentrated,SYN0068,921,700,synthetic
column_concentrated,SYN0068,928,700,synthetic
column_concentrated,SYN0068,931,700,synthetic
column_concentrated,SYN0068,945,700,synthetic
column_concentrated,SYN0068,947,700,synthetic
column_concentrated,SYN0068,950,700,synthetic
column_concentrated,SYN0068,962,700,synthetic
column_concentrated,SYN0068,970,700,synthetic
column_concentrated,SYN0068,987,700,synthetic
column_concentrated,SYN0068,998,700,synthetic
column_concentrated,SYN0068,1001,700,synthetic
column_concentrated,SYN0068,1007,700,synthetic
column_concentrated,SYN0068,1008,700,synthetic
column_concentrated,SYN0068,1009,700,synthetic
column_concentrated,SYN0069,0,173,synthetic
column_concentrated,SYN0069,11,173,synthetic
column_concentrated,SYN0069,24,173,synthetic
column_concentrated,SYN0069,33,173,synthetic
column_concentrated,SYN0069,36,173,synthetic
column_concentrated,SYN0069,50,173,synthetic
column_concentrated,SYN0069,53,173,synthetic
column_concentrated,SYN0069,55,173,synthetic
column_concentrated,SYN0069,58,173,synthetic
column_concentrated,SYN0069,62,173,synthetic
column_concentrated,SYN0069,65,173,synthetic
column_concentrated,SYN0069,66,173,synthetic
column_concentrated,SYN0069,72,173,synthetic
column_concentrated,SYN0069,91,173,synthetic
column_concentrated,SYN0069,92,173,synthetic
column_concentrated,SYN0069,97,173,synthetic
column_concentrated,SYN0069,102,173,synthetic
column_concentrated,SYN0069,110,173,synthetic
column_concentrated,SYN0069,111,173,synthetic
column_concentrated,SYN0069,139,173,synthetic
column_concentrated,SYN0069,147,173,synthetic
column_concentrated,SYN0069,150,173,synthetic
column_concentrated,SYN0069,159,173,synthetic
column_concentrated,SYN0069,170,173,synthetic
column_concentrated,SYN0069,172,173,synthetic
column_concentrated,SYN0069,174,173,synthetic
column_concentrated,SYN0069,176,173,synthetic
column_concentrated,SYN0069,177,173,synthetic
column_concentrated,SYN0069,186,173,synthetic
column_concentrated,SYN0069,191,173,synthetic
column_concentrated,SYN0069,196,173,synthetic
column_concentrated,SYN0069,206,173,synthetic
column_concentrated,SYN0069,214,173,synthetic
column_concentrated,SYN0069,216,173,synthetic
column_concentrated,SYN0069,220,173,synthetic
column_concentrated,SYN0069,226,173,synthetic
column_concentrated,SYN0069,228,173,synthetic
column_concentrated,SYN0069,232,173,synthetic
column_concentrated,SYN0069,234,173,synthetic
column_concentrated,SYN0069,235,173,synthetic
column_concentrated,SYN0069,236,173,synthetic
column_concentrated,SYN0069,245,173,synthetic
column_concentrated,SYN0069,250,173,synthetic
column_concentrated,SYN0069,264,173,synthetic
column_concentrated,SYN0069,293,173,synthetic
column_concentrated,SYN0069,294,173,synthetic
column_concentrated,SYN0069,296,173,synthetic
column_concentrated,SYN0069,314,173,synthetic
column_concentrated,SYN0069,316,173,synthetic
column_concentrated,SYN0069,318,173,synthetic
column_concentrated,SYN0069,320,173,synthetic
column_concentrated,SYN0069,321,173,synthetic
column_concentrated,SYN0069,346,173,synthetic
column_concentrated,SYN0069,353,173,synthetic
column_concentrated,SYN0069,358,173,synthetic
column_concentrated,SYN0069,363,173,synthetic
column_concentrated,SYN0069,364,173,synthetic
column_concentrated,SYN0069,369,173,synthetic
column_concentrated,SYN0069,372,173,synthetic
column_concentrated,SYN0069,375,173,synthetic
column_concentrated,SYN0069,379,173,synthetic
column_concentrated,SYN0069,384,173,synthetic
column_concentrated,SYN0069,385,173,synthetic
column_concentrated,SYN0069,395,173,synthetic
column_concentrated,SYN0069,397,173,synthetic
column_concentrated,SYN0069,400,173,synthetic
column_concentrated,SYN0069,401,173,synthetic
column_concentrated,SYN0069,413,173,synthetic
column_concentrated,SYN0069,415,173,synthetic
column_concentrated,SYN0069,416,173,synthetic
column_concentrated,SYN0069,425,173,synthetic
column_concentrated,SYN0069,428,173,synthetic
column_concentrated,SYN0069,430,173,synthetic
column_concentrated,SYN0069,437,173,synthetic
column_concentrated,SYN0069,443,173,synthetic
column_concentrated,SYN0069,452,173,synthetic
column_concentrated,SYN0069,467,173,synthetic
column_concentrated,SYN0069,478,173,synthetic
column_concentrated,SYN0069,479,173,synthetic
column_concentrated,SYN0069,494,173,synthetic
column_concentrated,SYN0069,497,173,synthetic
column_concentrated,SYN0069,502,173,synthetic
column_concentrated,SYN0069,514,173,synthetic
column_concentrated,SYN0069,523,173,synthetic
column_concentrated,SYN0069,534,173,synthetic
column_concentrated,SYN0069,557,173,synthetic
column_concentrated,SYN0069,562,173,synthetic
column_concentrated,SYN0069,567,173,synthetic
column_concentrated,SYN0069,570,173,synthetic
column_concentrated,SYN0069,572,173,synthetic
column_concentrated,SYN0069,591,173,synthetic
column_concentrated,SYN0069,596,173,synthetic
column_concentrated,SYN0069,600,173,synthetic
column_concentrated,SYN0069,613,173,synthetic
column_concentrated,SYN0069,614,173,synthetic
column_concentrated,SYN0069,618,173,synthetic
column_concentrated,SYN0069,631,173,synthetic
column_concentrated,SYN0069,639,173,synthetic
column_concentrated,SYN0069,641,173,synthetic
column_concentrated,SYN0069,649,173,synthetic
column_concentrated,SYN0069,668,173,synthetic
column_concentrated,SYN0069,670,173,synthetic
column_concentrated,SYN0069,673,173,synthetic
column_concentrated,SYN0069,681,173,synthetic
column_concentrated,SYN0069,695,173,synthetic
column_concentrated,SYN0069,700,173,synthetic
column_concentrated,SYN0069,705,173,synthetic
column_concentrated,SYN0069,708,173,synthetic
column_concentrated,SYN0069,712,173,synthetic
column_concentrated,SYN0069,717,173,synthetic
column_concentrated,SYN0069,723,173,synthetic
column_concentrated,SYN0069,724,173,synthetic
column_concentrated,SYN0069,730,173,synthetic
column_concentrated,SYN0069,734,173,synthetic
column_concentrated,SYN0069,742,173,synthetic
column_concentrated,SYN0069,747,173,synthetic
column_concentrated,SYN0069,764,173,synthetic
column_concentrated,SYN0069,773,173,synthetic
column_concentrated,SYN0069,775,173,synthetic
column_concentrated,SYN0069,777,173,synthetic
column_concentrated,SYN0069,778,173,synthetic
column_concentrated,SYN0069,781,173,synthetic
column_concentrated,SYN0069,784,173,synthetic
column_concentrated,SYN0069,788,173,synthetic
column_concentrated,SYN0069,789,173,synthetic
column_concentrated,SYN0069,790,173,synthetic
column_concentrated,SYN0069,794,173,synthetic
column_concentrated,SYN0069,810,173,synthetic
column_concentrated,SYN0069,820,173,synthetic
column_concentrated,SYN0069,823,173,synthetic
column_concentrated,SYN0069,829,173,synthetic
column_concentrated,SYN0069,833,173,synthetic
column_concentrated,SYN0069,837,173,synthetic
column_concentrated,SYN0069,844,173,synthetic
column_concentrated,SYN0069,845,173,synthetic
column_concentrated,SYN0069,847,173,synthetic
column_concentrated,SYN0069,851,173,synthetic
column_concentrated,SYN0069,879,173,synthetic
column_concentrated,SYN0069,883,173,synthetic
column_concentrated,SYN0069,917,173,synthetic
column_concentrated,SYN0069,928,173,synthetic
column_concentrated,SYN0069,929,173,synthetic
column_concentrated,SYN0069,939,173,synthetic
column_concentrated,SYN0069,947,173,synthetic
column_concentrated,SYN0069,949,173,synthetic
column_concentrated,SYN0069,950,173,synthetic
column_concentrated,SYN0069,966,173,synthetic
column_concentrated,SYN0069,973,173,synthetic
column_concentrated,SYN0069,981,173,synthetic
column_concentrated,SYN0069,989,173,synthetic
column_concentrated,SYN0069,993,173,synthetic
column_concentrated,SYN0069,996,173,synthetic
column_concentrated,SYN0069,997,173,synthetic
column_concentrated,SYN0069,1001,173,synthetic
column_concentrated,SYN0069,1010,173,synthetic
column_concentrated,SYN0069,1021,173,synthetic
column_concentrated,SYN0070,7,693,synthetic
column_concentrated,SYN0070,8,693,synthetic
column_concentrated,SYN0070,12,693,synthetic
column_concentrated,SYN0070,14,693,synthetic
column_concentrated,SYN0070,16,693,synthetic
column_concentrated,SYN0070,22,693,synthetic
column_concentrated,SYN0070,25,693,synthetic
column_concentrated,SYN0070,30,693,synthetic
column_concentrated,SYN0070,33,693,synthetic
column_concentrated,SYN0070,52,693,synthetic
column_concentrated,SYN0070,53,693,synthetic
column_concentrated,SYN0070,66,693,synthetic
column_concentrated,SYN0070,68,693,synthetic
column_concentrated,SYN0070,70,693,synthetic
column_concentrated,SYN0070,77,693,synthetic
column_concentrated,SYN0070,88,693,synthetic
column_concentrated,SYN0070,118,693,synthetic
column_concentrated,SYN0070,119,693,synthetic
column_concentrated,SYN0070,126,693,synthetic
column_concentrated,SYN0070,132,693,synthetic
column_concentrated,SYN0070,133,693,synthetic
column_concentrated,SYN0070,139,693,synthetic
column_concentrated,SYN0070,149,693,synthetic
column_concentrated,SYN0070,173,693,synthetic
column_concentrated,SYN0070,174,693,synthetic
column_concentrated,SYN0070,181,693,synthetic
column_concentrated,SYN0070,191,693,synthetic
column_concentrated,SYN0070,197,693,synthetic
column_concentrated,SYN0070,200,693,synthetic
column_concentrated,SYN0070,209,693,synthetic
column_concentrated,SYN0070,233,693,synthetic
column_concentrated,SYN0070,234,693,synthetic
column_concentrated,SYN0070,243,693,synthetic
column_concentrated,SYN0070,250,693,synthetic
column_concentrated,SYN0070,269,693,synthetic
column_concentrated,SYN0070,272,693,synthetic
column_concentrated,SYN0070,279,693,synthetic
column_concentrated,SYN0070,281,693,synthetic
column_concentrated,SYN0070,286,693,synthetic
column_concentrated,SYN0070,296,693,synthetic
column_concentrated,SYN0070,313,693,synthetic
column_concentrated,SYN0070,315,693,synthetic
column_concentrated,SYN0070,323,693,synthetic
column_concentrated,SYN0070,324,693,synthetic
column_concentrated,SYN0070,330,693,synthetic
column_concentrated,SYN0070,331,693,synthetic
column_concentrated,SYN0070,340,693,synthetic
column_concentrated,SYN0070,343,693,synthetic
column_concentrated,SYN0070,348,693,synthetic
column_concentrated,SYN0070,349,693,synthetic
column_concentrated,SYN0070,364,693,synthetic
column_concentrated,SYN0070,370,693,synthetic
column_concentrated,SYN0070,372,693,synthetic
column_concentrated,SYN0070,373,693,synthetic
column_concentrated,SYN0070,396,693,synthetic
column_concentrated,SYN0070,397,693,synthetic
column_concentrated,SYN0070,398,693,synthetic
column_concentrated,SYN0070,400,693,synthetic
column_concentrated,SYN0070,430,693,synthetic
column_concentrated,SYN0070,437,693,synthetic
column_concentrated,SYN0070,446,693,synthetic
column_concentrated,SYN0070,458,693,synthetic
column_concentrated,SYN0070,460,693,synthetic
column_concentrated,SYN0070,461,693,synthetic
column_concentrated,SYN0070,463,693,synthetic
column_concentrated,SYN0070,466,693,synthetic
column_concentrated,SYN0070,487,693,synthetic
column_concentrated,SYN0070,502,693,synthetic
column_concentrated,SYN0070,516,693,synthetic
column_concentrated,SYN0070,519,693,synthetic
column_concentrated,SYN0070,526,693,synthetic
column_concentrated,SYN0070,546,693,synthetic
column_concentrated,SYN0070,561,693,synthetic
column_concentrated,SYN0070,566,693,synthetic
column_concentrated,SYN0070,580,693,synthetic
column_concentrated,SYN0070,586,693,synthetic
column_concentrated,SYN0070,594,693,synthetic
column_concentrated,SYN0070,601,693,synthetic
column_concentrated,SYN0070,613,693,synthetic
column_concentrated,SYN0070,634,693,synthetic
column_concentrated,SYN0070,671,693,synthetic
column_concentrated,SYN0070,676,693,synthetic
column_concentrated,SYN0070,684,693,synthetic
column_concentrated,SYN0070,687,693,synthetic
column_concentrated,SYN0070,690,693,synthetic
column_concentrated,SYN0070,709,693,synthetic
column_concentrated,SYN0070,726,693,synthetic
column_concentrated,SYN0070,728,693,synthetic
column_concentrated,SYN0070,729,693,synthetic
column_concentrated,SYN0070,746,693,synthetic
column_concentrated,SYN0070,749,693,synthetic
column_concentrated,SYN0070,754,693,synthetic
column_concentrated,SYN0070,762,693,synthetic
column_concentrated,SYN0070,782,693,synthetic
column_concentrated,SYN0070,793,693,synthetic
column_concentrated,SYN0070,796,693,synthetic
column_concentrated,SYN0070,814,693,synthetic
column_concentrated,SYN0070,817,693,synthetic
column_concentrated,SYN0070,839,693,synthetic
column_concentrated,SYN0070,845,693,synthetic
column_concentrated,SYN0070,855,693,synthetic
column_concentrated,SYN0070,863,693,synthetic
column_concentrated,SYN0070,864,693,synthetic
column_concentrated,SYN0070,877,693,synthetic
column_concentrated,SYN0070,888,693,synthetic
column_concentrated,SYN0070,898,693,synthetic
column_concentrated,SYN0070,917,693,synthetic
column_concentrated,SYN0070,921,693,synthetic
column_concentrated,SYN0070,928,693,synthetic
column_concentrated,SYN0070,929,693,synthetic
column_concentrated,SYN0070,930,693,synthetic
column_concentrated,SYN0070,932,693,synthetic
column_concentrated,SYN0070,981,693,synthetic
local_cluster,SYN0071,244,742,synthetic
local_cluster,SYN0071,244,748,synthetic
local_cluster,SYN0071,244,749,synthetic
local_cluster,SYN0071,244,753,synthetic
local_cluster,SYN0071,245,748,synthetic
local_cluster,SYN0071,245,754,synthetic
local_cluster,SYN0071,247,744,synthetic
local_cluster,SYN0071,247,751,synthetic
local_cluster,SYN0071,247,755,synthetic
local_cluster,SYN0071,248,742,synthetic
local_cluster,SYN0071,248,753,synthetic
local_cluster,SYN0071,248,757,synthetic
local_cluster,SYN0071,249,744,synthetic
local_cluster,SYN0071,249,747,synthetic
local_cluster,SYN0071,249,753,synthetic
local_cluster,SYN0071,249,755,synthetic
local_cluster,SYN0071,249,756,synthetic
local_cluster,SYN0071,250,748,synthetic
local_cluster,SYN0071,250,750,synthetic
local_cluster,SYN0071,250,755,synthetic
local_cluster,SYN0071,250,757,synthetic
local_cluster,SYN0071,251,743,synthetic
local_cluster,SYN0071,251,754,synthetic
local_cluster,SYN0071,252,745,synthetic
local_cluster,SYN0071,252,747,synthetic
local_cluster,SYN0071,252,750,synthetic
local_cluster,SYN0071,253,749,synthetic
local_cluster,SYN0071,253,754,synthetic
local_cluster,SYN0071,254,744,synthetic
local_cluster,SYN0071,254,745,synthetic
local_cluster,SYN0071,254,746,synthetic
local_cluster,SYN0071,254,748,synthetic
local_cluster,SYN0071,254,752,synthetic
local_cluster,SYN0071,255,746,synthetic
local_cluster,SYN0071,255,752,synthetic
local_cluster,SYN0071,255,756,synthetic
local_cluster,SYN0071,256,743,synthetic
local_cluster,SYN0071,256,744,synthetic
local_cluster,SYN0071,256,746,synthetic
local_cluster,SYN0071,256,752,synthetic
local_cluster,SYN0071,256,754,synthetic
local_cluster,SYN0071,256,757,synthetic
local_cluster,SYN0071,257,744,synthetic
local_cluster,SYN0071,257,747,synthetic
local_cluster,SYN0071,257,750,synthetic
local_cluster,SYN0071,258,744,synthetic
local_cluster,SYN0071,258,745,synthetic
local_cluster,SYN0071,258,748,synthetic
local_cluster,SYN0071,258,753,synthetic
local_cluster,SYN0071,258,755,synthetic
local_cluster,SYN0071,259,743,synthetic
local_cluster,SYN0071,259,744,synthetic
local_cluster,SYN0071,259,747,synthetic
local_cluster,SYN0071,259,748,synthetic
local_cluster,SYN0072,345,721,synthetic
local_cluster,SYN0072,345,724,synthetic
local_cluster,SYN0072,345,725,synthetic
local_cluster,SYN0072,345,726,synthetic
local_cluster,SYN0072,345,728,synthetic
local_cluster,SYN0072,345,729,synthetic
local_cluster,SYN0072,345,731,synthetic
local_cluster,SYN0072,345,732,synthetic
local_cluster,SYN0072,345,733,synthetic
local_cluster,SYN0072,346,721,synthetic
local_cluster,SYN0072,346,722,synthetic
local_cluster,SYN0072,346,725,synthetic
local_cluster,SYN0072,346,728,synthetic
local_cluster,SYN0072,346,731,synthetic
local_cluster,SYN0072,346,733,synthetic
local_cluster,SYN0072,346,734,synthetic
local_cluster,SYN0072,347,720,synthetic
local_cluster,SYN0072,347,721,synthetic
local_cluster,SYN0072,347,725,synthetic
local_cluster,SYN0072,347,727,synthetic
local_cluster,SYN0072,347,731,synthetic
local_cluster,SYN0072,347,732,synthetic
local_cluster,SYN0072,347,734,synthetic
local_cluster,SYN0072,347,735,synthetic
local_cluster,SYN0072,348,721,synthetic
local_cluster,SYN0072,348,722,synthetic
local_cluster,SYN0072,348,724,synthetic
local_cluster,SYN0072,348,726,synthetic
local_cluster,SYN0072,348,733,synthetic
local_cluster,SYN0072,349,722,synthetic
local_cluster,SYN0072,349,723,synthetic
local_cluster,SYN0072,349,724,synthetic
local_cluster,SYN0072,349,725,synthetic
local_cluster,SYN0072,349,726,synthetic
local_cluster,SYN0072,349,727,synthetic
local_cluster,SYN0072,349,729,synthetic
local_cluster,SYN0072,349,730,synthetic
local_cluster,SYN0072,349,731,synthetic
local_cluster,SYN0072,349,732,synthetic
local_cluster,SYN0072,349,733,synthetic
local_cluster,SYN0072,350,721,synthetic
local_cluster,SYN0072,350,722,synthetic
local_cluster,SYN0072,350,726,synthetic
local_cluster,SYN0072,350,728,synthetic
local_cluster,SYN0072,350,729,synthetic
local_cluster,SYN0072,350,730,synthetic
local_cluster,SYN0072,350,731,synthetic
local_cluster,SYN0072,350,734,synthetic
local_cluster,SYN0072,350,735,synthetic
local_cluster,SYN0072,351,721,synthetic
local_cluster,SYN0072,351,726,synthetic
local_cluster,SYN0072,351,727,synthetic
local_cluster,SYN0072,351,728,synthetic
local_cluster,SYN0072,351,730,synthetic
local_cluster,SYN0072,351,731,synthetic
local_cluster,SYN0072,351,735,synthetic
local_cluster,SYN0072,352,721,synthetic
local_cluster,SYN0072,352,722,synthetic
local_cluster,SYN0072,352,723,synthetic
local_cluster,SYN0072,352,725,synthetic
local_cluster,SYN0072,352,728,synthetic
local_cluster,SYN0072,352,730,synthetic
local_cluster,SYN0072,352,734,synthetic
local_cluster,SYN0072,352,735,synthetic
local_cluster,SYN0072,353,728,synthetic
local_cluster,SYN0072,353,729,synthetic
local_cluster,SYN0072,353,731,synthetic
local_cluster,SYN0072,353,733,synthetic
local_cluster,SYN0072,354,723,synthetic
local_cluster,SYN0072,354,725,synthetic
local_cluster,SYN0072,354,726,synthetic
local_cluster,SYN0072,354,727,synthetic
local_cluster,SYN0072,354,728,synthetic
local_cluster,SYN0072,354,729,synthetic
local_cluster,SYN0072,354,732,synthetic
local_cluster,SYN0072,355,724,synthetic
local_cluster,SYN0072,355,727,synthetic
local_cluster,SYN0072,355,732,synthetic
local_cluster,SYN0072,355,735,synthetic
local_cluster,SYN0072,356,728,synthetic
local_cluster,SYN0072,356,729,synthetic
local_cluster,SYN0072,356,730,synthetic
local_cluster,SYN0072,356,732,synthetic
local_cluster,SYN0072,357,720,synthetic
local_cluster,SYN0072,357,725,synthetic
local_cluster,SYN0072,357,726,synthetic
local_cluster,SYN0072,357,727,synthetic
local_cluster,SYN0072,357,728,synthetic
local_cluster,SYN0072,357,732,synthetic
local_cluster,SYN0072,357,734,synthetic
local_cluster,SYN0072,357,735,synthetic
local_cluster,SYN0072,358,722,synthetic
local_cluster,SYN0072,358,724,synthetic
local_cluster,SYN0072,358,726,synthetic
local_cluster,SYN0072,358,728,synthetic
local_cluster,SYN0072,358,730,synthetic
local_cluster,SYN0072,358,731,synthetic
local_cluster,SYN0072,359,721,synthetic
local_cluster,SYN0072,359,726,synthetic
local_cluster,SYN0072,359,730,synthetic
local_cluster,SYN0072,359,731,synthetic
local_cluster,SYN0072,359,732,synthetic
local_cluster,SYN0072,360,720,synthetic
local_cluster,SYN0072,360,721,synthetic
local_cluster,SYN0072,360,723,synthetic
local_cluster,SYN0072,360,724,synthetic
local_cluster,SYN0072,360,726,synthetic
local_cluster,SYN0072,360,727,synthetic
local_cluster,SYN0072,360,728,synthetic
local_cluster,SYN0072,360,729,synthetic
local_cluster,SYN0072,360,730,synthetic
local_cluster,SYN0072,360,733,synthetic
local_cluster,SYN0072,360,735,synthetic
local_cluster,SYN0073,969,889,synthetic
local_cluster,SYN0073,969,891,synthetic
local_cluster,SYN0073,969,892,synthetic
local_cluster,SYN0073,969,901,synthetic
local_cluster,SYN0073,970,895,synthetic
local_cluster,SYN0073,970,898,synthetic
local_cluster,SYN0073,970,902,synthetic
local_cluster,SYN0073,971,889,synthetic
local_cluster,SYN0073,971,896,synthetic
local_cluster,SYN0073,971,897,synthetic
local_cluster,SYN0073,971,898,synthetic
local_cluster,SYN0073,971,901,synthetic
local_cluster,SYN0073,972,889,synthetic
local_cluster,SYN0073,972,892,synthetic
local_cluster,SYN0073,972,895,synthetic
local_cluster,SYN0073,972,896,synthetic
local_cluster,SYN0073,972,897,synthetic
local_cluster,SYN0073,972,898,synthetic
local_cluster,SYN0073,972,900,synthetic
local_cluster,SYN0073,973,890,synthetic
local_cluster,SYN0073,973,896,synthetic
local_cluster,SYN0073,974,895,synthetic
local_cluster,SYN0073,974,901,synthetic
local_cluster,SYN0073,975,889,synthetic
local_cluster,SYN0073,976,894,synthetic
local_cluster,SYN0073,976,896,synthetic
local_cluster,SYN0073,976,899,synthetic
local_cluster,SYN0073,977,892,synthetic
local_cluster,SYN0073,977,896,synthetic
local_cluster,SYN0073,977,897,synthetic
local_cluster,SYN0073,977,898,synthetic
local_cluster,SYN0073,977,902,synthetic
local_cluster,SYN0073,978,891,synthetic
local_cluster,SYN0073,978,892,synthetic
local_cluster,SYN0073,978,898,synthetic
local_cluster,SYN0073,978,901,synthetic
local_cluster,SYN0073,978,903,synthetic
local_cluster,SYN0073,979,889,synthetic
local_cluster,SYN0073,979,901,synthetic
local_cluster,SYN0073,980,890,synthetic
local_cluster,SYN0073,980,892,synthetic
local_cluster,SYN0073,980,893,synthetic
local_cluster,SYN0073,980,894,synthetic
local_cluster,SYN0073,980,898,synthetic
local_cluster,SYN0073,980,902,synthetic
local_cluster,SYN0073,981,889,synthetic
local_cluster,SYN0073,981,891,synthetic
local_cluster,SYN0073,981,892,synthetic
local_cluster,SYN0073,981,899,synthetic
local_cluster,SYN0073,982,890,synthetic
local_cluster,SYN0073,982,901,synthetic
local_cluster,SYN0073,982,902,synthetic
local_cluster,SYN0073,982,904,synthetic
local_cluster,SYN0073,983,890,synthetic
local_cluster,SYN0073,983,891,synthetic
local_cluster,SYN0073,983,892,synthetic
local_cluster,SYN0073,983,894,synthetic
local_cluster,SYN0073,983,895,synthetic
local_cluster,SYN0073,983,898,synthetic
local_cluster,SYN0073,983,901,synthetic
local_cluster,SYN0073,983,903,synthetic
local_cluster,SYN0073,984,890,synthetic
local_cluster,SYN0073,984,892,synthetic
local_cluster,SYN0073,984,894,synthetic
local_cluster,SYN0073,984,897,synthetic
local_cluster,SYN0073,984,899,synthetic
local_cluster,SYN0073,984,901,synthetic
local_cluster,SYN0073,984,904,synthetic
local_cluster,SYN0074,682,171,synthetic
local_cluster,SYN0074,682,172,synthetic
local_cluster,SYN0074,682,175,synthetic
local_cluster,SYN0074,682,177,synthetic
local_cluster,SYN0074,682,179,synthetic
local_cluster,SYN0074,682,180,synthetic
local_cluster,SYN0074,682,184,synthetic
local_cluster,SYN0074,683,175,synthetic
local_cluster,SYN0074,683,180,synthetic
local_cluster,SYN0074,683,181,synthetic
local_cluster,SYN0074,683,184,synthetic
local_cluster,SYN0074,683,185,synthetic
local_cluster,SYN0074,684,171,synthetic
local_cluster,SYN0074,684,179,synthetic
local_cluster,SYN0074,684,181,synthetic
local_cluster,SYN0074,684,185,synthetic
local_cluster,SYN0074,685,170,synthetic
local_cluster,SYN0074,685,171,synthetic
local_cluster,SYN0074,685,174,synthetic
local_cluster,SYN0074,685,176,synthetic
local_cluster,SYN0074,685,180,synthetic
local_cluster,SYN0074,685,181,synthetic
local_cluster,SYN0074,685,183,synthetic
local_cluster,SYN0074,686,173,synthetic
local_cluster,SYN0074,686,177,synthetic
local_cluster,SYN0074,686,179,synthetic
local_cluster,SYN0074,686,180,synthetic
local_cluster,SYN0074,686,181,synthetic
local_cluster,SYN0074,687,170,synthetic
local_cluster,SYN0074,687,171,synthetic
local_cluster,SYN0074,687,172,synthetic
local_cluster,SYN0074,687,177,synthetic
local_cluster,SYN0074,687,178,synthetic
local_cluster,SYN0074,687,180,synthetic
local_cluster,SYN0074,687,183,synthetic
local_cluster,SYN0074,687,185,synthetic
local_cluster,SYN0074,688,172,synthetic
local_cluster,SYN0074,688,173,synthetic
local_cluster,SYN0074,688,176,synthetic
local_cluster,SYN0074,688,179,synthetic
local_cluster,SYN0074,688,183,synthetic
local_cluster,SYN0074,688,184,synthetic
local_cluster,SYN0074,689,171,synthetic
local_cluster,SYN0074,689,174,synthetic
local_cluster,SYN0074,689,176,synthetic
local_cluster,SYN0074,689,181,synthetic
local_cluster,SYN0074,689,182,synthetic
local_cluster,SYN0074,690,170,synthetic
local_cluster,SYN0074,690,171,synthetic
local_cluster,SYN0074,690,173,synthetic
local_cluster,SYN0074,690,174,synthetic
local_cluster,SYN0074,690,177,synthetic
local_cluster,SYN0074,690,178,synthetic
local_cluster,SYN0074,690,179,synthetic
local_cluster,SYN0074,690,181,synthetic
local_cluster,SYN0074,691,174,synthetic
local_cluster,SYN0074,692,170,synthetic
local_cluster,SYN0074,692,171,synthetic
local_cluster,SYN0074,692,176,synthetic
local_cluster,SYN0074,693,171,synthetic
local_cluster,SYN0074,693,172,synthetic
local_cluster,SYN0074,693,174,synthetic
local_cluster,SYN0074,693,176,synthetic
local_cluster,SYN0074,693,178,synthetic
local_cluster,SYN0074,693,181,synthetic
local_cluster,SYN0074,694,171,synthetic
local_cluster,SYN0074,694,172,synthetic
local_cluster,SYN0074,694,174,synthetic
local_cluster,SYN0074,694,176,synthetic
local_cluster,SYN0074,694,177,synthetic
local_cluster,SYN0074,694,183,synthetic
local_cluster,SYN0074,695,172,synthetic
local_cluster,SYN0074,695,175,synthetic
local_cluster,SYN0074,695,176,synthetic
local_cluster,SYN0074,695,178,synthetic
local_cluster,SYN0074,695,179,synthetic
local_cluster,SYN0074,695,180,synthetic
local_cluster,SYN0074,695,183,synthetic
local_cluster,SYN0074,696,171,synthetic
local_cluster,SYN0074,696,172,synthetic
local_cluster,SYN0074,696,174,synthetic
local_cluster,SYN0074,696,175,synthetic
local_cluster,SYN0074,696,177,synthetic
local_cluster,SYN0074,696,178,synthetic
local_cluster,SYN0074,696,180,synthetic
local_cluster,SYN0074,696,181,synthetic
local_cluster,SYN0074,696,184,synthetic
local_cluster,SYN0074,696,185,synthetic
local_cluster,SYN0074,697,171,synthetic
local_cluster,SYN0074,697,172,synthetic
local_cluster,SYN0074,697,175,synthetic
local_cluster,SYN0074,697,176,synthetic
local_cluster,SYN0074,697,177,synthetic
local_cluster,SYN0074,697,178,synthetic
local_cluster,SYN0074,697,179,synthetic
local_cluster,SYN0074,697,184,synthetic
local_cluster,SYN0075,456,938,synthetic
local_cluster,SYN0075,456,940,synthetic
local_cluster,SYN0075,456,947,synthetic
local_cluster,SYN0075,456,949,synthetic
local_cluster,SYN0075,457,939,synthetic
local_cluster,SYN0075,457,944,synthetic
local_cluster,SYN0075,457,946,synthetic
local_cluster,SYN0075,457,953,synthetic
local_cluster,SYN0075,458,939,synthetic
local_cluster,SYN0075,458,947,synthetic
local_cluster,SYN0075,458,949,synthetic
local_cluster,SYN0075,459,940,synthetic
local_cluster,SYN0075,460,938,synthetic
local_cluster,SYN0075,460,943,synthetic
local_cluster,SYN0075,460,945,synthetic
local_cluster,SYN0075,460,953,synthetic
local_cluster,SYN0075,461,938,synthetic
local_cluster,SYN0075,461,939,synthetic
local_cluster,SYN0075,461,942,synthetic
local_cluster,SYN0075,461,948,synthetic
local_cluster,SYN0075,461,953,synthetic
local_cluster,SYN0075,462,938,synthetic
local_cluster,SYN0075,462,941,synthetic
local_cluster,SYN0075,462,942,synthetic
local_cluster,SYN0075,462,943,synthetic
local_cluster,SYN0075,462,944,synthetic
local_cluster,SYN0075,462,945,synthetic
local_cluster,SYN0075,463,938,synthetic
local_cluster,SYN0075,463,940,synthetic
local_cluster,SYN0075,463,941,synthetic
local_cluster,SYN0075,463,945,synthetic
local_cluster,SYN0075,463,947,synthetic
local_cluster,SYN0075,464,938,synthetic
local_cluster,SYN0075,464,940,synthetic
local_cluster,SYN0075,464,945,synthetic
local_cluster,SYN0075,464,946,synthetic
local_cluster,SYN0075,465,938,synthetic
local_cluster,SYN0075,465,940,synthetic
local_cluster,SYN0075,465,944,synthetic
local_cluster,SYN0075,465,947,synthetic
local_cluster,SYN0075,465,948,synthetic
local_cluster,SYN0075,465,950,synthetic
local_cluster,SYN0075,466,943,synthetic
local_cluster,SYN0075,466,948,synthetic
local_cluster,SYN0075,466,949,synthetic
local_cluster,SYN0075,466,953,synthetic
local_cluster,SYN0075,467,939,synthetic
local_cluster,SYN0075,467,953,synthetic
local_cluster,SYN0075,468,946,synthetic
local_cluster,SYN0075,468,952,synthetic
local_cluster,SYN0075,469,945,synthetic
local_cluster,SYN0075,469,946,synthetic
local_cluster,SYN0075,469,947,synthetic
local_cluster,SYN0075,469,953,synthetic
local_cluster,SYN0075,470,940,synthetic
local_cluster,SYN0075,470,950,synthetic
local_cluster,SYN0075,470,952,synthetic
local_cluster,SYN0075,470,953,synthetic
local_cluster,SYN0075,471,938,synthetic
local_cluster,SYN0075,471,939,synthetic
local_cluster,SYN0075,471,940,synthetic
local_cluster,SYN0075,471,942,synthetic
local_cluster,SYN0075,471,950,synthetic
local_cluster,SYN0075,471,952,synthetic
local_cluster,SYN0076,152,901,synthetic
local_cluster,SYN0076,152,904,synthetic
local_cluster,SYN0076,152,906,synthetic
local_cluster,SYN0076,152,908,synthetic
local_cluster,SYN0076,153,905,synthetic
local_cluster,SYN0076,153,908,synthetic
local_cluster,SYN0076,154,894,synthetic
local_cluster,SYN0076,154,896,synthetic
local_cluster,SYN0076,154,897,synthetic
local_cluster,SYN0076,154,903,synthetic
local_cluster,SYN0076,154,904,synthetic
local_cluster,SYN0076,155,893,synthetic
local_cluster,SYN0076,155,894,synthetic
local_cluster,SYN0076,155,895,synthetic
local_cluster,SYN0076,155,898,synthetic
local_cluster,SYN0076,155,900,synthetic
local_cluster,SYN0076,155,903,synthetic
local_cluster,SYN0076,155,905,synthetic
local_cluster,SYN0076,156,896,synthetic
local_cluster,SYN0076,156,899,synthetic
local_cluster,SYN0076,156,900,synthetic
local_cluster,SYN0076,156,904,synthetic
local_cluster,SYN0076,156,905,synthetic
local_cluster,SYN0076,156,907,synthetic
local_cluster,SYN0076,157,899,synthetic
local_cluster,SYN0076,157,902,synthetic
local_cluster,SYN0076,157,903,synthetic
local_cluster,SYN0076,157,906,synthetic
local_cluster,SYN0076,157,908,synthetic
local_cluster,SYN0076,158,902,synthetic
local_cluster,SYN0076,158,905,synthetic
local_cluster,SYN0076,159,897,synthetic
local_cluster,SYN0076,159,899,synthetic
local_cluster,SYN0076,159,900,synthetic
local_cluster,SYN0076,159,905,synthetic
local_cluster,SYN0076,159,908,synthetic
local_cluster,SYN0076,160,894,synthetic
local_cluster,SYN0076,160,896,synthetic
local_cluster,SYN0076,160,897,synthetic
local_cluster,SYN0076,160,898,synthetic
local_cluster,SYN0076,160,902,synthetic
local_cluster,SYN0076,160,903,synthetic
local_cluster,SYN0076,160,907,synthetic
local_cluster,SYN0076,160,908,synthetic
local_cluster,SYN0076,161,893,synthetic
local_cluster,SYN0076,161,894,synthetic
local_cluster,SYN0076,161,897,synthetic
local_cluster,SYN0076,161,898,synthetic
local_cluster,SYN0076,161,905,synthetic
local_cluster,SYN0076,162,893,synthetic
local_cluster,SYN0076,162,896,synthetic
local_cluster,SYN0076,162,897,synthetic
local_cluster,SYN0076,162,899,synthetic
local_cluster,SYN0076,162,902,synthetic
local_cluster,SYN0076,162,907,synthetic
local_cluster,SYN0076,162,908,synthetic
local_cluster,SYN0076,163,898,synthetic
local_cluster,SYN0076,163,904,synthetic
local_cluster,SYN0076,163,906,synthetic
local_cluster,SYN0076,163,907,synthetic
local_cluster,SYN0076,164,902,synthetic
local_cluster,SYN0076,164,907,synthetic
local_cluster,SYN0076,165,894,synthetic
local_cluster,SYN0076,165,898,synthetic
local_cluster,SYN0076,165,901,synthetic
local_cluster,SYN0076,165,905,synthetic
local_cluster,SYN0076,165,907,synthetic
local_cluster,SYN0076,165,908,synthetic
local_cluster,SYN0076,166,893,synthetic
local_cluster,SYN0076,166,898,synthetic
local_cluster,SYN0076,166,899,synthetic
local_cluster,SYN0076,166,900,synthetic
local_cluster,SYN0076,166,903,synthetic
local_cluster,SYN0076,166,906,synthetic
local_cluster,SYN0076,166,907,synthetic
local_cluster,SYN0076,166,908,synthetic
local_cluster,SYN0076,167,893,synthetic
local_cluster,SYN0076,167,894,synthetic
local_cluster,SYN0076,167,897,synthetic
local_cluster,SYN0076,167,901,synthetic
local_cluster,SYN0076,167,903,synthetic
local_cluster,SYN0076,167,904,synthetic
local_cluster,SYN0076,167,906,synthetic
local_cluster,SYN0076,167,908,synthetic
local_cluster,SYN0077,370,936,synthetic
local_cluster,SYN0077,370,937,synthetic
local_cluster,SYN0077,370,942,synthetic
local_cluster,SYN0077,370,948,synthetic
local_cluster,SYN0077,371,936,synthetic
local_cluster,SYN0077,371,940,synthetic
local_cluster,SYN0077,371,943,synthetic
local_cluster,SYN0077,371,949,synthetic
local_cluster,SYN0077,371,951,synthetic
local_cluster,SYN0077,372,948,synthetic
local_cluster,SYN0077,372,950,synthetic
local_cluster,SYN0077,373,938,synthetic
local_cluster,SYN0077,373,939,synthetic
local_cluster,SYN0077,373,940,synthetic
local_cluster,SYN0077,373,950,synthetic
local_cluster,SYN0077,374,938,synthetic
local_cluster,SYN0077,374,951,synthetic
local_cluster,SYN0077,375,939,synthetic
local_cluster,SYN0077,375,944,synthetic
local_cluster,SYN0077,376,943,synthetic
local_cluster,SYN0077,376,950,synthetic
local_cluster,SYN0077,377,936,synthetic
local_cluster,SYN0077,377,938,synthetic
local_cluster,SYN0077,377,942,synthetic
local_cluster,SYN0077,377,943,synthetic
local_cluster,SYN0077,377,950,synthetic
local_cluster,SYN0077,378,939,synthetic
local_cluster,SYN0077,378,940,synthetic
local_cluster,SYN0077,378,951,synthetic
local_cluster,SYN0077,379,936,synthetic
local_cluster,SYN0077,379,938,synthetic
local_cluster,SYN0077,379,940,synthetic
local_cluster,SYN0077,379,950,synthetic
local_cluster,SYN0077,380,940,synthetic
local_cluster,SYN0077,380,942,synthetic
local_cluster,SYN0077,380,947,synthetic
local_cluster,SYN0077,381,936,synthetic
local_cluster,SYN0077,381,942,synthetic
local_cluster,SYN0077,381,944,synthetic
local_cluster,SYN0077,382,942,synthetic
local_cluster,SYN0077,383,937,synthetic
local_cluster,SYN0077,383,941,synthetic
local_cluster,SYN0077,383,944,synthetic
local_cluster,SYN0077,383,946,synthetic
local_cluster,SYN0077,383,949,synthetic
local_cluster,SYN0077,384,937,synthetic
local_cluster,SYN0077,384,942,synthetic
local_cluster,SYN0077,384,944,synthetic
local_cluster,SYN0077,384,950,synthetic
local_cluster,SYN0077,385,941,synthetic
local_cluster,SYN0077,385,945,synthetic
local_cluster,SYN0077,385,951,synthetic
local_cluster,SYN0078,290,439,synthetic
local_cluster,SYN0078,290,447,synthetic
local_cluster,SYN0078,290,451,synthetic
local_cluster,SYN0078,291,451,synthetic
local_cluster,SYN0078,292,438,synthetic
local_cluster,SYN0078,292,442,synthetic
local_cluster,SYN0078,292,444,synthetic
local_cluster,SYN0078,292,450,synthetic
local_cluster,SYN0078,292,452,synthetic
local_cluster,SYN0078,293,440,synthetic
local_cluster,SYN0078,293,449,synthetic
local_cluster,SYN0078,293,452,synthetic
local_cluster,SYN0078,293,453,synthetic
local_cluster,SYN0078,295,438,synthetic
local_cluster,SYN0078,295,439,synthetic
local_cluster,SYN0078,295,445,synthetic
local_cluster,SYN0078,295,449,synthetic
local_cluster,SYN0078,295,450,synthetic
local_cluster,SYN0078,296,441,synthetic
local_cluster,SYN0078,296,449,synthetic
local_cluster,SYN0078,296,451,synthetic
local_cluster,SYN0078,296,453,synthetic
local_cluster,SYN0078,297,439,synthetic
local_cluster,SYN0078,297,444,synthetic
local_cluster,SYN0078,297,450,synthetic
local_cluster,SYN0078,298,441,synthetic
local_cluster,SYN0078,298,448,synthetic
local_cluster,SYN0078,299,438,synthetic
local_cluster,SYN0078,299,448,synthetic
local_cluster,SYN0078,299,452,synthetic
local_cluster,SYN0078,300,438,synthetic
local_cluster,SYN0078,300,449,synthetic
local_cluster,SYN0078,300,453,synthetic
local_cluster,SYN0078,301,438,synthetic
local_cluster,SYN0078,301,440,synthetic
local_cluster,SYN0078,301,441,synthetic
local_cluster,SYN0078,301,453,synthetic
local_cluster,SYN0078,302,442,synthetic
local_cluster,SYN0078,302,453,synthetic
local_cluster,SYN0078,303,438,synthetic
local_cluster,SYN0078,303,439,synthetic
local_cluster,SYN0078,303,447,synthetic
local_cluster,SYN0078,303,453,synthetic
local_cluster,SYN0078,304,447,synthetic
local_cluster,SYN0078,305,443,synthetic
local_cluster,SYN0078,305,447,synthetic
local_cluster,SYN0078,305,450,synthetic
local_cluster,SYN0078,305,453,synthetic
local_cluster,SYN0079,364,294,synthetic
local_cluster,SYN0079,364,295,synthetic
local_cluster,SYN0079,364,296,synthetic
local_cluster,SYN0079,364,302,synthetic
local_cluster,SYN0079,364,305,synthetic
local_cluster,SYN0079,364,308,synthetic
local_cluster,SYN0079,365,298,synthetic
local_cluster,SYN0079,365,299,synthetic
local_cluster,SYN0079,365,303,synthetic
local_cluster,SYN0079,366,300,synthetic
local_cluster,SYN0079,366,304,synthetic
local_cluster,SYN0079,366,307,synthetic
local_cluster,SYN0079,366,309,synthetic
local_cluster,SYN0079,367,295,synthetic
local_cluster,SYN0079,367,301,synthetic
local_cluster,SYN0079,367,303,synthetic
local_cluster,SYN0079,367,307,synthetic
local_cluster,SYN0079,367,308,synthetic
local_cluster,SYN0079,367,309,synthetic
local_cluster,SYN0079,368,301,synthetic
local_cluster,SYN0079,368,302,synthetic
local_cluster,SYN0079,368,304,synthetic
local_cluster,SYN0079,368,306,synthetic
local_cluster,SYN0079,369,296,synthetic
local_cluster,SYN0079,369,299,synthetic
local_cluster,SYN0079,369,306,synthetic
local_cluster,SYN0079,370,294,synthetic
local_cluster,SYN0079,370,295,synthetic
local_cluster,SYN0079,370,297,synthetic
local_cluster,SYN0079,370,300,synthetic
local_cluster,SYN0079,370,304,synthetic
local_cluster,SYN0079,370,306,synthetic
local_cluster,SYN0079,370,307,synthetic
local_cluster,SYN0079,370,308,synthetic
local_cluster,SYN0079,371,297,synthetic
local_cluster,SYN0079,371,303,synthetic
local_cluster,SYN0079,372,304,synthetic
local_cluster,SYN0079,373,295,synthetic
local_cluster,SYN0079,373,299,synthetic
local_cluster,SYN0079,373,300,synthetic
local_cluster,SYN0079,373,301,synthetic
local_cluster,SYN0079,373,307,synthetic
local_cluster,SYN0079,374,295,synthetic
local_cluster,SYN0079,374,296,synthetic
local_cluster,SYN0079,374,298,synthetic
local_cluster,SYN0079,374,300,synthetic
local_cluster,SYN0079,374,301,synthetic
local_cluster,SYN0079,374,304,synthetic
local_cluster,SYN0079,374,305,synthetic
local_cluster,SYN0079,375,294,synthetic
local_cluster,SYN0079,375,301,synthetic
local_cluster,SYN0079,375,309,synthetic
local_cluster,SYN0079,376,295,synthetic
local_cluster,SYN0079,376,296,synthetic
local_cluster,SYN0079,376,299,synthetic
local_cluster,SYN0079,376,305,synthetic
local_cluster,SYN0079,376,308,synthetic
local_cluster,SYN0079,377,297,synthetic
local_cluster,SYN0079,378,297,synthetic
local_cluster,SYN0079,378,298,synthetic
local_cluster,SYN0079,378,299,synthetic
local_cluster,SYN0079,378,301,synthetic
local_cluster,SYN0079,378,302,synthetic
local_cluster,SYN0079,378,306,synthetic
local_cluster,SYN0079,378,307,synthetic
local_cluster,SYN0079,379,301,synthetic
local_cluster,SYN0079,379,305,synthetic
local_cluster,SYN0079,379,308,synthetic
local_cluster,SYN0080,604,281,synthetic
local_cluster,SYN0080,604,284,synthetic
local_cluster,SYN0080,604,288,synthetic
local_cluster,SYN0080,605,280,synthetic
local_cluster,SYN0080,605,281,synthetic
local_cluster,SYN0080,605,291,synthetic
local_cluster,SYN0080,605,292,synthetic
local_cluster,SYN0080,606,290,synthetic
local_cluster,SYN0080,606,291,synthetic
local_cluster,SYN0080,606,293,synthetic
local_cluster,SYN0080,606,295,synthetic
local_cluster,SYN0080,607,281,synthetic
local_cluster,SYN0080,607,292,synthetic
local_cluster,SYN0080,607,294,synthetic
local_cluster,SYN0080,607,295,synthetic
local_cluster,SYN0080,608,283,synthetic
local_cluster,SYN0080,608,285,synthetic
local_cluster,SYN0080,608,287,synthetic
local_cluster,SYN0080,609,280,synthetic
local_cluster,SYN0080,609,284,synthetic
local_cluster,SYN0080,609,285,synthetic
local_cluster,SYN0080,609,288,synthetic
local_cluster,SYN0080,609,291,synthetic
local_cluster,SYN0080,609,295,synthetic
local_cluster,SYN0080,610,281,synthetic
local_cluster,SYN0080,610,282,synthetic
local_cluster,SYN0080,610,285,synthetic
local_cluster,SYN0080,610,288,synthetic
local_cluster,SYN0080,610,293,synthetic
local_cluster,SYN0080,611,280,synthetic
local_cluster,SYN0080,611,284,synthetic
local_cluster,SYN0080,611,286,synthetic
local_cluster,SYN0080,611,287,synthetic
local_cluster,SYN0080,611,292,synthetic
local_cluster,SYN0080,612,287,synthetic
local_cluster,SYN0080,612,289,synthetic
local_cluster,SYN0080,612,292,synthetic
local_cluster,SYN0080,612,294,synthetic
local_cluster,SYN0080,612,295,synthetic
local_cluster,SYN0080,613,283,synthetic
local_cluster,SYN0080,613,285,synthetic
local_cluster,SYN0080,613,287,synthetic
local_cluster,SYN0080,613,288,synthetic
local_cluster,SYN0080,613,291,synthetic
local_cluster,SYN0080,613,294,synthetic
local_cluster,SYN0080,614,281,synthetic
local_cluster,SYN0080,614,287,synthetic
local_cluster,SYN0080,615,282,synthetic
local_cluster,SYN0080,615,283,synthetic
local_cluster,SYN0080,615,287,synthetic
local_cluster,SYN0080,615,288,synthetic
local_cluster,SYN0080,615,289,synthetic
local_cluster,SYN0080,615,291,synthetic
local_cluster,SYN0080,615,293,synthetic
local_cluster,SYN0080,616,281,synthetic
local_cluster,SYN0080,616,286,synthetic
local_cluster,SYN0080,616,287,synthetic
local_cluster,SYN0080,616,289,synthetic
local_cluster,SYN0080,616,295,synthetic
local_cluster,SYN0080,617,280,synthetic
local_cluster,SYN0080,617,285,synthetic
local_cluster,SYN0080,617,291,synthetic
local_cluster,SYN0080,617,295,synthetic
local_cluster,SYN0080,618,280,synthetic
local_cluster,SYN0080,618,281,synthetic
local_cluster,SYN0080,618,284,synthetic
local_cluster,SYN0080,618,289,synthetic
local_cluster,SYN0080,618,290,synthetic
local_cluster,SYN0080,618,291,synthetic
local_cluster,SYN0080,618,292,synthetic
local_cluster,SYN0080,618,295,synthetic
local_cluster,SYN0080,619,285,synthetic
local_cluster,SYN0080,619,291,synthetic
local_cluster,SYN0080,619,292,synthetic
local_cluster,SYN0080,619,294,synthetic
mixed,SYN0081,1,194,synthetic
mixed,SYN0081,3,172,synthetic
mixed,SYN0081,5,598,synthetic
mixed,SYN0081,10,598,synthetic
mixed,SYN0081,11,213,synthetic
mixed,SYN0081,12,598,synthetic
mixed,SYN0081,13,598,synthetic
mixed,SYN0081,42,346,synthetic
mixed,SYN0081,50,833,synthetic
mixed,SYN0081,53,598,synthetic
mixed,SYN0081,56,624,synthetic
mixed,SYN0081,61,598,synthetic
mixed,SYN0081,66,754,synthetic
mixed,SYN0081,73,598,synthetic
mixed,SYN0081,74,557,synthetic
mixed,SYN0081,89,41,synthetic
mixed,SYN0081,110,598,synthetic
mixed,SYN0081,124,731,synthetic
mixed,SYN0081,134,1008,synthetic
mixed,SYN0081,141,598,synthetic
mixed,SYN0081,144,464,synthetic
mixed,SYN0081,159,622,synthetic
mixed,SYN0081,159,624,synthetic
mixed,SYN0081,159,625,synthetic
mixed,SYN0081,159,628,synthetic
mixed,SYN0081,159,633,synthetic
mixed,SYN0081,160,623,synthetic
mixed,SYN0081,160,625,synthetic
mixed,SYN0081,160,628,synthetic
mixed,SYN0081,161,628,synthetic
mixed,SYN0081,161,631,synthetic
mixed,SYN0081,161,633,synthetic
mixed,SYN0081,161,634,synthetic
mixed,SYN0081,162,625,synthetic
mixed,SYN0081,162,629,synthetic
mixed,SYN0081,162,631,synthetic
mixed,SYN0081,162,632,synthetic
mixed,SYN0081,162,635,synthetic
mixed,SYN0081,163,623,synthetic
mixed,SYN0081,163,627,synthetic
mixed,SYN0081,163,632,synthetic
mixed,SYN0081,163,637,synthetic
mixed,SYN0081,164,624,synthetic
mixed,SYN0081,164,625,synthetic
mixed,SYN0081,164,626,synthetic
mixed,SYN0081,164,628,synthetic
mixed,SYN0081,164,635,synthetic
mixed,SYN0081,165,622,synthetic
mixed,SYN0081,165,626,synthetic
mixed,SYN0081,165,627,synthetic
mixed,SYN0081,165,628,synthetic
mixed,SYN0081,166,598,synthetic
mixed,SYN0081,166,635,synthetic
mixed,SYN0081,166,636,synthetic
mixed,SYN0081,167,635,synthetic
mixed,SYN0081,167,637,synthetic
mixed,SYN0081,168,625,synthetic
mixed,SYN0081,168,634,synthetic
mixed,SYN0081,169,622,synthetic
mixed,SYN0081,169,623,synthetic
mixed,SYN0081,169,625,synthetic
mixed,SYN0081,169,631,synthetic
mixed,SYN0081,169,633,synthetic
mixed,SYN0081,170,622,synthetic
mixed,SYN0081,170,623,synthetic
mixed,SYN0081,170,624,synthetic
mixed,SYN0081,170,632,synthetic
mixed,SYN0081,170,637,synthetic
mixed,SYN0081,171,635,synthetic
mixed,SYN0081,171,636,synthetic
mixed,SYN0081,172,624,synthetic
mixed,SYN0081,172,627,synthetic
mixed,SYN0081,172,633,synthetic
mixed,SYN0081,172,634,synthetic
mixed,SYN0081,172,636,synthetic
mixed,SYN0081,173,630,synthetic
mixed,SYN0081,173,631,synthetic
mixed,SYN0081,173,635,synthetic
mixed,SYN0081,173,636,synthetic
mixed,SYN0081,178,598,synthetic
mixed,SYN0081,189,903,synthetic
mixed,SYN0081,190,598,synthetic
mixed,SYN0081,200,598,synthetic
mixed,SYN0081,208,598,synthetic
mixed,SYN0081,210,598,synthetic
mixed,SYN0081,217,126,synthetic
mixed,SYN0081,218,598,synthetic
mixed,SYN0081,226,745,synthetic
mixed,SYN0081,227,404,synthetic
mixed,SYN0081,229,210,synthetic
mixed,SYN0081,236,236,synthetic
mixed,SYN0081,245,598,synthetic
mixed,SYN0081,250,598,synthetic
mixed,SYN0081,254,598,synthetic
mixed,SYN0081,256,598,synthetic
mixed,SYN0081,258,598,synthetic
mixed,SYN0081,264,152,synthetic
mixed,SYN0081,275,45,synthetic
mixed,SYN0081,277,772,synthetic
mixed,SYN0081,282,880,synthetic
mixed,SYN0081,285,598,synthetic
mixed,SYN0081,286,446,synthetic
mixed,SYN0081,291,513,synthetic
mixed,SYN0081,292,598,synthetic
mixed,SYN0081,300,81,synthetic
mixed,SYN0081,300,743,synthetic
mixed,SYN0081,305,598,synthetic
mixed,SYN0081,315,598,synthetic
mixed,SYN0081,323,396,synthetic
mixed,SYN0081,335,598,synthetic
mixed,SYN0081,344,914,synthetic
mixed,SYN0081,354,664,synthetic
mixed,SYN0081,357,598,synthetic
mixed,SYN0081,359,384,synthetic
mixed,SYN0081,359,598,synthetic
mixed,SYN0081,361,526,synthetic
mixed,SYN0081,363,335,synthetic
mixed,SYN0081,365,266,synthetic
mixed,SYN0081,379,417,synthetic
mixed,SYN0081,388,300,synthetic
mixed,SYN0081,395,398,synthetic
mixed,SYN0081,398,598,synthetic
mixed,SYN0081,399,605,synthetic
mixed,SYN0081,415,395,synthetic
mixed,SYN0081,420,337,synthetic
mixed,SYN0081,432,138,synthetic
mixed,SYN0081,432,496,synthetic
mixed,SYN0081,439,42,synthetic
mixed,SYN0081,440,598,synthetic
mixed,SYN0081,441,598,synthetic
mixed,SYN0081,450,605,synthetic
mixed,SYN0081,456,598,synthetic
mixed,SYN0081,457,774,synthetic
mixed,SYN0081,458,873,synthetic
mixed,SYN0081,461,598,synthetic
mixed,SYN0081,470,110,synthetic
mixed,SYN0081,489,598,synthetic
mixed,SYN0081,497,598,synthetic
mixed,SYN0081,516,598,synthetic
mixed,SYN0081,516,701,synthetic
mixed,SYN0081,520,522,synthetic
mixed,SYN0081,536,352,synthetic
mixed,SYN0081,539,976,synthetic
mixed,SYN0081,562,775,synthetic
mixed,SYN0081,580,598,synthetic
mixed,SYN0081,583,981,synthetic
mixed,SYN0081,594,306,synthetic
mixed,SYN0081,613,598,synthetic
mixed,SYN0081,620,598,synthetic
mixed,SYN0081,622,598,synthetic
mixed,SYN0081,631,598,synthetic
mixed,SYN0081,641,598,synthetic
mixed,SYN0081,642,307,synthetic
mixed,SYN0081,650,598,synthetic
mixed,SYN0081,654,598,synthetic
mixed,SYN0081,656,598,synthetic
mixed,SYN0081,664,532,synthetic
mixed,SYN0081,665,598,synthetic
mixed,SYN0081,671,616,synthetic
mixed,SYN0081,673,223,synthetic
mixed,SYN0081,673,911,synthetic
mixed,SYN0081,674,598,synthetic
mixed,SYN0081,677,685,synthetic
mixed,SYN0081,681,598,synthetic
mixed,SYN0081,690,283,synthetic
mixed,SYN0081,690,598,synthetic
mixed,SYN0081,691,709,synthetic
mixed,SYN0081,698,180,synthetic
mixed,SYN0081,701,995,synthetic
mixed,SYN0081,704,436,synthetic
mixed,SYN0081,717,642,synthetic
mixed,SYN0081,718,598,synthetic
mixed,SYN0081,722,65,synthetic
mixed,SYN0081,724,598,synthetic
mixed,SYN0081,726,625,synthetic
mixed,SYN0081,731,275,synthetic
mixed,SYN0081,731,598,synthetic
mixed,SYN0081,734,437,synthetic
mixed,SYN0081,736,372,synthetic
mixed,SYN0081,740,524,synthetic
mixed,SYN0081,765,214,synthetic
mixed,SYN0081,767,319,synthetic
mixed,SYN0081,767,598,synthetic
mixed,SYN0081,775,572,synthetic
mixed,SYN0081,776,705,synthetic
mixed,SYN0081,782,587,synthetic
mixed,SYN0081,819,377,synthetic
mixed,SYN0081,827,910,synthetic
mixed,SYN0081,834,598,synthetic
mixed,SYN0081,835,855,synthetic
mixed,SYN0081,836,598,synthetic
mixed,SYN0081,837,598,synthetic
mixed,SYN0081,842,322,synthetic
mixed,SYN0081,849,598,synthetic
mixed,SYN0081,859,598,synthetic
mixed,SYN0081,865,598,synthetic
mixed,SYN0081,874,598,synthetic
mixed,SYN0081,880,598,synthetic
mixed,SYN0081,886,598,synthetic
mixed,SYN0081,889,598,synthetic
mixed,SYN0081,904,598,synthetic
mixed,SYN0081,914,901,synthetic
mixed,SYN0081,918,408,synthetic
mixed,SYN0081,919,38,synthetic
mixed,SYN0081,919,39,synthetic
mixed,SYN0081,919,79,synthetic
mixed,SYN0081,919,93,synthetic
mixed,SYN0081,919,103,synthetic
mixed,SYN0081,919,113,synthetic
mixed,SYN0081,919,129,synthetic
mixed,SYN0081,919,145,synthetic
mixed,SYN0081,919,150,synthetic
mixed,SYN0081,919,155,synthetic
mixed,SYN0081,919,192,synthetic
mixed,SYN0081,919,198,synthetic
mixed,SYN0081,919,207,synthetic
mixed,SYN0081,919,237,synthetic
mixed,SYN0081,919,250,synthetic
mixed,SYN0081,919,254,synthetic
mixed,SYN0081,919,255,synthetic
mixed,SYN0081,919,260,synthetic
mixed,SYN0081,919,269,synthetic
mixed,SYN0081,919,270,synthetic
mixed,SYN0081,919,272,synthetic
mixed,SYN0081,919,279,synthetic
mixed,SYN0081,919,289,synthetic
mixed,SYN0081,919,311,synthetic
mixed,SYN0081,919,315,synthetic
mixed,SYN0081,919,317,synthetic
mixed,SYN0081,919,357,synthetic
mixed,SYN0081,919,371,synthetic
mixed,SYN0081,919,374,synthetic
mixed,SYN0081,919,385,synthetic
mixed,SYN0081,919,401,synthetic
mixed,SYN0081,919,405,synthetic
mixed,SYN0081,919,441,synthetic
mixed,SYN0081,919,446,synthetic
mixed,SYN0081,919,454,synthetic
mixed,SYN0081,919,456,synthetic
mixed,SYN0081,919,477,synthetic
mixed,SYN0081,919,480,synthetic
mixed,SYN0081,919,495,synthetic
mixed,SYN0081,919,501,synthetic
mixed,SYN0081,919,503,synthetic
mixed,SYN0081,919,505,synthetic
mixed,SYN0081,919,542,synthetic
mixed,SYN0081,919,556,synthetic
mixed,SYN0081,919,557,synthetic
mixed,SYN0081,919,560,synthetic
mixed,SYN0081,919,566,synthetic
mixed,SYN0081,919,578,synthetic
mixed,SYN0081,919,613,synthetic
mixed,SYN0081,919,644,synthetic
mixed,SYN0081,919,715,synthetic
mixed,SYN0081,919,725,synthetic
mixed,SYN0081,919,737,synthetic
mixed,SYN0081,919,739,synthetic
mixed,SYN0081,919,764,synthetic
mixed,SYN0081,919,765,synthetic
mixed,SYN0081,919,784,synthetic
mixed,SYN0081,919,829,synthetic
mixed,SYN0081,919,842,synthetic
mixed,SYN0081,919,852,synthetic
mixed,SYN0081,919,857,synthetic
mixed,SYN0081,919,860,synthetic
mixed,SYN0081,919,894,synthetic
mixed,SYN0081,919,905,synthetic
mixed,SYN0081,919,907,synthetic
mixed,SYN0081,919,922,synthetic
mixed,SYN0081,919,940,synthetic
mixed,SYN0081,919,941,synthetic
mixed,SYN0081,919,970,synthetic
mixed,SYN0081,919,973,synthetic
mixed,SYN0081,919,983,synthetic
mixed,SYN0081,919,995,synthetic
mixed,SYN0081,919,1007,synthetic
mixed,SYN0081,919,1023,synthetic
mixed,SYN0081,930,598,synthetic
mixed,SYN0081,945,668,synthetic
mixed,SYN0081,949,868,synthetic
mixed,SYN0081,952,598,synthetic
mixed,SYN0081,955,33,synthetic
mixed,SYN0081,958,451,synthetic
mixed,SYN0081,964,416,synthetic
mixed,SYN0081,964,598,synthetic
mixed,SYN0081,966,598,synthetic
mixed,SYN0081,969,598,synthetic
mixed,SYN0081,973,598,synthetic
mixed,SYN0081,1001,441,synthetic
mixed,SYN0081,1003,3,synthetic
mixed,SYN0081,1006,11,synthetic
mixed,SYN0081,1020,968,synthetic
mixed,SYN0081,1022,598,synthetic
mixed,SYN0082,4,484,synthetic
mixed,SYN0082,6,274,synthetic
mixed,SYN0082,7,634,synthetic
mixed,SYN0082,10,274,synthetic
mixed,SYN0082,12,274,synthetic
mixed,SYN0082,21,676,synthetic
mixed,SYN0082,35,23,synthetic
mixed,SYN0082,37,17,synthetic
mixed,SYN0082,43,274,synthetic
mixed,SYN0082,44,274,synthetic
mixed,SYN0082,47,550,synthetic
mixed,SYN0082,51,259,synthetic
mixed,SYN0082,55,274,synthetic
mixed,SYN0082,62,274,synthetic
mixed,SYN0082,74,679,synthetic
mixed,SYN0082,93,274,synthetic
mixed,SYN0082,100,250,synthetic
mixed,SYN0082,101,274,synthetic
mixed,SYN0082,136,274,synthetic
mixed,SYN0082,138,61,synthetic
mixed,SYN0082,138,274,synthetic
mixed,SYN0082,156,400,synthetic
mixed,SYN0082,158,274,synthetic
mixed,SYN0082,159,274,synthetic
mixed,SYN0082,162,274,synthetic
mixed,SYN0082,170,732,synthetic
mixed,SYN0082,172,534,synthetic
mixed,SYN0082,197,274,synthetic
mixed,SYN0082,200,327,synthetic
mixed,SYN0082,203,747,synthetic
mixed,SYN0082,206,274,synthetic
mixed,SYN0082,217,303,synthetic
mixed,SYN0082,220,374,synthetic
mixed,SYN0082,227,274,synthetic
mixed,SYN0082,244,171,synthetic
mixed,SYN0082,251,274,synthetic
mixed,SYN0082,256,63,synthetic
mixed,SYN0082,262,274,synthetic
mixed,SYN0082,275,995,synthetic
mixed,SYN0082,291,274,synthetic
mixed,SYN0082,300,274,synthetic
mixed,SYN0082,304,661,synthetic
mixed,SYN0082,308,308,synthetic
mixed,SYN0082,318,274,synthetic
mixed,SYN0082,325,536,synthetic
mixed,SYN0082,328,274,synthetic
mixed,SYN0082,332,274,synthetic
mixed,SYN0082,332,756,synthetic
mixed,SYN0082,335,274,synthetic
mixed,SYN0082,338,274,synthetic
mixed,SYN0082,345,19,synthetic
mixed,SYN0082,349,274,synthetic
mixed,SYN0082,349,653,synthetic
mixed,SYN0082,350,508,synthetic
mixed,SYN0082,351,274,synthetic
mixed,SYN0082,355,229,synthetic
mixed,SYN0082,362,274,synthetic
mixed,SYN0082,367,274,synthetic
mixed,SYN0082,367,286,synthetic
mixed,SYN0082,368,274,synthetic
mixed,SYN0082,368,461,synthetic
mixed,SYN0082,384,274,synthetic
mixed,SYN0082,407,397,synthetic
mixed,SYN0082,417,274,synthetic
mixed,SYN0082,419,274,synthetic
mixed,SYN0082,422,274,synthetic
mixed,SYN0082,424,274,synthetic
mixed,SYN0082,425,9,synthetic
mixed,SYN0082,426,274,synthetic
mixed,SYN0082,427,274,synthetic
mixed,SYN0082,434,274,synthetic
mixed,SYN0082,456,861,synthetic
mixed,SYN0082,461,29,synthetic
mixed,SYN0082,481,76,synthetic
mixed,SYN0082,489,274,synthetic
mixed,SYN0082,489,576,synthetic
mixed,SYN0082,511,458,synthetic
mixed,SYN0082,514,214,synthetic
mixed,SYN0082,518,274,synthetic
mixed,SYN0082,522,274,synthetic
mixed,SYN0082,536,274,synthetic
mixed,SYN0082,537,443,synthetic
mixed,SYN0082,539,274,synthetic
mixed,SYN0082,545,798,synthetic
mixed,SYN0082,550,8,synthetic
mixed,SYN0082,550,41,synthetic
mixed,SYN0082,550,621,synthetic
mixed,SYN0082,551,898,synthetic
mixed,SYN0082,555,274,synthetic
mixed,SYN0082,558,105,synthetic
mixed,SYN0082,562,274,synthetic
mixed,SYN0082,584,31,synthetic
mixed,SYN0082,593,274,synthetic
mixed,SYN0082,601,0,synthetic
mixed,SYN0082,601,27,synthetic
mixed,SYN0082,601,28,synthetic
mixed,SYN0082,601,51,synthetic
mixed,SYN0082,601,88,synthetic
mixed,SYN0082,601,99,synthetic
mixed,SYN0082,601,141,synthetic
mixed,SYN0082,601,163,synthetic
mixed,SYN0082,601,189,synthetic
mixed,SYN0082,601,190,synthetic
mixed,SYN0082,601,241,synthetic
mixed,SYN0082,601,247,synthetic
mixed,SYN0082,601,252,synthetic
mixed,SYN0082,601,262,synthetic
mixed,SYN0082,601,279,synthetic
mixed,SYN0082,601,286,synthetic
mixed,SYN0082,601,293,synthetic
mixed,SYN0082,601,332,synthetic
mixed,SYN0082,601,340,synthetic
mixed,SYN0082,601,349,synthetic
mixed,SYN0082,601,361,synthetic
mixed,SYN0082,601,369,synthetic
mixed,SYN0082,601,393,synthetic
mixed,SYN0082,601,404,synthetic
mixed,SYN0082,601,422,synthetic
mixed,SYN0082,601,453,synthetic
mixed,SYN0082,601,455,synthetic
mixed,SYN0082,601,462,synthetic
mixed,SYN0082,601,468,synthetic
mixed,SYN0082,601,479,synthetic
mixed,SYN0082,601,491,synthetic
mixed,SYN0082,601,498,synthetic
mixed,SYN0082,601,540,synthetic
mixed,SYN0082,601,553,synthetic
mixed,SYN0082,601,585,synthetic
mixed,SYN0082,601,591,synthetic
mixed,SYN0082,601,597,synthetic
mixed,SYN0082,601,607,synthetic
mixed,SYN0082,601,617,synthetic
mixed,SYN0082,601,637,synthetic
mixed,SYN0082,601,652,synthetic
mixed,SYN0082,601,680,synthetic
mixed,SYN0082,601,681,synthetic
mixed,SYN0082,601,704,synthetic
mixed,SYN0082,601,712,synthetic
mixed,SYN0082,601,713,synthetic
mixed,SYN0082,601,732,synthetic
mixed,SYN0082,601,738,synthetic
mixed,SYN0082,601,744,synthetic
mixed,SYN0082,601,757,synthetic
mixed,SYN0082,601,785,synthetic
mixed,SYN0082,601,830,synthetic
mixed,SYN0082,601,844,synthetic
mixed,SYN0082,601,855,synthetic
mixed,SYN0082,601,871,synthetic
mixed,SYN0082,601,895,synthetic
mixed,SYN0082,601,906,synthetic
mixed,SYN0082,601,919,synthetic
mixed,SYN0082,601,940,synthetic
mixed,SYN0082,601,969,synthetic
mixed,SYN0082,601,997,synthetic
mixed,SYN0082,601,1008,synthetic
mixed,SYN0082,612,274,synthetic
mixed,SYN0082,613,121,synthetic
mixed,SYN0082,627,214,synthetic
mixed,SYN0082,648,807,synthetic
mixed,SYN0082,655,167,synthetic
mixed,SYN0082,656,701,synthetic
mixed,SYN0082,663,274,synthetic
mixed,SYN0082,673,274,synthetic
mixed,SYN0082,677,274,synthetic
mixed,SYN0082,685,274,synthetic
mixed,SYN0082,686,946,synthetic
mixed,SYN0082,687,165,synthetic
mixed,SYN0082,710,274,synthetic
mixed,SYN0082,712,439,synthetic
mixed,SYN0082,722,274,synthetic
mixed,SYN0082,730,274,synthetic
mixed,SYN0082,740,274,synthetic
mixed,SYN0082,748,27,synthetic
mixed,SYN0082,754,548,synthetic
mixed,SYN0082,774,158,synthetic
mixed,SYN0082,774,274,synthetic
mixed,SYN0082,779,366,synthetic
mixed,SYN0082,779,370,synthetic
mixed,SYN0082,779,376,synthetic
mixed,SYN0082,779,378,synthetic
mixed,SYN0082,779,379,synthetic
mixed,SYN0082,779,380,synthetic
mixed,SYN0082,780,369,synthetic
mixed,SYN0082,780,375,synthetic
mixed,SYN0082,780,376,synthetic
mixed,SYN0082,781,371,synthetic
mixed,SYN0082,781,374,synthetic
mixed,SYN0082,781,377,synthetic
mixed,SYN0082,782,365,synthetic
mixed,SYN0082,782,377,synthetic
mixed,SYN0082,783,367,synthetic
mixed,SYN0082,783,373,synthetic
mixed,SYN0082,783,378,synthetic
mixed,SYN0082,784,365,synthetic
mixed,SYN0082,784,371,synthetic
mixed,SYN0082,784,377,synthetic
mixed,SYN0082,785,368,synthetic
mixed,SYN0082,785,378,synthetic
mixed,SYN0082,785,380,synthetic
mixed,SYN0082,786,366,synthetic
mixed,SYN0082,786,368,synthetic
mixed,SYN0082,786,371,synthetic
mixed,SYN0082,786,376,synthetic
mixed,SYN0082,787,365,synthetic
mixed,SYN0082,787,367,synthetic
mixed,SYN0082,787,371,synthetic
mixed,SYN0082,787,380,synthetic
mixed,SYN0082,788,369,synthetic
mixed,SYN0082,788,371,synthetic
mixed,SYN0082,789,373,synthetic
mixed,SYN0082,789,375,synthetic
mixed,SYN0082,789,376,synthetic
mixed,SYN0082,789,380,synthetic
mixed,SYN0082,790,369,synthetic
mixed,SYN0082,790,370,synthetic
mixed,SYN0082,790,371,synthetic
mixed,SYN0082,790,375,synthetic
mixed,SYN0082,790,376,synthetic
mixed,SYN0082,790,379,synthetic
mixed,SYN0082,791,372,synthetic
mixed,SYN0082,792,365,synthetic
mixed,SYN0082,792,369,synthetic
mixed,SYN0082,792,376,synthetic
mixed,SYN0082,792,379,synthetic
mixed,SYN0082,793,365,synthetic
mixed,SYN0082,793,369,synthetic
mixed,SYN0082,793,370,synthetic
mixed,SYN0082,793,377,synthetic
mixed,SYN0082,793,380,synthetic
mixed,SYN0082,794,373,synthetic
mixed,SYN0082,794,374,synthetic
mixed,SYN0082,794,377,synthetic
mixed,SYN0082,794,379,synthetic
mixed,SYN0082,794,380,synthetic
mixed,SYN0082,795,274,synthetic
mixed,SYN0082,800,358,synthetic
mixed,SYN0082,816,274,synthetic
mixed,SYN0082,817,274,synthetic
mixed,SYN0082,819,274,synthetic
mixed,SYN0082,827,274,synthetic
mixed,SYN0082,830,274,synthetic
mixed,SYN0082,836,274,synthetic
mixed,SYN0082,840,274,synthetic
mixed,SYN0082,845,274,synthetic
mixed,SYN0082,845,326,synthetic
mixed,SYN0082,849,237,synthetic
mixed,SYN0082,859,274,synthetic
mixed,SYN0082,862,472,synthetic
mixed,SYN0082,891,274,synthetic
mixed,SYN0082,891,702,synthetic
mixed,SYN0082,898,459,synthetic
mixed,SYN0082,903,274,synthetic
mixed,SYN0082,910,274,synthetic
mixed,SYN0082,911,274,synthetic
mixed,SYN0082,915,274,synthetic
mixed,SYN0082,916,274,synthetic
mixed,SYN0082,916,969,synthetic
mixed,SYN0082,930,274,synthetic
mixed,SYN0082,936,274,synthetic
mixed,SYN0082,940,274,synthetic
mixed,SYN0082,943,274,synthetic
mixed,SYN0082,945,274,synthetic
mixed,SYN0082,946,852,synthetic
mixed,SYN0082,948,369,synthetic
mixed,SYN0082,973,274,synthetic
mixed,SYN0082,978,844,synthetic
mixed,SYN0082,981,274,synthetic
mixed,SYN0082,1002,274,synthetic
mixed,SYN0082,1005,274,synthetic
mixed,SYN0082,1011,546,synthetic
mixed,SYN0082,1012,433,synthetic
mixed,SYN0083,6,158,synthetic
mixed,SYN0083,12,796,synthetic
mixed,SYN0083,14,76,synthetic
mixed,SYN0083,30,158,synthetic
mixed,SYN0083,34,398,synthetic
mixed,SYN0083,41,158,synthetic
mixed,SYN0083,42,158,synthetic
mixed,SYN0083,44,964,synthetic
mixed,SYN0083,69,158,synthetic
mixed,SYN0083,80,609,synthetic
mixed,SYN0083,89,158,synthetic
mixed,SYN0083,117,158,synthetic
mixed,SYN0083,120,501,synthetic
mixed,SYN0083,124,355,synthetic
mixed,SYN0083,128,94,synthetic
mixed,SYN0083,134,158,synthetic
mixed,SYN0083,135,158,synthetic
mixed,SYN0083,144,1008,synthetic
mixed,SYN0083,161,158,synthetic
mixed,SYN0083,166,20,synthetic
mixed,SYN0083,167,158,synthetic
mixed,SYN0083,175,41,synthetic
mixed,SYN0083,189,372,synthetic
mixed,SYN0083,198,1022,synthetic
mixed,SYN0083,211,244,synthetic
mixed,SYN0083,212,173,synthetic
mixed,SYN0083,217,982,synthetic
mixed,SYN0083,223,158,synthetic
mixed,SYN0083,231,158,synthetic
mixed,SYN0083,239,564,synthetic
mixed,SYN0083,251,590,synthetic
mixed,SYN0083,275,158,synthetic
mixed,SYN0083,287,158,synthetic
mixed,SYN0083,287,553,synthetic
mixed,SYN0083,294,158,synthetic
mixed,SYN0083,295,851,synthetic
mixed,SYN0083,305,92,synthetic
mixed,SYN0083,308,219,synthetic
mixed,SYN0083,338,892,synthetic
mixed,SYN0083,339,158,synthetic
mixed,SYN0083,359,158,synthetic
mixed,SYN0083,396,158,synthetic
mixed,SYN0083,406,446,synthetic
mixed,SYN0083,413,178,synthetic
mixed,SYN0083,422,717,synthetic
mixed,SYN0083,423,257,synthetic
mixed,SYN0083,436,241,synthetic
mixed,SYN0083,461,158,synthetic
mixed,SYN0083,477,845,synthetic
mixed,SYN0083,488,171,synthetic
mixed,SYN0083,493,358,synthetic
mixed,SYN0083,501,259,synthetic
mixed,SYN0083,525,158,synthetic
mixed,SYN0083,535,907,synthetic
mixed,SYN0083,544,205,synthetic
mixed,SYN0083,553,158,synthetic
mixed,SYN0083,555,158,synthetic
mixed,SYN0083,566,534,synthetic
mixed,SYN0083,574,158,synthetic
mixed,SYN0083,583,158,synthetic
mixed,SYN0083,607,723,synthetic
mixed,SYN0083,613,158,synthetic
mixed,SYN0083,614,502,synthetic
mixed,SYN0083,626,158,synthetic
mixed,SYN0083,629,158,synthetic
mixed,SYN0083,634,158,synthetic
mixed,SYN0083,650,158,synthetic
mixed,SYN0083,662,158,synthetic
mixed,SYN0083,669,712,synthetic
mixed,SYN0083,678,158,synthetic
mixed,SYN0083,693,338,synthetic
mixed,SYN0083,697,158,synthetic
mixed,SYN0083,715,158,synthetic
mixed,SYN0083,724,158,synthetic
mixed,SYN0083,726,73,synthetic
mixed,SYN0083,726,76,synthetic
mixed,SYN0083,726,87,synthetic
mixed,SYN0083,726,95,synthetic
mixed,SYN0083,726,99,synthetic
mixed,SYN0083,726,101,synthetic
mixed,SYN0083,726,122,synthetic
mixed,SYN0083,726,160,synthetic
mixed,SYN0083,726,170,synthetic
mixed,SYN0083,726,171,synthetic
mixed,SYN0083,726,181,synthetic
mixed,SYN0083,726,184,synthetic
mixed,SYN0083,726,190,synthetic
mixed,SYN0083,726,214,synthetic
mixed,SYN0083,726,216,synthetic
mixed,SYN0083,726,254,synthetic
mixed,SYN0083,726,257,synthetic
mixed,SYN0083,726,275,synthetic
mixed,SYN0083,726,280,synthetic
mixed,SYN0083,726,282,synthetic
mixed,SYN0083,726,327,synthetic
mixed,SYN0083,726,355,synthetic
mixed,SYN0083,726,410,synthetic
mixed,SYN0083,726,448,synthetic
mixed,SYN0083,726,483,synthetic
mixed,SYN0083,726,485,synthetic
mixed,SYN0083,726,487,synthetic
mixed,SYN0083,726,527,synthetic
mixed,SYN0083,726,533,synthetic
mixed,SYN0083,726,563,synthetic
mixed,SYN0083,726,580,synthetic
mixed,SYN0083,726,602,synthetic
mixed,SYN0083,726,607,synthetic
mixed,SYN0083,726,614,synthetic
mixed,SYN0083,726,650,synthetic
mixed,SYN0083,726,674,synthetic
mixed,SYN0083,726,676,synthetic
mixed,SYN0083,726,683,synthetic
mixed,SYN0083,726,706,synthetic
mixed,SYN0083,726,729,synthetic
mixed,SYN0083,726,749,synthetic
mixed,SYN0083,726,759,synthetic
mixed,SYN0083,726,812,synthetic
mixed,SYN0083,726,826,synthetic
mixed,SYN0083,726,855,synthetic
mixed,SYN0083,726,886,synthetic
mixed,SYN0083,726,904,synthetic
mixed,SYN0083,726,919,synthetic
mixed,SYN0083,726,950,synthetic
mixed,SYN0083,726,968,synthetic
mixed,SYN0083,726,975,synthetic
mixed,SYN0083,726,987,synthetic
mixed,SYN0083,726,1004,synthetic
mixed,SYN0083,727,200,synthetic
mixed,SYN0083,735,323,synthetic
mixed,SYN0083,743,158,synthetic
mixed,SYN0083,759,158,synthetic
mixed,SYN0083,763,158,synthetic
mixed,SYN0083,764,158,synthetic
mixed,SYN0083,766,369,synthetic
mixed,SYN0083,772,883,synthetic
mixed,SYN0083,775,899,synthetic
mixed,SYN0083,793,158,synthetic
mixed,SYN0083,813,342,synthetic
mixed,SYN0083,816,158,synthetic
mixed,SYN0083,819,158,synthetic
mixed,SYN0083,820,440,synthetic
mixed,SYN0083,826,158,synthetic
mixed,SYN0083,832,918,synthetic
mixed,SYN0083,842,158,synthetic
mixed,SYN0083,843,641,synthetic
mixed,SYN0083,855,856,synthetic
mixed,SYN0083,856,695,synthetic
mixed,SYN0083,862,158,synthetic
mixed,SYN0083,865,811,synthetic
mixed,SYN0083,869,158,synthetic
mixed,SYN0083,878,204,synthetic
mixed,SYN0083,902,158,synthetic
mixed,SYN0083,904,158,synthetic
mixed,SYN0083,926,158,synthetic
mixed,SYN0083,930,16,synthetic
mixed,SYN0083,936,28,synthetic
mixed,SYN0083,962,323,synthetic
mixed,SYN0083,971,266,synthetic
mixed,SYN0083,973,955,synthetic
mixed,SYN0083,975,158,synthetic
mixed,SYN0083,976,777,synthetic
mixed,SYN0083,981,706,synthetic
mixed,SYN0083,981,711,synthetic
mixed,SYN0083,981,712,synthetic
mixed,SYN0083,981,716,synthetic
mixed,SYN0083,982,711,synthetic
mixed,SYN0083,982,715,synthetic
mixed,SYN0083,983,701,synthetic
mixed,SYN0083,983,702,synthetic
mixed,SYN0083,983,705,synthetic
mixed,SYN0083,983,708,synthetic
mixed,SYN0083,983,712,synthetic
mixed,SYN0083,984,701,synthetic
mixed,SYN0083,984,702,synthetic
mixed,SYN0083,984,703,synthetic
mixed,SYN0083,984,707,synthetic
mixed,SYN0083,984,708,synthetic
mixed,SYN0083,984,712,synthetic
mixed,SYN0083,985,705,synthetic
mixed,SYN0083,985,707,synthetic
mixed,SYN0083,985,715,synthetic
mixed,SYN0083,986,701,synthetic
mixed,SYN0083,986,711,synthetic
mixed,SYN0083,987,705,synthetic
mixed,SYN0083,987,711,synthetic
mixed,SYN0083,987,714,synthetic
mixed,SYN0083,988,701,synthetic
mixed,SYN0083,988,703,synthetic
mixed,SYN0083,988,705,synthetic
mixed,SYN0083,988,710,synthetic
mixed,SYN0083,988,711,synthetic
mixed,SYN0083,988,713,synthetic
mixed,SYN0083,988,716,synthetic
mixed,SYN0083,989,701,synthetic
mixed,SYN0083,989,703,synthetic
mixed,SYN0083,989,709,synthetic
mixed,SYN0083,989,712,synthetic
mixed,SYN0083,990,701,synthetic
mixed,SYN0083,990,711,synthetic
mixed,SYN0083,990,715,synthetic
mixed,SYN0083,990,716,synthetic
mixed,SYN0083,991,711,synthetic
mixed,SYN0083,991,713,synthetic
mixed,SYN0083,991,716,synthetic
mixed,SYN0083,992,702,synthetic
mixed,SYN0083,992,706,synthetic
mixed,SYN0083,992,714,synthetic
mixed,SYN0083,992,715,synthetic
mixed,SYN0083,993,711,synthetic
mixed,SYN0083,993,714,synthetic
mixed,SYN0083,993,715,synthetic
mixed,SYN0083,994,701,synthetic
mixed,SYN0083,994,703,synthetic
mixed,SYN0083,994,704,synthetic
mixed,SYN0083,994,710,synthetic
mixed,SYN0083,995,703,synthetic
mixed,SYN0083,995,704,synthetic
mixed,SYN0083,995,709,synthetic
mixed,SYN0083,996,701,synthetic
mixed,SYN0083,996,714,synthetic
mixed,SYN0083,996,716,synthetic
mixed,SYN0083,999,456,synthetic
mixed,SYN0084,6,477,synthetic
mixed,SYN0084,20,63,synthetic
mixed,SYN0084,34,477,synthetic
mixed,SYN0084,39,477,synthetic
mixed,SYN0084,63,878,synthetic
mixed,SYN0084,75,477,synthetic
mixed,SYN0084,83,477,synthetic
mixed,SYN0084,98,940,synthetic
mixed,SYN0084,161,477,synthetic
mixed,SYN0084,162,576,synthetic
mixed,SYN0084,163,540,synthetic
mixed,SYN0084,170,940,synthetic
mixed,SYN0084,173,96,synthetic
mixed,SYN0084,181,286,synthetic
mixed,SYN0084,181,913,synthetic
mixed,SYN0084,203,477,synthetic
mixed,SYN0084,209,64,synthetic
mixed,SYN0084,212,173,synthetic
mixed,SYN0084,225,477,synthetic
mixed,SYN0084,237,477,synthetic
mixed,SYN0084,242,477,synthetic
mixed,SYN0084,245,62,synthetic
mixed,SYN0084,254,477,synthetic
mixed,SYN0084,255,78,synthetic
mixed,SYN0084,257,477,synthetic
mixed,SYN0084,258,477,synthetic
mixed,SYN0084,267,848,synthetic
mixed,SYN0084,270,394,synthetic
mixed,SYN0084,293,96,synthetic
mixed,SYN0084,302,477,synthetic
mixed,SYN0084,307,272,synthetic
mixed,SYN0084,318,477,synthetic
mixed,SYN0084,347,477,synthetic
mixed,SYN0084,356,181,synthetic
mixed,SYN0084,365,477,synthetic
mixed,SYN0084,380,75,synthetic
mixed,SYN0084,381,456,synthetic
mixed,SYN0084,417,477,synthetic
mixed,SYN0084,419,477,synthetic
mixed,SYN0084,423,477,synthetic
mixed,SYN0084,430,840,synthetic
mixed,SYN0084,432,55,synthetic
mixed,SYN0084,434,522,synthetic
mixed,SYN0084,455,51,synthetic
mixed,SYN0084,455,52,synthetic
mixed,SYN0084,455,55,synthetic
mixed,SYN0084,456,47,synthetic
mixed,SYN0084,456,55,synthetic
mixed,SYN0084,456,60,synthetic
mixed,SYN0084,458,48,synthetic
mixed,SYN0084,458,50,synthetic
mixed,SYN0084,458,51,synthetic
mixed,SYN0084,458,477,synthetic
mixed,SYN0084,459,45,synthetic
mixed,SYN0084,459,46,synthetic
mixed,SYN0084,459,47,synthetic
mixed,SYN0084,459,52,synthetic
mixed,SYN0084,460,45,synthetic
mixed,SYN0084,460,60,synthetic
mixed,SYN0084,461,45,synthetic
mixed,SYN0084,462,53,synthetic
mixed,SYN0084,463,49,synthetic
mixed,SYN0084,463,53,synthetic
mixed,SYN0084,463,56,synthetic
mixed,SYN0084,463,57,synthetic
mixed,SYN0084,464,51,synthetic
mixed,SYN0084,464,54,synthetic
mixed,SYN0084,464,56,synthetic
mixed,SYN0084,464,58,synthetic
mixed,SYN0084,465,52,synthetic
mixed,SYN0084,465,57,synthetic
mixed,SYN0084,466,45,synthetic
mixed,SYN0084,467,60,synthetic
mixed,SYN0084,468,46,synthetic
mixed,SYN0084,469,45,synthetic
mixed,SYN0084,469,49,synthetic
mixed,SYN0084,469,52,synthetic
mixed,SYN0084,469,56,synthetic
mixed,SYN0084,470,48,synthetic
mixed,SYN0084,470,50,synthetic
mixed,SYN0084,470,54,synthetic
mixed,SYN0084,470,55,synthetic
mixed,SYN0084,470,60,synthetic
mixed,SYN0084,474,917,synthetic
mixed,SYN0084,502,713,synthetic
mixed,SYN0084,512,477,synthetic
mixed,SYN0084,520,477,synthetic
mixed,SYN0084,532,477,synthetic
mixed,SYN0084,547,477,synthetic
mixed,SYN0084,552,477,synthetic
mixed,SYN0084,555,519,synthetic
mixed,SYN0084,576,477,synthetic
mixed,SYN0084,594,36,synthetic
mixed,SYN0084,601,477,synthetic
mixed,SYN0084,613,477,synthetic
mixed,SYN0084,615,271,synthetic
mixed,SYN0084,620,477,synthetic
mixed,SYN0084,648,477,synthetic
mixed,SYN0084,665,902,synthetic
mixed,SYN0084,687,477,synthetic
mixed,SYN0084,691,477,synthetic
mixed,SYN0084,693,529,synthetic
mixed,SYN0084,694,239,synthetic
mixed,SYN0084,713,336,synthetic
mixed,SYN0084,729,102,synthetic
mixed,SYN0084,743,446,synthetic
mixed,SYN0084,763,477,synthetic
mixed,SYN0084,766,582,synthetic
mixed,SYN0084,823,477,synthetic
mixed,SYN0084,834,745,synthetic
mixed,SYN0084,839,477,synthetic
mixed,SYN0084,841,477,synthetic
mixed,SYN0084,848,477,synthetic
mixed,SYN0084,873,477,synthetic
mixed,SYN0084,880,477,synthetic
mixed,SYN0084,890,788,synthetic
mixed,SYN0084,909,386,synthetic
mixed,SYN0084,912,364,synthetic
mixed,SYN0084,912,477,synthetic
mixed,SYN0084,920,246,synthetic
mixed,SYN0084,924,477,synthetic
mixed,SYN0084,955,477,synthetic
mixed,SYN0084,958,473,synthetic
mixed,SYN0084,969,477,synthetic
mixed,SYN0084,970,477,synthetic
mixed,SYN0084,973,477,synthetic
mixed,SYN0084,979,477,synthetic
mixed,SYN0084,984,0,synthetic
mixed,SYN0084,984,14,synthetic
mixed,SYN0084,984,22,synthetic
mixed,SYN0084,984,28,synthetic
mixed,SYN0084,984,32,synthetic
mixed,SYN0084,984,88,synthetic
mixed,SYN0084,984,108,synthetic
mixed,SYN0084,984,132,synthetic
mixed,SYN0084,984,173,synthetic
mixed,SYN0084,984,180,synthetic
mixed,SYN0084,984,229,synthetic
mixed,SYN0084,984,243,synthetic
mixed,SYN0084,984,263,synthetic
mixed,SYN0084,984,268,synthetic
mixed,SYN0084,984,272,synthetic
mixed,SYN0084,984,294,synthetic
mixed,SYN0084,984,314,synthetic
mixed,SYN0084,984,337,synthetic
mixed,SYN0084,984,365,synthetic
mixed,SYN0084,984,377,synthetic
mixed,SYN0084,984,417,synthetic
mixed,SYN0084,984,423,synthetic
mixed,SYN0084,984,454,synthetic
mixed,SYN0084,984,558,synthetic
mixed,SYN0084,984,559,synthetic
mixed,SYN0084,984,573,synthetic
mixed,SYN0084,984,603,synthetic
mixed,SYN0084,984,634,synthetic
mixed,SYN0084,984,718,synthetic
mixed,SYN0084,984,729,synthetic
mixed,SYN0084,984,730,synthetic
mixed,SYN0084,984,775,synthetic
mixed,SYN0084,984,807,synthetic
mixed,SYN0084,984,861,synthetic
mixed,SYN0084,984,985,synthetic
mixed,SYN0084,984,997,synthetic
mixed,SYN0084,984,1007,synthetic
mixed,SYN0084,984,1008,synthetic
mixed,SYN0084,991,527,synthetic
mixed,SYN0084,992,93,synthetic
mixed,SYN0084,998,477,synthetic
mixed,SYN0084,1006,118,synthetic
mixed,SYN0084,1010,477,synthetic
mixed,SYN0085,2,359,synthetic
mixed,SYN0085,35,714,synthetic
mixed,SYN0085,38,375,synthetic
mixed,SYN0085,44,375,synthetic
mixed,SYN0085,53,49,synthetic
mixed,SYN0085,66,457,synthetic
mixed,SYN0085,72,375,synthetic
mixed,SYN0085,90,375,synthetic
mixed,SYN0085,93,788,synthetic
mixed,SYN0085,109,130,synthetic
mixed,SYN0085,111,375,synthetic
mixed,SYN0085,119,774,synthetic
mixed,SYN0085,122,375,synthetic
mixed,SYN0085,125,375,synthetic
mixed,SYN0085,139,242,synthetic
mixed,SYN0085,139,375,synthetic
mixed,SYN0085,141,375,synthetic
mixed,SYN0085,154,375,synthetic
mixed,SYN0085,176,353,synthetic
mixed,SYN0085,215,125,synthetic
mixed,SYN0085,234,375,synthetic
mixed,SYN0085,238,375,synthetic
mixed,SYN0085,246,375,synthetic
mixed,SYN0085,257,41,synthetic
mixed,SYN0085,260,35,synthetic
mixed,SYN0085,262,375,synthetic
mixed,SYN0085,270,375,synthetic
mixed,SYN0085,291,375,synthetic
mixed,SYN0085,318,375,synthetic
mixed,SYN0085,348,761,synthetic
mixed,SYN0085,353,157,synthetic
mixed,SYN0085,355,590,synthetic
mixed,SYN0085,362,833,synthetic
mixed,SYN0085,365,146,synthetic
mixed,SYN0085,375,970,synthetic
mixed,SYN0085,389,218,synthetic
mixed,SYN0085,389,219,synthetic
mixed,SYN0085,389,375,synthetic
mixed,SYN0085,390,215,synthetic
mixed,SYN0085,390,224,synthetic
mixed,SYN0085,390,225,synthetic
mixed,SYN0085,390,227,synthetic
mixed,SYN0085,391,218,synthetic
mixed,SYN0085,391,226,synthetic
mixed,SYN0085,391,375,synthetic
mixed,SYN0085,393,225,synthetic
mixed,SYN0085,394,220,synthetic
mixed,SYN0085,394,221,synthetic
mixed,SYN0085,394,375,synthetic
mixed,SYN0085,395,225,synthetic
mixed,SYN0085,395,228,synthetic
mixed,SYN0085,396,218,synthetic
mixed,SYN0085,396,220,synthetic
mixed,SYN0085,396,224,synthetic
mixed,SYN0085,396,229,synthetic
mixed,SYN0085,397,214,synthetic
mixed,SYN0085,397,218,synthetic
mixed,SYN0085,397,221,synthetic
mixed,SYN0085,398,215,synthetic
mixed,SYN0085,398,229,synthetic
mixed,SYN0085,399,219,synthetic
mixed,SYN0085,399,221,synthetic
mixed,SYN0085,399,222,synthetic
mixed,SYN0085,399,223,synthetic
mixed,SYN0085,400,218,synthetic
mixed,SYN0085,401,216,synthetic
mixed,SYN0085,401,217,synthetic
mixed,SYN0085,401,220,synthetic
mixed,SYN0085,401,222,synthetic
mixed,SYN0085,402,219,synthetic
mixed,SYN0085,402,226,synthetic
mixed,SYN0085,403,215,synthetic
mixed,SYN0085,403,216,synthetic
mixed,SYN0085,403,217,synthetic
mixed,SYN0085,403,219,synthetic
mixed,SYN0085,403,220,synthetic
mixed,SYN0085,403,225,synthetic
mixed,SYN0085,403,226,synthetic
mixed,SYN0085,403,227,synthetic
mixed,SYN0085,404,215,synthetic
mixed,SYN0085,409,375,synthetic
mixed,SYN0085,426,786,synthetic
mixed,SYN0085,427,67,synthetic
mixed,SYN0085,431,405,synthetic
mixed,SYN0085,436,319,synthetic
mixed,SYN0085,443,766,synthetic
mixed,SYN0085,444,375,synthetic
mixed,SYN0085,448,151,synthetic
mixed,SYN0085,450,247,synthetic
mixed,SYN0085,476,966,synthetic
mixed,SYN0085,477,350,synthetic
mixed,SYN0085,479,375,synthetic
mixed,SYN0085,483,389,synthetic
mixed,SYN0085,506,375,synthetic
mixed,SYN0085,541,375,synthetic
mixed,SYN0085,543,755,synthetic
mixed,SYN0085,551,617,synthetic
mixed,SYN0085,617,3,synthetic
mixed,SYN0085,617,12,synthetic
mixed,SYN0085,617,54,synthetic
mixed,SYN0085,617,68,synthetic
mixed,SYN0085,617,103,synthetic
mixed,SYN0085,617,201,synthetic
mixed,SYN0085,617,204,synthetic
mixed,SYN0085,617,247,synthetic
mixed,SYN0085,617,262,synthetic
mixed,SYN0085,617,287,synthetic
mixed,SYN0085,617,289,synthetic
mixed,SYN0085,617,291,synthetic
mixed,SYN0085,617,355,synthetic
mixed,SYN0085,617,378,synthetic
mixed,SYN0085,617,404,synthetic
mixed,SYN0085,617,433,synthetic
mixed,SYN0085,617,462,synthetic
mixed,SYN0085,617,466,synthetic
mixed,SYN0085,617,476,synthetic
mixed,SYN0085,617,496,synthetic
mixed,SYN0085,617,583,synthetic
mixed,SYN0085,617,606,synthetic
mixed,SYN0085,617,629,synthetic
mixed,SYN0085,617,630,synthetic
mixed,SYN0085,617,640,synthetic
mixed,SYN0085,617,689,synthetic
mixed,SYN0085,617,717,synthetic
mixed,SYN0085,617,718,synthetic
mixed,SYN0085,617,830,synthetic
mixed,SYN0085,617,849,synthetic
mixed,SYN0085,617,858,synthetic
mixed,SYN0085,617,883,synthetic
mixed,SYN0085,617,894,synthetic
mixed,SYN0085,617,901,synthetic
mixed,SYN0085,617,908,synthetic
mixed,SYN0085,617,919,synthetic
mixed,SYN0085,617,922,synthetic
mixed,SYN0085,617,926,synthetic
mixed,SYN0085,617,932,synthetic
mixed,SYN0085,617,938,synthetic
mixed,SYN0085,617,986,synthetic
mixed,SYN0085,617,1004,synthetic
mixed,SYN0085,620,853,synthetic
mixed,SYN0085,661,375,synthetic
mixed,SYN0085,665,375,synthetic
mixed,SYN0085,691,375,synthetic
mixed,SYN0085,696,993,synthetic
mixed,SYN0085,699,190,synthetic
mixed,SYN0085,746,697,synthetic
mixed,SYN0085,748,116,synthetic
mixed,SYN0085,750,375,synthetic
mixed,SYN0085,803,375,synthetic
mixed,SYN0085,832,375,synthetic
mixed,SYN0085,833,375,synthetic
mixed,SYN0085,839,375,synthetic
mixed,SYN0085,845,81,synthetic
mixed,SYN0085,855,375,synthetic
mixed,SYN0085,867,337,synthetic
mixed,SYN0085,873,375,synthetic
mixed,SYN0085,892,1000,synthetic
mixed,SYN0085,924,398,synthetic
mixed,SYN0085,928,406,synthetic
mixed,SYN0085,938,375,synthetic
mixed,SYN0085,985,375,synthetic
mixed,SYN0085,1001,673,synthetic
mixed,SYN0085,1006,613,synthetic
mixed,SYN0085,1017,674,synthetic
mixed,SYN0086,16,442,synthetic
mixed,SYN0086,32,442,synthetic
mixed,SYN0086,42,515,synthetic
mixed,SYN0086,47,442,synthetic
mixed,SYN0086,64,335,synthetic
mixed,SYN0086,66,322,synthetic
mixed,SYN0086,78,442,synthetic
mixed,SYN0086,95,442,synthetic
mixed,SYN0086,95,860,synthetic
mixed,SYN0086,96,442,synthetic
mixed,SYN0086,115,442,synthetic
mixed,SYN0086,117,442,synthetic
mixed,SYN0086,119,442,synthetic
mixed,SYN0086,124,442,synthetic
mixed,SYN0086,127,442,synthetic
mixed,SYN0086,128,155,synthetic
mixed,SYN0086,129,620,synthetic
mixed,SYN0086,162,442,synthetic
mixed,SYN0086,162,719,synthetic
mixed,SYN0086,163,442,synthetic
mixed,SYN0086,171,442,synthetic
mixed,SYN0086,201,221,synthetic
mixed,SYN0086,204,442,synthetic
mixed,SYN0086,211,442,synthetic
mixed,SYN0086,217,442,synthetic
mixed,SYN0086,222,442,synthetic
mixed,SYN0086,222,733,synthetic
mixed,SYN0086,235,442,synthetic
mixed,SYN0086,235,715,synthetic
mixed,SYN0086,240,34,synthetic
mixed,SYN0086,240,36,synthetic
mixed,SYN0086,240,65,synthetic
mixed,SYN0086,240,133,synthetic
mixed,SYN0086,240,153,synthetic
mixed,SYN0086,240,154,synthetic
mixed,SYN0086,240,163,synthetic
mixed,SYN0086,240,164,synthetic
mixed,SYN0086,240,199,synthetic
mixed,SYN0086,240,264,synthetic
mixed,SYN0086,240,268,synthetic
mixed,SYN0086,240,279,synthetic
mixed,SYN0086,240,282,synthetic
mixed,SYN0086,240,287,synthetic
mixed,SYN0086,240,292,synthetic
mixed,SYN0086,240,296,synthetic
mixed,SYN0086,240,333,synthetic
mixed,SYN0086,240,338,synthetic
mixed,SYN0086,240,344,synthetic
mixed,SYN0086,240,357,synthetic
mixed,SYN0086,240,385,synthetic
mixed,SYN0086,240,389,synthetic
mixed,SYN0086,240,409,synthetic
mixed,SYN0086,240,424,synthetic
mixed,SYN0086,240,426,synthetic
mixed,SYN0086,240,464,synthetic
mixed,SYN0086,240,531,synthetic
mixed,SYN0086,240,576,synthetic
mixed,SYN0086,240,595,synthetic
mixed,SYN0086,240,599,synthetic
mixed,SYN0086,240,620,synthetic
mixed,SYN0086,240,636,synthetic
mixed,SYN0086,240,637,synthetic
mixed,SYN0086,240,638,synthetic
mixed,SYN0086,240,657,synthetic
mixed,SYN0086,240,673,synthetic
mixed,SYN0086,240,676,synthetic
mixed,SYN0086,240,685,synthetic
mixed,SYN0086,240,704,synthetic
mixed,SYN0086,240,707,synthetic
mixed,SYN0086,240,715,synthetic
mixed,SYN0086,240,738,synthetic
mixed,SYN0086,240,776,synthetic
mixed,SYN0086,240,788,synthetic
mixed,SYN0086,240,794,synthetic
mixed,SYN0086,240,891,synthetic
mixed,SYN0086,240,909,synthetic
mixed,SYN0086,240,926,synthetic
mixed,SYN0086,240,936,synthetic
mixed,SYN0086,240,943,synthetic
mixed,SYN0086,240,958,synthetic
mixed,SYN0086,240,963,synthetic
mixed,SYN0086,240,973,synthetic
mixed,SYN0086,244,442,synthetic
mixed,SYN0086,259,121,synthetic
mixed,SYN0086,265,52,synthetic
mixed,SYN0086,267,341,synthetic
mixed,SYN0086,270,585,synthetic
mixed,SYN0086,272,442,synthetic
mixed,SYN0086,273,361,synthetic
mixed,SYN0086,284,442,synthetic
mixed,SYN0086,294,715,synthetic
mixed,SYN0086,306,891,synthetic
mixed,SYN0086,315,442,synthetic
mixed,SYN0086,324,442,synthetic
mixed,SYN0086,333,922,synthetic
mixed,SYN0086,341,442,synthetic
mixed,SYN0086,345,818,synthetic
mixed,SYN0086,350,952,synthetic
mixed,SYN0086,352,442,synthetic
mixed,SYN0086,366,442,synthetic
mixed,SYN0086,374,442,synthetic
mixed,SYN0086,385,442,synthetic
mixed,SYN0086,387,442,synthetic
mixed,SYN0086,392,442,synthetic
mixed,SYN0086,402,442,synthetic
mixed,SYN0086,407,442,synthetic
mixed,SYN0086,408,442,synthetic
mixed,SYN0086,408,998,synthetic
mixed,SYN0086,414,252,synthetic
mixed,SYN0086,415,442,synthetic
mixed,SYN0086,423,879,synthetic
mixed,SYN0086,434,66,synthetic
mixed,SYN0086,448,442,synthetic
mixed,SYN0086,451,167,synthetic
mixed,SYN0086,457,318,synthetic
mixed,SYN0086,474,222,synthetic
mixed,SYN0086,474,307,synthetic
mixed,SYN0086,476,273,synthetic
mixed,SYN0086,497,442,synthetic
mixed,SYN0086,505,758,synthetic
mixed,SYN0086,508,772,synthetic
mixed,SYN0086,517,8,synthetic
mixed,SYN0086,523,442,synthetic
mixed,SYN0086,547,442,synthetic
mixed,SYN0086,551,1020,synthetic
mixed,SYN0086,553,0,synthetic
mixed,SYN0086,555,715,synthetic
mixed,SYN0086,559,823,synthetic
mixed,SYN0086,560,287,synthetic
mixed,SYN0086,563,442,synthetic
mixed,SYN0086,566,170,synthetic
mixed,SYN0086,573,442,synthetic
mixed,SYN0086,578,442,synthetic
mixed,SYN0086,583,442,synthetic
mixed,SYN0086,598,146,synthetic
mixed,SYN0086,603,394,synthetic
mixed,SYN0086,612,252,synthetic
mixed,SYN0086,614,158,synthetic
mixed,SYN0086,616,442,synthetic
mixed,SYN0086,618,442,synthetic
mixed,SYN0086,621,442,synthetic
mixed,SYN0086,623,746,synthetic
mixed,SYN0086,646,442,synthetic
mixed,SYN0086,653,442,synthetic
mixed,SYN0086,657,339,synthetic
mixed,SYN0086,658,83,synthetic
mixed,SYN0086,679,442,synthetic
mixed,SYN0086,684,442,synthetic
mixed,SYN0086,694,365,synthetic
mixed,SYN0086,699,165,synthetic
mixed,SYN0086,708,477,synthetic
mixed,SYN0086,734,535,synthetic
mixed,SYN0086,756,442,synthetic
mixed,SYN0086,771,548,synthetic
mixed,SYN0086,774,442,synthetic
mixed,SYN0086,780,442,synthetic
mixed,SYN0086,786,723,synthetic
mixed,SYN0086,789,190,synthetic
mixed,SYN0086,793,968,synthetic
mixed,SYN0086,797,320,synthetic
mixed,SYN0086,802,442,synthetic
mixed,SYN0086,821,559,synthetic
mixed,SYN0086,829,372,synthetic
mixed,SYN0086,838,392,synthetic
mixed,SYN0086,840,442,synthetic
mixed,SYN0086,841,277,synthetic
mixed,SYN0086,852,151,synthetic
mixed,SYN0086,852,442,synthetic
mixed,SYN0086,879,442,synthetic
mixed,SYN0086,881,975,synthetic
mixed,SYN0086,894,442,synthetic
mixed,SYN0086,900,442,synthetic
mixed,SYN0086,912,218,synthetic
mixed,SYN0086,916,675,synthetic
mixed,SYN0086,959,190,synthetic
mixed,SYN0086,959,198,synthetic
mixed,SYN0086,960,193,synthetic
mixed,SYN0086,960,195,synthetic
mixed,SYN0086,960,196,synthetic
mixed,SYN0086,960,197,synthetic
mixed,SYN0086,960,200,synthetic
mixed,SYN0086,961,198,synthetic
mixed,SYN0086,961,203,synthetic
mixed,SYN0086,962,197,synthetic
mixed,SYN0086,962,200,synthetic
mixed,SYN0086,962,201,synthetic
mixed,SYN0086,962,203,synthetic
mixed,SYN0086,962,442,synthetic
mixed,SYN0086,963,198,synthetic
mixed,SYN0086,963,200,synthetic
mixed,SYN0086,964,189,synthetic
mixed,SYN0086,964,193,synthetic
mixed,SYN0086,964,196,synthetic
mixed,SYN0086,964,203,synthetic
mixed,SYN0086,965,192,synthetic
mixed,SYN0086,965,200,synthetic
mixed,SYN0086,966,190,synthetic
mixed,SYN0086,966,194,synthetic
mixed,SYN0086,966,442,synthetic
mixed,SYN0086,967,189,synthetic
mixed,SYN0086,967,193,synthetic
mixed,SYN0086,967,194,synthetic
mixed,SYN0086,967,198,synthetic
mixed,SYN0086,967,204,synthetic
mixed,SYN0086,968,190,synthetic
mixed,SYN0086,968,196,synthetic
mixed,SYN0086,968,204,synthetic
mixed,SYN0086,969,190,synthetic
mixed,SYN0086,969,191,synthetic
mixed,SYN0086,969,193,synthetic
mixed,SYN0086,969,197,synthetic
mixed,SYN0086,969,203,synthetic
mixed,SYN0086,970,189,synthetic
mixed,SYN0086,970,195,synthetic
mixed,SYN0086,970,196,synthetic
mixed,SYN0086,970,198,synthetic
mixed,SYN0086,970,201,synthetic
mixed,SYN0086,970,203,synthetic
mixed,SYN0086,971,191,synthetic
mixed,SYN0086,971,194,synthetic
mixed,SYN0086,971,201,synthetic
mixed,SYN0086,971,203,synthetic
mixed,SYN0086,971,442,synthetic
mixed,SYN0086,972,189,synthetic
mixed,SYN0086,972,192,synthetic
mixed,SYN0086,972,197,synthetic
mixed,SYN0086,972,202,synthetic
mixed,SYN0086,973,189,synthetic
mixed,SYN0086,973,191,synthetic
mixed,SYN0086,973,192,synthetic
mixed,SYN0086,973,198,synthetic
mixed,SYN0086,973,199,synthetic
mixed,SYN0086,973,200,synthetic
mixed,SYN0086,973,442,synthetic
mixed,SYN0086,974,192,synthetic
mixed,SYN0086,974,193,synthetic
mixed,SYN0086,974,197,synthetic
mixed,SYN0086,974,199,synthetic
mixed,SYN0086,981,442,synthetic
mixed,SYN0086,984,442,synthetic
mixed,SYN0086,989,480,synthetic
mixed,SYN0086,993,442,synthetic
mixed,SYN0086,1007,442,synthetic
mixed,SYN0086,1010,356,synthetic
mixed,SYN0086,1019,0,synthetic
mixed,SYN0087,10,749,synthetic
mixed,SYN0087,16,749,synthetic
mixed,SYN0087,29,539,synthetic
mixed,SYN0087,33,941,synthetic
mixed,SYN0087,52,749,synthetic
mixed,SYN0087,53,662,synthetic
mixed,SYN0087,57,749,synthetic
mixed,SYN0087,59,749,synthetic
mixed,SYN0087,59,973,synthetic
mixed,SYN0087,64,749,synthetic
mixed,SYN0087,66,649,synthetic
mixed,SYN0087,82,749,synthetic
mixed,SYN0087,89,749,synthetic
mixed,SYN0087,105,88,synthetic
mixed,SYN0087,105,749,synthetic
mixed,SYN0087,110,161,synthetic
mixed,SYN0087,135,749,synthetic
mixed,SYN0087,156,749,synthetic
mixed,SYN0087,169,745,synthetic
mixed,SYN0087,173,1002,synthetic
mixed,SYN0087,175,435,synthetic
mixed,SYN0087,184,526,synthetic
mixed,SYN0087,194,442,synthetic
mixed,SYN0087,198,902,synthetic
mixed,SYN0087,199,749,synthetic
mixed,SYN0087,224,679,synthetic
mixed,SYN0087,237,889,synthetic
mixed,SYN0087,239,749,synthetic
mixed,SYN0087,241,2,synthetic
mixed,SYN0087,249,372,synthetic
mixed,SYN0087,260,749,synthetic
mixed,SYN0087,262,749,synthetic
mixed,SYN0087,264,749,synthetic
mixed,SYN0087,299,749,synthetic
mixed,SYN0087,310,749,synthetic
mixed,SYN0087,315,749,synthetic
mixed,SYN0087,330,512,synthetic
mixed,SYN0087,336,754,synthetic
mixed,SYN0087,348,991,synthetic
mixed,SYN0087,350,749,synthetic
mixed,SYN0087,354,749,synthetic
mixed,SYN0087,357,644,synthetic
mixed,SYN0087,358,721,synthetic
mixed,SYN0087,367,749,synthetic
mixed,SYN0087,373,37,synthetic
mixed,SYN0087,373,38,synthetic
mixed,SYN0087,373,41,synthetic
mixed,SYN0087,373,45,synthetic
mixed,SYN0087,373,47,synthetic
mixed,SYN0087,373,52,synthetic
mixed,SYN0087,374,37,synthetic
mixed,SYN0087,374,42,synthetic
mixed,SYN0087,374,43,synthetic
mixed,SYN0087,374,45,synthetic
mixed,SYN0087,374,46,synthetic
mixed,SYN0087,374,50,synthetic
mixed,SYN0087,375,38,synthetic
mixed,SYN0087,375,40,synthetic
mixed,SYN0087,375,42,synthetic
mixed,SYN0087,375,50,synthetic
mixed,SYN0087,375,467,synthetic
mixed,SYN0087,376,39,synthetic
mixed,SYN0087,376,42,synthetic
mixed,SYN0087,376,44,synthetic
mixed,SYN0087,376,45,synthetic
mixed,SYN0087,376,47,synthetic
mixed,SYN0087,376,49,synthetic
mixed,SYN0087,376,52,synthetic
mixed,SYN0087,377,39,synthetic
mixed,SYN0087,377,40,synthetic
mixed,SYN0087,377,43,synthetic
mixed,SYN0087,377,44,synthetic
mixed,SYN0087,377,47,synthetic
mixed,SYN0087,377,959,synthetic
mixed,SYN0087,378,42,synthetic
mixed,SYN0087,378,45,synthetic
mixed,SYN0087,378,48,synthetic
mixed,SYN0087,378,52,synthetic
mixed,SYN0087,379,38,synthetic
mixed,SYN0087,379,42,synthetic
mixed,SYN0087,379,50,synthetic
mixed,SYN0087,379,52,synthetic
mixed,SYN0087,379,749,synthetic
mixed,SYN0087,380,45,synthetic
mixed,SYN0087,380,49,synthetic
mixed,SYN0087,381,38,synthetic
mixed,SYN0087,381,43,synthetic
mixed,SYN0087,381,47,synthetic
mixed,SYN0087,381,52,synthetic
mixed,SYN0087,382,39,synthetic
mixed,SYN0087,382,46,synthetic
mixed,SYN0087,382,47,synthetic
mixed,SYN0087,382,48,synthetic
mixed,SYN0087,383,38,synthetic
mixed,SYN0087,383,44,synthetic
mixed,SYN0087,383,47,synthetic
mixed,SYN0087,384,37,synthetic
mixed,SYN0087,384,40,synthetic
mixed,SYN0087,384,41,synthetic
mixed,SYN0087,384,42,synthetic
mixed,SYN0087,384,749,synthetic
mixed,SYN0087,385,37,synthetic
mixed,SYN0087,385,44,synthetic
mixed,SYN0087,385,47,synthetic
mixed,SYN0087,385,48,synthetic
mixed,SYN0087,386,41,synthetic
mixed,SYN0087,386,51,synthetic
mixed,SYN0087,387,37,synthetic
mixed,SYN0087,387,41,synthetic
mixed,SYN0087,387,42,synthetic
mixed,SYN0087,387,43,synthetic
mixed,SYN0087,387,48,synthetic
mixed,SYN0087,387,49,synthetic
mixed,SYN0087,388,49,synthetic
mixed,SYN0087,388,51,synthetic
mixed,SYN0087,388,52,synthetic
mixed,SYN0087,389,1011,synthetic
mixed,SYN0087,401,749,synthetic
mixed,SYN0087,412,284,synthetic
mixed,SYN0087,412,502,synthetic
mixed,SYN0087,419,749,synthetic
mixed,SYN0087,420,749,synthetic
mixed,SYN0087,425,749,synthetic
mixed,SYN0087,434,640,synthetic
mixed,SYN0087,444,749,synthetic
mixed,SYN0087,456,749,synthetic
mixed,SYN0087,478,377,synthetic
mixed,SYN0087,480,749,synthetic
mixed,SYN0087,482,1005,synthetic
mixed,SYN0087,485,749,synthetic
mixed,SYN0087,487,749,synthetic
mixed,SYN0087,492,279,synthetic
mixed,SYN0087,494,749,synthetic
mixed,SYN0087,508,749,synthetic
mixed,SYN0087,520,75,synthetic
mixed,SYN0087,528,933,synthetic
mixed,SYN0087,535,749,synthetic
mixed,SYN0087,540,457,synthetic
mixed,SYN0087,547,749,synthetic
mixed,SYN0087,554,483,synthetic
mixed,SYN0087,556,449,synthetic
mixed,SYN0087,558,749,synthetic
mixed,SYN0087,576,749,synthetic
mixed,SYN0087,579,749,synthetic
mixed,SYN0087,592,649,synthetic
mixed,SYN0087,603,749,synthetic
mixed,SYN0087,604,568,synthetic
mixed,SYN0087,604,589,synthetic
mixed,SYN0087,615,749,synthetic
mixed,SYN0087,628,273,synthetic
mixed,SYN0087,631,749,synthetic
mixed,SYN0087,655,749,synthetic
mixed,SYN0087,657,749,synthetic
mixed,SYN0087,663,749,synthetic
mixed,SYN0087,674,749,synthetic
mixed,SYN0087,677,599,synthetic
mixed,SYN0087,678,921,synthetic
mixed,SYN0087,681,749,synthetic
mixed,SYN0087,682,99,synthetic
mixed,SYN0087,683,749,synthetic
mixed,SYN0087,693,749,synthetic
mixed,SYN0087,694,749,synthetic
mixed,SYN0087,706,788,synthetic
mixed,SYN0087,709,509,synthetic
mixed,SYN0087,719,749,synthetic
mixed,SYN0087,721,186,synthetic
mixed,SYN0087,735,749,synthetic
mixed,SYN0087,737,644,synthetic
mixed,SYN0087,746,749,synthetic
mixed,SYN0087,750,156,synthetic
mixed,SYN0087,751,640,synthetic
mixed,SYN0087,792,749,synthetic
mixed,SYN0087,797,254,synthetic
mixed,SYN0087,798,2,synthetic
mixed,SYN0087,798,8,synthetic
mixed,SYN0087,798,9,synthetic
mixed,SYN0087,798,11,synthetic
mixed,SYN0087,798,12,synthetic
mixed,SYN0087,798,41,synthetic
mixed,SYN0087,798,57,synthetic
mixed,SYN0087,798,68,synthetic
mixed,SYN0087,798,73,synthetic
mixed,SYN0087,798,79,synthetic
mixed,SYN0087,798,93,synthetic
mixed,SYN0087,798,101,synthetic
mixed,SYN0087,798,111,synthetic
mixed,SYN0087,798,113,synthetic
mixed,SYN0087,798,133,synthetic
mixed,SYN0087,798,138,synthetic
mixed,SYN0087,798,143,synthetic
mixed,SYN0087,798,148,synthetic
mixed,SYN0087,798,183,synthetic
mixed,SYN0087,798,190,synthetic
mixed,SYN0087,798,195,synthetic
mixed,SYN0087,798,209,synthetic
mixed,SYN0087,798,218,synthetic
mixed,SYN0087,798,222,synthetic
mixed,SYN0087,798,230,synthetic
mixed,SYN0087,798,275,synthetic
mixed,SYN0087,798,289,synthetic
mixed,SYN0087,798,293,synthetic
mixed,SYN0087,798,302,synthetic
mixed,SYN0087,798,326,synthetic
mixed,SYN0087,798,349,synthetic
mixed,SYN0087,798,352,synthetic
mixed,SYN0087,798,354,synthetic
mixed,SYN0087,798,365,synthetic
mixed,SYN0087,798,372,synthetic
mixed,SYN0087,798,388,synthetic
mixed,SYN0087,798,430,synthetic
mixed,SYN0087,798,443,synthetic
mixed,SYN0087,798,454,synthetic
mixed,SYN0087,798,472,synthetic
mixed,SYN0087,798,481,synthetic
mixed,SYN0087,798,497,synthetic
mixed,SYN0087,798,499,synthetic
mixed,SYN0087,798,512,synthetic
mixed,SYN0087,798,515,synthetic
mixed,SYN0087,798,543,synthetic
mixed,SYN0087,798,554,synthetic
mixed,SYN0087,798,564,synthetic
mixed,SYN0087,798,579,synthetic
mixed,SYN0087,798,582,synthetic
mixed,SYN0087,798,604,synthetic
mixed,SYN0087,798,612,synthetic
mixed,SYN0087,798,617,synthetic
mixed,SYN0087,798,620,synthetic
mixed,SYN0087,798,622,synthetic
mixed,SYN0087,798,624,synthetic
mixed,SYN0087,798,644,synthetic
mixed,SYN0087,798,710,synthetic
mixed,SYN0087,798,711,synthetic
mixed,SYN0087,798,729,synthetic
mixed,SYN0087,798,749,synthetic
mixed,SYN0087,798,750,synthetic
mixed,SYN0087,798,754,synthetic
mixed,SYN0087,798,760,synthetic
mixed,SYN0087,798,767,synthetic
mixed,SYN0087,798,787,synthetic
mixed,SYN0087,798,808,synthetic
mixed,SYN0087,798,812,synthetic
mixed,SYN0087,798,846,synthetic
mixed,SYN0087,798,882,synthetic
mixed,SYN0087,798,886,synthetic
mixed,SYN0087,798,893,synthetic
mixed,SYN0087,798,914,synthetic
mixed,SYN0087,798,931,synthetic
mixed,SYN0087,798,940,synthetic
mixed,SYN0087,798,943,synthetic
mixed,SYN0087,798,963,synthetic
mixed,SYN0087,798,970,synthetic
mixed,SYN0087,798,971,synthetic
mixed,SYN0087,798,989,synthetic
mixed,SYN0087,798,1006,synthetic
mixed,SYN0087,800,664,synthetic
mixed,SYN0087,804,749,synthetic
mixed,SYN0087,817,102,synthetic
mixed,SYN0087,817,622,synthetic
mixed,SYN0087,819,800,synthetic
mixed,SYN0087,820,749,synthetic
mixed,SYN0087,821,749,synthetic
mixed,SYN0087,841,495,synthetic
mixed,SYN0087,857,975,synthetic
mixed,SYN0087,868,813,synthetic
mixed,SYN0087,871,749,synthetic
mixed,SYN0087,881,1011,synthetic
mixed,SYN0087,884,749,synthetic
mixed,SYN0087,890,749,synthetic
mixed,SYN0087,899,749,synthetic
mixed,SYN0087,903,169,synthetic
mixed,SYN0087,913,25,synthetic
mixed,SYN0087,945,430,synthetic
mixed,SYN0087,950,240,synthetic
mixed,SYN0087,957,542,synthetic
mixed,SYN0087,962,749,synthetic
mixed,SYN0087,968,447,synthetic
mixed,SYN0087,977,749,synthetic
mixed,SYN0087,999,785,synthetic
mixed,SYN0087,1009,272,synthetic
mixed,SYN0087,1023,749,synthetic
mixed,SYN0088,0,916,synthetic
mixed,SYN0088,22,85,synthetic
mixed,SYN0088,27,609,synthetic
mixed,SYN0088,30,709,synthetic
mixed,SYN0088,31,703,synthetic
mixed,SYN0088,31,705,synthetic
mixed,SYN0088,31,711,synthetic
mixed,SYN0088,32,706,synthetic
mixed,SYN0088,32,708,synthetic
mixed,SYN0088,32,710,synthetic
mixed,SYN0088,32,718,synthetic
mixed,SYN0088,33,705,synthetic
mixed,SYN0088,33,710,synthetic
mixed,SYN0088,33,712,synthetic
mixed,SYN0088,34,708,synthetic
mixed,SYN0088,35,703,synthetic
mixed,SYN0088,35,712,synthetic
mixed,SYN0088,36,703,synthetic
mixed,SYN0088,36,707,synthetic
mixed,SYN0088,36,708,synthetic
mixed,SYN0088,36,714,synthetic
mixed,SYN0088,36,715,synthetic
mixed,SYN0088,36,716,synthetic
mixed,SYN0088,36,717,synthetic
mixed,SYN0088,36,718,synthetic
mixed,SYN0088,37,703,synthetic
mixed,SYN0088,37,705,synthetic
mixed,SYN0088,37,708,synthetic
mixed,SYN0088,37,716,synthetic
mixed,SYN0088,37,722,synthetic
mixed,SYN0088,37,1021,synthetic
mixed,SYN0088,38,709,synthetic
mixed,SYN0088,38,715,synthetic
mixed,SYN0088,38,960,synthetic
mixed,SYN0088,39,703,synthetic
mixed,SYN0088,39,705,synthetic
mixed,SYN0088,39,706,synthetic
mixed,SYN0088,39,710,synthetic
mixed,SYN0088,39,715,synthetic
mixed,SYN0088,39,716,synthetic
mixed,SYN0088,39,717,synthetic
mixed,SYN0088,39,718,synthetic
mixed,SYN0088,40,716,synthetic
mixed,SYN0088,41,706,synthetic
mixed,SYN0088,41,708,synthetic
mixed,SYN0088,41,712,synthetic
mixed,SYN0088,42,709,synthetic
mixed,SYN0088,42,711,synthetic
mixed,SYN0088,42,716,synthetic
mixed,SYN0088,42,718,synthetic
mixed,SYN0088,43,703,synthetic
mixed,SYN0088,43,718,synthetic
mixed,SYN0088,44,711,synthetic
mixed,SYN0088,44,717,synthetic
mixed,SYN0088,45,703,synthetic
mixed,SYN0088,45,705,synthetic
mixed,SYN0088,45,706,synthetic
mixed,SYN0088,45,709,synthetic
mixed,SYN0088,45,717,synthetic
mixed,SYN0088,45,1016,synthetic
mixed,SYN0088,49,1016,synthetic
mixed,SYN0088,55,523,synthetic
mixed,SYN0088,63,60,synthetic
mixed,SYN0088,66,155,synthetic
mixed,SYN0088,69,687,synthetic
mixed,SYN0088,71,1016,synthetic
mixed,SYN0088,75,977,synthetic
mixed,SYN0088,90,1016,synthetic
mixed,SYN0088,91,1016,synthetic
mixed,SYN0088,97,640,synthetic
mixed,SYN0088,103,153,synthetic
mixed,SYN0088,103,973,synthetic
mixed,SYN0088,110,1016,synthetic
mixed,SYN0088,111,657,synthetic
mixed,SYN0088,124,1016,synthetic
mixed,SYN0088,136,1016,synthetic
mixed,SYN0088,138,1016,synthetic
mixed,SYN0088,140,644,synthetic
mixed,SYN0088,142,900,synthetic
mixed,SYN0088,142,1016,synthetic
mixed,SYN0088,148,375,synthetic
mixed,SYN0088,150,337,synthetic
mixed,SYN0088,164,1016,synthetic
mixed,SYN0088,176,438,synthetic
mixed,SYN0088,176,1016,synthetic
mixed,SYN0088,178,1016,synthetic
mixed,SYN0088,183,522,synthetic
mixed,SYN0088,218,1016,synthetic
mixed,SYN0088,231,118,synthetic
mixed,SYN0088,233,1016,synthetic
mixed,SYN0088,258,1016,synthetic
mixed,SYN0088,259,757,synthetic
mixed,SYN0088,261,1016,synthetic
mixed,SYN0088,263,365,synthetic
mixed,SYN0088,263,1016,synthetic
mixed,SYN0088,264,377,synthetic
mixed,SYN0088,266,352,synthetic
mixed,SYN0088,266,392,synthetic
mixed,SYN0088,273,692,synthetic
mixed,SYN0088,273,1022,synthetic
mixed,SYN0088,278,739,synthetic
mixed,SYN0088,279,1016,synthetic
mixed,SYN0088,281,1016,synthetic
mixed,SYN0088,292,1016,synthetic
mixed,SYN0088,316,817,synthetic
mixed,SYN0088,316,1016,synthetic
mixed,SYN0088,320,460,synthetic
mixed,SYN0088,341,1016,synthetic
mixed,SYN0088,343,280,synthetic
mixed,SYN0088,354,9,synthetic
mixed,SYN0088,354,13,synthetic
mixed,SYN0088,354,21,synthetic
mixed,SYN0088,354,26,synthetic
mixed,SYN0088,354,42,synthetic
mixed,SYN0088,354,90,synthetic
mixed,SYN0088,354,110,synthetic
mixed,SYN0088,354,120,synthetic
mixed,SYN0088,354,123,synthetic
mixed,SYN0088,354,138,synthetic
mixed,SYN0088,354,161,synthetic
mixed,SYN0088,354,176,synthetic
mixed,SYN0088,354,193,synthetic
mixed,SYN0088,354,204,synthetic
mixed,SYN0088,354,218,synthetic
mixed,SYN0088,354,247,synthetic
mixed,SYN0088,354,258,synthetic
mixed,SYN0088,354,277,synthetic
mixed,SYN0088,354,283,synthetic
mixed,SYN0088,354,300,synthetic
mixed,SYN0088,354,322,synthetic
mixed,SYN0088,354,408,synthetic
mixed,SYN0088,354,410,synthetic
mixed,SYN0088,354,419,synthetic
mixed,SYN0088,354,423,synthetic
mixed,SYN0088,354,428,synthetic
mixed,SYN0088,354,450,synthetic
mixed,SYN0088,354,459,synthetic
mixed,SYN0088,354,461,synthetic
mixed,SYN0088,354,465,synthetic
mixed,SYN0088,354,473,synthetic
mixed,SYN0088,354,478,synthetic
mixed,SYN0088,354,489,synthetic
mixed,SYN0088,354,497,synthetic
mixed,SYN0088,354,519,synthetic
mixed,SYN0088,354,524,synthetic
mixed,SYN0088,354,526,synthetic
mixed,SYN0088,354,531,synthetic
mixed,SYN0088,354,533,synthetic
mixed,SYN0088,354,538,synthetic
mixed,SYN0088,354,542,synthetic
mixed,SYN0088,354,543,synthetic
mixed,SYN0088,354,551,synthetic
mixed,SYN0088,354,562,synthetic
mixed,SYN0088,354,564,synthetic
mixed,SYN0088,354,585,synthetic
mixed,SYN0088,354,598,synthetic
mixed,SYN0088,354,637,synthetic
mixed,SYN0088,354,639,synthetic
mixed,SYN0088,354,642,synthetic
mixed,SYN0088,354,703,synthetic
mixed,SYN0088,354,709,synthetic
mixed,SYN0088,354,717,synthetic
mixed,SYN0088,354,727,synthetic
mixed,SYN0088,354,729,synthetic
mixed,SYN0088,354,737,synthetic
mixed,SYN0088,354,747,synthetic
mixed,SYN0088,354,753,synthetic
mixed,SYN0088,354,787,synthetic
mixed,SYN0088,354,863,synthetic
mixed,SYN0088,354,881,synthetic
mixed,SYN0088,354,887,synthetic
mixed,SYN0088,354,895,synthetic
mixed,SYN0088,354,918,synthetic
mixed,SYN0088,354,924,synthetic
mixed,SYN0088,354,929,synthetic
mixed,SYN0088,354,933,synthetic
mixed,SYN0088,354,940,synthetic
mixed,SYN0088,354,952,synthetic
mixed,SYN0088,354,968,synthetic
mixed,SYN0088,354,976,synthetic
mixed,SYN0088,354,998,synthetic
mixed,SYN0088,354,1001,synthetic
mixed,SYN0088,354,1005,synthetic
mixed,SYN0088,360,395,synthetic
mixed,SYN0088,379,239,synthetic
mixed,SYN0088,383,1016,synthetic
mixed,SYN0088,387,1016,synthetic
mixed,SYN0088,410,391,synthetic
mixed,SYN0088,434,1016,synthetic
mixed,SYN0088,441,904,synthetic
mixed,SYN0088,469,1016,synthetic
mixed,SYN0088,472,1016,synthetic
mixed,SYN0088,484,1016,synthetic
mixed,SYN0088,493,16,synthetic
mixed,SYN0088,496,729,synthetic
mixed,SYN0088,520,399,synthetic
mixed,SYN0088,539,464,synthetic
mixed,SYN0088,539,1016,synthetic
mixed,SYN0088,541,854,synthetic
mixed,SYN0088,541,1016,synthetic
mixed,SYN0088,558,513,synthetic
mixed,SYN0088,564,1016,synthetic
mixed,SYN0088,565,334,synthetic
mixed,SYN0088,566,1016,synthetic
mixed,SYN0088,568,784,synthetic
mixed,SYN0088,576,1016,synthetic
mixed,SYN0088,587,739,synthetic
mixed,SYN0088,590,989,synthetic
mixed,SYN0088,592,921,synthetic
mixed,SYN0088,603,1016,synthetic
mixed,SYN0088,604,397,synthetic
mixed,SYN0088,604,925,synthetic
mixed,SYN0088,610,977,synthetic
mixed,SYN0088,610,1016,synthetic
mixed,SYN0088,611,761,synthetic
mixed,SYN0088,614,765,synthetic
mixed,SYN0088,616,207,synthetic
mixed,SYN0088,622,1016,synthetic
mixed,SYN0088,627,1016,synthetic
mixed,SYN0088,647,224,synthetic
mixed,SYN0088,649,736,synthetic
mixed,SYN0088,651,23,synthetic
mixed,SYN0088,657,830,synthetic
mixed,SYN0088,669,366,synthetic
mixed,SYN0088,690,384,synthetic
mixed,SYN0088,691,1016,synthetic
mixed,SYN0088,693,1016,synthetic
mixed,SYN0088,696,325,synthetic
mixed,SYN0088,707,660,synthetic
mixed,SYN0088,708,1016,synthetic
mixed,SYN0088,737,1016,synthetic
mixed,SYN0088,743,375,synthetic
mixed,SYN0088,751,14,synthetic
mixed,SYN0088,754,1016,synthetic
mixed,SYN0088,758,1016,synthetic
mixed,SYN0088,774,719,synthetic
mixed,SYN0088,775,174,synthetic
mixed,SYN0088,799,1016,synthetic
mixed,SYN0088,801,1016,synthetic
mixed,SYN0088,804,566,synthetic
mixed,SYN0088,819,570,synthetic
mixed,SYN0088,834,216,synthetic
mixed,SYN0088,836,1016,synthetic
mixed,SYN0088,849,435,synthetic
mixed,SYN0088,861,593,synthetic
mixed,SYN0088,862,1016,synthetic
mixed,SYN0088,865,155,synthetic
mixed,SYN0088,866,182,synthetic
mixed,SYN0088,870,1016,synthetic
mixed,SYN0088,879,1016,synthetic
mixed,SYN0088,888,682,synthetic
mixed,SYN0088,900,444,synthetic
mixed,SYN0088,901,867,synthetic
mixed,SYN0088,920,971,synthetic
mixed,SYN0088,940,1016,synthetic
mixed,SYN0088,941,1016,synthetic
mixed,SYN0088,957,1016,synthetic
mixed,SYN0088,986,1016,synthetic
mixed,SYN0088,1006,1016,synthetic
mixed,SYN0088,1014,1016,synthetic
mixed,SYN0088,1021,1016,synthetic
mixed,SYN0089,5,455,synthetic
mixed,SYN0089,11,205,synthetic
mixed,SYN0089,13,205,synthetic
mixed,SYN0089,16,205,synthetic
mixed,SYN0089,28,104,synthetic
mixed,SYN0089,28,154,synthetic
mixed,SYN0089,37,205,synthetic
mixed,SYN0089,45,964,synthetic
mixed,SYN0089,61,205,synthetic
mixed,SYN0089,67,968,synthetic
mixed,SYN0089,70,205,synthetic
mixed,SYN0089,75,205,synthetic
mixed,SYN0089,80,205,synthetic
mixed,SYN0089,85,205,synthetic
mixed,SYN0089,87,990,synthetic
mixed,SYN0089,93,205,synthetic
mixed,SYN0089,95,205,synthetic
mixed,SYN0089,102,205,synthetic
mixed,SYN0089,104,205,synthetic
mixed,SYN0089,121,226,synthetic
mixed,SYN0089,123,205,synthetic
mixed,SYN0089,129,205,synthetic
mixed,SYN0089,130,205,synthetic
mixed,SYN0089,135,205,synthetic
mixed,SYN0089,142,371,synthetic
mixed,SYN0089,145,864,synthetic
mixed,SYN0089,153,205,synthetic
mixed,SYN0089,157,359,synthetic
mixed,SYN0089,158,205,synthetic
mixed,SYN0089,162,238,synthetic
mixed,SYN0089,172,205,synthetic
mixed,SYN0089,191,292,synthetic
mixed,SYN0089,193,205,synthetic
mixed,SYN0089,199,205,synthetic
mixed,SYN0089,199,594,synthetic
mixed,SYN0089,209,118,synthetic
mixed,SYN0089,213,208,synthetic
mixed,SYN0089,219,786,synthetic
mixed,SYN0089,222,205,synthetic
mixed,SYN0089,238,205,synthetic
mixed,SYN0089,245,373,synthetic
mixed,SYN0089,266,205,synthetic
mixed,SYN0089,272,205,synthetic
mixed,SYN0089,280,205,synthetic
mixed,SYN0089,288,84,synthetic
mixed,SYN0089,294,205,synthetic
mixed,SYN0089,299,205,synthetic
mixed,SYN0089,301,78,synthetic
mixed,SYN0089,308,205,synthetic
mixed,SYN0089,309,5,synthetic
mixed,SYN0089,309,13,synthetic
mixed,SYN0089,309,43,synthetic
mixed,SYN0089,309,47,synthetic
mixed,SYN0089,309,83,synthetic
mixed,SYN0089,309,96,synthetic
mixed,SYN0089,309,110,synthetic
mixed,SYN0089,309,118,synthetic
mixed,SYN0089,309,125,synthetic
mixed,SYN0089,309,129,synthetic
mixed,SYN0089,309,158,synthetic
mixed,SYN0089,309,162,synthetic
mixed,SYN0089,309,183,synthetic
mixed,SYN0089,309,187,synthetic
mixed,SYN0089,309,188,synthetic
mixed,SYN0089,309,196,synthetic
mixed,SYN0089,309,199,synthetic
mixed,SYN0089,309,229,synthetic
mixed,SYN0089,309,267,synthetic
mixed,SYN0089,309,335,synthetic
mixed,SYN0089,309,347,synthetic
mixed,SYN0089,309,367,synthetic
mixed,SYN0089,309,378,synthetic
mixed,SYN0089,309,380,synthetic
mixed,SYN0089,309,382,synthetic
mixed,SYN0089,309,392,synthetic
mixed,SYN0089,309,409,synthetic
mixed,SYN0089,309,416,synthetic
mixed,SYN0089,309,432,synthetic
mixed,SYN0089,309,433,synthetic
mixed,SYN0089,309,451,synthetic
mixed,SYN0089,309,458,synthetic
mixed,SYN0089,309,474,synthetic
mixed,SYN0089,309,489,synthetic
mixed,SYN0089,309,545,synthetic
mixed,SYN0089,309,550,synthetic
mixed,SYN0089,309,559,synthetic
mixed,SYN0089,309,579,synthetic
mixed,SYN0089,309,582,synthetic
mixed,SYN0089,309,603,synthetic
mixed,SYN0089,309,638,synthetic
mixed,SYN0089,309,668,synthetic
mixed,SYN0089,309,680,synthetic
mixed,SYN0089,309,694,synthetic
mixed,SYN0089,309,738,synthetic
mixed,SYN0089,309,801,synthetic
mixed,SYN0089,309,810,synthetic
mixed,SYN0089,309,812,synthetic
mixed,SYN0089,309,816,synthetic
mixed,SYN0089,309,836,synthetic
mixed,SYN0089,309,872,synthetic
mixed,SYN0089,309,873,synthetic
mixed,SYN0089,309,880,synthetic
mixed,SYN0089,309,910,synthetic
mixed,SYN0089,309,913,synthetic
mixed,SYN0089,309,960,synthetic
mixed,SYN0089,309,962,synthetic
mixed,SYN0089,309,971,synthetic
mixed,SYN0089,309,980,synthetic
mixed,SYN0089,309,995,synthetic
mixed,SYN0089,309,1002,synthetic
mixed,SYN0089,309,1007,synthetic
mixed,SYN0089,309,1014,synthetic
mixed,SYN0089,319,205,synthetic
mixed,SYN0089,335,205,synthetic
mixed,SYN0089,363,237,synthetic
mixed,SYN0089,389,205,synthetic
mixed,SYN0089,392,416,synthetic
mixed,SYN0089,397,921,synthetic
mixed,SYN0089,421,205,synthetic
mixed,SYN0089,423,205,synthetic
mixed,SYN0089,431,205,synthetic
mixed,SYN0089,452,205,synthetic
mixed,SYN0089,460,84,synthetic
mixed,SYN0089,475,482,synthetic
mixed,SYN0089,485,205,synthetic
mixed,SYN0089,496,205,synthetic
mixed,SYN0089,503,58,synthetic
mixed,SYN0089,521,205,synthetic
mixed,SYN0089,523,47,synthetic
mixed,SYN0089,541,205,synthetic
mixed,SYN0089,547,480,synthetic
mixed,SYN0089,552,205,synthetic
mixed,SYN0089,577,770,synthetic
mixed,SYN0089,592,205,synthetic
mixed,SYN0089,610,205,synthetic
mixed,SYN0089,635,198,synthetic
mixed,SYN0089,645,205,synthetic
mixed,SYN0089,647,858,synthetic
mixed,SYN0089,655,205,synthetic
mixed,SYN0089,659,205,synthetic
mixed,SYN0089,679,205,synthetic
mixed,SYN0089,690,337,synthetic
mixed,SYN0089,695,205,synthetic
mixed,SYN0089,711,483,synthetic
mixed,SYN0089,715,666,synthetic
mixed,SYN0089,721,868,synthetic
mixed,SYN0089,725,64,synthetic
mixed,SYN0089,727,892,synthetic
mixed,SYN0089,753,167,synthetic
mixed,SYN0089,759,205,synthetic
mixed,SYN0089,763,205,synthetic
mixed,SYN0089,769,205,synthetic
mixed,SYN0089,770,205,synthetic
mixed,SYN0089,791,596,synthetic
mixed,SYN0089,812,205,synthetic
mixed,SYN0089,833,205,synthetic
mixed,SYN0089,842,511,synthetic
mixed,SYN0089,846,205,synthetic
mixed,SYN0089,849,169,synthetic
mixed,SYN0089,867,434,synthetic
mixed,SYN0089,868,42,synthetic
mixed,SYN0089,872,205,synthetic
mixed,SYN0089,879,17,synthetic
mixed,SYN0089,927,1,synthetic
mixed,SYN0089,942,205,synthetic
mixed,SYN0089,948,205,synthetic
mixed,SYN0089,955,205,synthetic
mixed,SYN0089,956,219,synthetic
mixed,SYN0089,963,205,synthetic
mixed,SYN0089,964,78,synthetic
mixed,SYN0089,965,950,synthetic
mixed,SYN0089,975,96,synthetic
mixed,SYN0089,982,354,synthetic
mixed,SYN0089,1004,880,synthetic
mixed,SYN0089,1004,884,synthetic
mixed,SYN0089,1004,894,synthetic
mixed,SYN0089,1005,881,synthetic
mixed,SYN0089,1005,882,synthetic
mixed,SYN0089,1005,889,synthetic
mixed,SYN0089,1006,882,synthetic
mixed,SYN0089,1006,893,synthetic
mixed,SYN0089,1006,895,synthetic
mixed,SYN0089,1007,881,synthetic
mixed,SYN0089,1007,886,synthetic
mixed,SYN0089,1007,888,synthetic
mixed,SYN0089,1008,886,synthetic
mixed,SYN0089,1008,887,synthetic
mixed,SYN0089,1008,889,synthetic
mixed,SYN0089,1008,891,synthetic
mixed,SYN0089,1008,892,synthetic
mixed,SYN0089,1009,881,synthetic
mixed,SYN0089,1009,885,synthetic
mixed,SYN0089,1009,888,synthetic
mixed,SYN0089,1009,890,synthetic
mixed,SYN0089,1009,894,synthetic
mixed,SYN0089,1009,895,synthetic
mixed,SYN0089,1010,885,synthetic
mixed,SYN0089,1010,894,synthetic
mixed,SYN0089,1011,885,synthetic
mixed,SYN0089,1012,205,synthetic
mixed,SYN0089,1012,882,synthetic
mixed,SYN0089,1012,885,synthetic
mixed,SYN0089,1012,887,synthetic
mixed,SYN0089,1012,894,synthetic
mixed,SYN0089,1013,205,synthetic
mixed,SYN0089,1013,881,synthetic
mixed,SYN0089,1013,882,synthetic
mixed,SYN0089,1013,883,synthetic
mixed,SYN0089,1013,891,synthetic
mixed,SYN0089,1013,892,synthetic
mixed,SYN0089,1013,893,synthetic
mixed,SYN0089,1015,526,synthetic
mixed,SYN0089,1015,881,synthetic
mixed,SYN0089,1015,883,synthetic
mixed,SYN0089,1016,880,synthetic
mixed,SYN0089,1016,887,synthetic
mixed,SYN0089,1016,892,synthetic
mixed,SYN0089,1016,893,synthetic
mixed,SYN0089,1016,895,synthetic
mixed,SYN0089,1017,880,synthetic
mixed,SYN0089,1018,881,synthetic
mixed,SYN0089,1018,889,synthetic
mixed,SYN0089,1019,882,synthetic
mixed,SYN0089,1019,888,synthetic
mixed,SYN0089,1019,889,synthetic
mixed,SYN0089,1019,892,synthetic
mixed,SYN0090,4,896,synthetic
mixed,SYN0090,8,896,synthetic
mixed,SYN0090,12,73,synthetic
mixed,SYN0090,12,689,synthetic
mixed,SYN0090,16,181,synthetic
mixed,SYN0090,39,896,synthetic
mixed,SYN0090,42,896,synthetic
mixed,SYN0090,48,896,synthetic
mixed,SYN0090,49,615,synthetic
mixed,SYN0090,51,209,synthetic
mixed,SYN0090,57,896,synthetic
mixed,SYN0090,58,896,synthetic
mixed,SYN0090,63,871,synthetic
mixed,SYN0090,66,929,synthetic
mixed,SYN0090,73,896,synthetic
mixed,SYN0090,75,340,synthetic
mixed,SYN0090,79,896,synthetic
mixed,SYN0090,81,640,synthetic
mixed,SYN0090,112,896,synthetic
mixed,SYN0090,122,796,synthetic
mixed,SYN0090,122,896,synthetic
mixed,SYN0090,123,896,synthetic
mixed,SYN0090,171,896,synthetic
mixed,SYN0090,175,527,synthetic
mixed,SYN0090,206,371,synthetic
mixed,SYN0090,211,896,synthetic
mixed,SYN0090,215,4,synthetic
mixed,SYN0090,215,44,synthetic
mixed,SYN0090,215,69,synthetic
mixed,SYN0090,215,84,synthetic
mixed,SYN0090,215,107,synthetic
mixed,SYN0090,215,130,synthetic
mixed,SYN0090,215,142,synthetic
mixed,SYN0090,215,148,synthetic
mixed,SYN0090,215,150,synthetic
mixed,SYN0090,215,174,synthetic
mixed,SYN0090,215,213,synthetic
mixed,SYN0090,215,218,synthetic
mixed,SYN0090,215,232,synthetic
mixed,SYN0090,215,248,synthetic
mixed,SYN0090,215,256,synthetic
mixed,SYN0090,215,274,synthetic
mixed,SYN0090,215,283,synthetic
mixed,SYN0090,215,300,synthetic
mixed,SYN0090,215,322,synthetic
mixed,SYN0090,215,344,synthetic
mixed,SYN0090,215,391,synthetic
mixed,SYN0090,215,404,synthetic
mixed,SYN0090,215,410,synthetic
mixed,SYN0090,215,463,synthetic
mixed,SYN0090,215,465,synthetic
mixed,SYN0090,215,475,synthetic
mixed,SYN0090,215,486,synthetic
mixed,SYN0090,215,507,synthetic
mixed,SYN0090,215,536,synthetic
mixed,SYN0090,215,543,synthetic
mixed,SYN0090,215,573,synthetic
mixed,SYN0090,215,579,synthetic
mixed,SYN0090,215,610,synthetic
mixed,SYN0090,215,620,synthetic
mixed,SYN0090,215,643,synthetic
mixed,SYN0090,215,645,synthetic
mixed,SYN0090,215,646,synthetic
mixed,SYN0090,215,669,synthetic
mixed,SYN0090,215,673,synthetic
mixed,SYN0090,215,676,synthetic
mixed,SYN0090,215,698,synthetic
mixed,SYN0090,215,705,synthetic
mixed,SYN0090,215,710,synthetic
mixed,SYN0090,215,727,synthetic
mixed,SYN0090,215,733,synthetic
mixed,SYN0090,215,752,synthetic
mixed,SYN0090,215,754,synthetic
mixed,SYN0090,215,795,synthetic
mixed,SYN0090,215,817,synthetic
mixed,SYN0090,215,819,synthetic
mixed,SYN0090,215,825,synthetic
mixed,SYN0090,215,849,synthetic
mixed,SYN0090,215,857,synthetic
mixed,SYN0090,215,871,synthetic
mixed,SYN0090,215,888,synthetic
mixed,SYN0090,215,911,synthetic
mixed,SYN0090,215,913,synthetic
mixed,SYN0090,215,949,synthetic
mixed,SYN0090,215,958,synthetic
mixed,SYN0090,215,989,synthetic
mixed,SYN0090,215,1001,synthetic
mixed,SYN0090,231,69,synthetic
mixed,SYN0090,235,964,synthetic
mixed,SYN0090,236,896,synthetic
mixed,SYN0090,240,896,synthetic
mixed,SYN0090,245,505,synthetic
mixed,SYN0090,253,896,synthetic
mixed,SYN0090,262,242,synthetic
mixed,SYN0090,265,636,synthetic
mixed,SYN0090,280,331,synthetic
mixed,SYN0090,292,896,synthetic
mixed,SYN0090,305,208,synthetic
mixed,SYN0090,306,896,synthetic
mixed,SYN0090,325,630,synthetic
mixed,SYN0090,341,896,synthetic
mixed,SYN0090,353,499,synthetic
mixed,SYN0090,353,896,synthetic
mixed,SYN0090,354,892,synthetic
mixed,SYN0090,362,896,synthetic
mixed,SYN0090,387,520,synthetic
mixed,SYN0090,407,896,synthetic
mixed,SYN0090,411,896,synthetic
mixed,SYN0090,414,128,synthetic
mixed,SYN0090,416,834,synthetic
mixed,SYN0090,424,896,synthetic
mixed,SYN0090,426,317,synthetic
mixed,SYN0090,440,792,synthetic
mixed,SYN0090,443,610,synthetic
mixed,SYN0090,443,896,synthetic
mixed,SYN0090,446,129,synthetic
mixed,SYN0090,447,804,synthetic
mixed,SYN0090,468,760,synthetic
mixed,SYN0090,477,725,synthetic
mixed,SYN0090,482,785,synthetic
mixed,SYN0090,485,896,synthetic
mixed,SYN0090,500,896,synthetic
mixed,SYN0090,501,722,synthetic
mixed,SYN0090,503,193,synthetic
mixed,SYN0090,508,481,synthetic
mixed,SYN0090,518,896,synthetic
mixed,SYN0090,521,896,synthetic
mixed,SYN0090,530,95,synthetic
mixed,SYN0090,554,896,synthetic
mixed,SYN0090,560,896,synthetic
mixed,SYN0090,590,896,synthetic
mixed,SYN0090,591,77,synthetic
mixed,SYN0090,599,1023,synthetic
mixed,SYN0090,605,896,synthetic
mixed,SYN0090,610,896,synthetic
mixed,SYN0090,614,896,synthetic
mixed,SYN0090,625,473,synthetic
mixed,SYN0090,635,595,synthetic
mixed,SYN0090,644,896,synthetic
mixed,SYN0090,662,896,synthetic
mixed,SYN0090,665,639,synthetic
mixed,SYN0090,678,896,synthetic
mixed,SYN0090,687,978,synthetic
mixed,SYN0090,687,983,synthetic
mixed,SYN0090,687,985,synthetic
mixed,SYN0090,687,992,synthetic
mixed,SYN0090,687,993,synthetic
mixed,SYN0090,688,979,synthetic
mixed,SYN0090,688,982,synthetic
mixed,SYN0090,688,984,synthetic
mixed,SYN0090,688,985,synthetic
mixed,SYN0090,688,991,synthetic
mixed,SYN0090,689,978,synthetic
mixed,SYN0090,690,979,synthetic
mixed,SYN0090,690,982,synthetic
mixed,SYN0090,690,985,synthetic
mixed,SYN0090,690,986,synthetic
mixed,SYN0090,690,988,synthetic
mixed,SYN0090,690,989,synthetic
mixed,SYN0090,690,990,synthetic
mixed,SYN0090,691,978,synthetic
mixed,SYN0090,691,981,synthetic
mixed,SYN0090,691,984,synthetic
mixed,SYN0090,691,985,synthetic
mixed,SYN0090,691,986,synthetic
mixed,SYN0090,691,987,synthetic
mixed,SYN0090,691,989,synthetic
mixed,SYN0090,691,990,synthetic
mixed,SYN0090,691,991,synthetic
mixed,SYN0090,691,992,synthetic
mixed,SYN0090,692,978,synthetic
mixed,SYN0090,692,984,synthetic
mixed,SYN0090,692,988,synthetic
mixed,SYN0090,692,989,synthetic
mixed,SYN0090,692,990,synthetic
mixed,SYN0090,692,991,synthetic
mixed,SYN0090,692,993,synthetic
mixed,SYN0090,693,981,synthetic
mixed,SYN0090,693,990,synthetic
mixed,SYN0090,693,992,synthetic
mixed,SYN0090,694,896,synthetic
mixed,SYN0090,694,982,synthetic
mixed,SYN0090,694,983,synthetic
mixed,SYN0090,694,984,synthetic
mixed,SYN0090,695,978,synthetic
mixed,SYN0090,695,988,synthetic
mixed,SYN0090,695,990,synthetic
mixed,SYN0090,695,993,synthetic
mixed,SYN0090,696,984,synthetic
mixed,SYN0090,696,987,synthetic
mixed,SYN0090,696,990,synthetic
mixed,SYN0090,696,992,synthetic
mixed,SYN0090,696,993,synthetic
mixed,SYN0090,697,978,synthetic
mixed,SYN0090,697,979,synthetic
mixed,SYN0090,697,980,synthetic
mixed,SYN0090,697,991,synthetic
mixed,SYN0090,698,980,synthetic
mixed,SYN0090,698,984,synthetic
mixed,SYN0090,698,987,synthetic
mixed,SYN0090,698,988,synthetic
mixed,SYN0090,699,896,synthetic
mixed,SYN0090,699,979,synthetic
mixed,SYN0090,699,980,synthetic
mixed,SYN0090,699,982,synthetic
mixed,SYN0090,699,984,synthetic
mixed,SYN0090,699,987,synthetic
mixed,SYN0090,699,990,synthetic
mixed,SYN0090,699,992,synthetic
mixed,SYN0090,699,993,synthetic
mixed,SYN0090,700,987,synthetic
mixed,SYN0090,700,990,synthetic
mixed,SYN0090,700,993,synthetic
mixed,SYN0090,701,980,synthetic
mixed,SYN0090,701,981,synthetic
mixed,SYN0090,701,992,synthetic
mixed,SYN0090,702,979,synthetic
mixed,SYN0090,702,982,synthetic
mixed,SYN0090,702,983,synthetic
mixed,SYN0090,702,989,synthetic
mixed,SYN0090,708,896,synthetic
mixed,SYN0090,715,896,synthetic
mixed,SYN0090,717,599,synthetic
mixed,SYN0090,720,896,synthetic
mixed,SYN0090,721,896,synthetic
mixed,SYN0090,726,53,synthetic
mixed,SYN0090,728,896,synthetic
mixed,SYN0090,739,896,synthetic
mixed,SYN0090,748,896,synthetic
mixed,SYN0090,752,977,synthetic
mixed,SYN0090,753,896,synthetic
mixed,SYN0090,762,205,synthetic
mixed,SYN0090,763,896,synthetic
mixed,SYN0090,789,896,synthetic
mixed,SYN0090,811,198,synthetic
mixed,SYN0090,816,950,synthetic
mixed,SYN0090,818,896,synthetic
mixed,SYN0090,847,485,synthetic
mixed,SYN0090,851,309,synthetic
mixed,SYN0090,855,896,synthetic
mixed,SYN0090,857,726,synthetic
mixed,SYN0090,864,718,synthetic
mixed,SYN0090,868,896,synthetic
mixed,SYN0090,872,896,synthetic
mixed,SYN0090,931,587,synthetic
mixed,SYN0090,931,896,synthetic
mixed,SYN0090,936,849,synthetic
mixed,SYN0090,940,896,synthetic
mixed,SYN0090,958,896,synthetic
mixed,SYN0090,974,896,synthetic
mixed,SYN0090,978,4,synthetic
mixed,SYN0090,980,635,synthetic
mixed,SYN0090,986,822,synthetic
mixed,SYN0090,999,896,synthetic
mixed,SYN0090,1006,49,synthetic
mixed,SYN0090,1013,896,synthetic
mixed,SYN0090,1016,637,synthetic
full_row,SYN0091,835,0,synthetic
full_row,SYN0091,835,1,synthetic
full_row,SYN0091,835,2,synthetic
full_row,SYN0091,835,3,synthetic
full_row,SYN0091,835,4,synthetic
full_row,SYN0091,835,5,synthetic
full_row,SYN0091,835,6,synthetic
full_row,SYN0091,835,7,synthetic
full_row,SYN0091,835,8,synthetic
full_row,SYN0091,835,9,synthetic
full_row,SYN0091,835,10,synthetic
full_row,SYN0091,835,11,synthetic
full_row,SYN0091,835,12,synthetic
full_row,SYN0091,835,13,synthetic
full_row,SYN0091,835,14,synthetic
full_row,SYN0091,835,15,synthetic
full_row,SYN0091,835,16,synthetic
full_row,SYN0091,835,17,synthetic
full_row,SYN0091,835,18,synthetic
full_row,SYN0091,835,19,synthetic
full_row,SYN0091,835,20,synthetic
full_row,SYN0091,835,21,synthetic
full_row,SYN0091,835,22,synthetic
full_row,SYN0091,835,23,synthetic
full_row,SYN0091,835,24,synthetic
full_row,SYN0091,835,25,synthetic
full_row,SYN0091,835,26,synthetic
full_row,SYN0091,835,27,synthetic
full_row,SYN0091,835,28,synthetic
full_row,SYN0091,835,29,synthetic
full_row,SYN0091,835,30,synthetic
full_row,SYN0091,835,31,synthetic
full_row,SYN0091,835,32,synthetic
full_row,SYN0091,835,33,synthetic
full_row,SYN0091,835,34,synthetic
full_row,SYN0091,835,35,synthetic
full_row,SYN0091,835,36,synthetic
full_row,SYN0091,835,37,synthetic
full_row,SYN0091,835,38,synthetic
full_row,SYN0091,835,39,synthetic
full_row,SYN0091,835,40,synthetic
full_row,SYN0091,835,41,synthetic
full_row,SYN0091,835,42,synthetic
full_row,SYN0091,835,43,synthetic
full_row,SYN0091,835,44,synthetic
full_row,SYN0091,835,45,synthetic
full_row,SYN0091,835,46,synthetic
full_row,SYN0091,835,47,synthetic
full_row,SYN0091,835,48,synthetic
full_row,SYN0091,835,49,synthetic
full_row,SYN0091,835,50,synthetic
full_row,SYN0091,835,51,synthetic
full_row,SYN0091,835,52,synthetic
full_row,SYN0091,835,53,synthetic
full_row,SYN0091,835,54,synthetic
full_row,SYN0091,835,55,synthetic
full_row,SYN0091,835,56,synthetic
full_row,SYN0091,835,57,synthetic
full_row,SYN0091,835,58,synthetic
full_row,SYN0091,835,59,synthetic
full_row,SYN0091,835,60,synthetic
full_row,SYN0091,835,61,synthetic
full_row,SYN0091,835,62,synthetic
full_row,SYN0091,835,63,synthetic
full_row,SYN0091,835,64,synthetic
full_row,SYN0091,835,65,synthetic
full_row,SYN0091,835,66,synthetic
full_row,SYN0091,835,67,synthetic
full_row,SYN0091,835,68,synthetic
full_row,SYN0091,835,69,synthetic
full_row,SYN0091,835,70,synthetic
full_row,SYN0091,835,71,synthetic
full_row,SYN0091,835,72,synthetic
full_row,SYN0091,835,73,synthetic
full_row,SYN0091,835,74,synthetic
full_row,SYN0091,835,75,synthetic
full_row,SYN0091,835,76,synthetic
full_row,SYN0091,835,77,synthetic
full_row,SYN0091,835,78,synthetic
full_row,SYN0091,835,79,synthetic
full_row,SYN0091,835,80,synthetic
full_row,SYN0091,835,81,synthetic
full_row,SYN0091,835,82,synthetic
full_row,SYN0091,835,83,synthetic
full_row,SYN0091,835,84,synthetic
full_row,SYN0091,835,85,synthetic
full_row,SYN0091,835,86,synthetic
full_row,SYN0091,835,87,synthetic
full_row,SYN0091,835,88,synthetic
full_row,SYN0091,835,89,synthetic
full_row,SYN0091,835,90,synthetic
full_row,SYN0091,835,91,synthetic
full_row,SYN0091,835,92,synthetic
full_row,SYN0091,835,93,synthetic
full_row,SYN0091,835,94,synthetic
full_row,SYN0091,835,95,synthetic
full_row,SYN0091,835,96,synthetic
full_row,SYN0091,835,97,synthetic
full_row,SYN0091,835,98,synthetic
full_row,SYN0091,835,99,synthetic
full_row,SYN0091,835,100,synthetic
full_row,SYN0091,835,101,synthetic
full_row,SYN0091,835,102,synthetic
full_row,SYN0091,835,103,synthetic
full_row,SYN0091,835,104,synthetic
full_row,SYN0091,835,105,synthetic
full_row,SYN0091,835,106,synthetic
full_row,SYN0091,835,107,synthetic
full_row,SYN0091,835,108,synthetic
full_row,SYN0091,835,109,synthetic
full_row,SYN0091,835,110,synthetic
full_row,SYN0091,835,111,synthetic
full_row,SYN0091,835,112,synthetic
full_row,SYN0091,835,113,synthetic
full_row,SYN0091,835,114,synthetic
full_row,SYN0091,835,115,synthetic
full_row,SYN0091,835,116,synthetic
full_row,SYN0091,835,117,synthetic
full_row,SYN0091,835,118,synthetic
full_row,SYN0091,835,119,synthetic
full_row,SYN0091,835,120,synthetic
full_row,SYN0091,835,121,synthetic
full_row,SYN0091,835,122,synthetic
full_row,SYN0091,835,123,synthetic
full_row,SYN0091,835,124,synthetic
full_row,SYN0091,835,125,synthetic
full_row,SYN0091,835,126,synthetic
full_row,SYN0091,835,127,synthetic
full_row,SYN0091,835,128,synthetic
full_row,SYN0091,835,129,synthetic
full_row,SYN0091,835,130,synthetic
full_row,SYN0091,835,131,synthetic
full_row,SYN0091,835,132,synthetic
full_row,SYN0091,835,133,synthetic
full_row,SYN0091,835,134,synthetic
full_row,SYN0091,835,135,synthetic
full_row,SYN0091,835,136,synthetic
full_row,SYN0091,835,137,synthetic
full_row,SYN0091,835,138,synthetic
full_row,SYN0091,835,139,synthetic
full_row,SYN0091,835,140,synthetic
full_row,SYN0091,835,141,synthetic
full_row,SYN0091,835,142,synthetic
full_row,SYN0091,835,143,synthetic
full_row,SYN0091,835,144,synthetic
full_row,SYN0091,835,145,synthetic
full_row,SYN0091,835,146,synthetic
full_row,SYN0091,835,147,synthetic
full_row,SYN0091,835,148,synthetic
full_row,SYN0091,835,149,synthetic
full_row,SYN0091,835,150,synthetic
full_row,SYN0091,835,151,synthetic
full_row,SYN0091,835,152,synthetic
full_row,SYN0091,835,153,synthetic
full_row,SYN0091,835,154,synthetic
full_row,SYN0091,835,155,synthetic
full_row,SYN0091,835,156,synthetic
full_row,SYN0091,835,157,synthetic
full_row,SYN0091,835,158,synthetic
full_row,SYN0091,835,159,synthetic
full_row,SYN0091,835,160,synthetic
full_row,SYN0091,835,161,synthetic
full_row,SYN0091,835,162,synthetic
full_row,SYN0091,835,163,synthetic
full_row,SYN0091,835,164,synthetic
full_row,SYN0091,835,165,synthetic
full_row,SYN0091,835,166,synthetic
full_row,SYN0091,835,167,synthetic
full_row,SYN0091,835,168,synthetic
full_row,SYN0091,835,169,synthetic
full_row,SYN0091,835,170,synthetic
full_row,SYN0091,835,171,synthetic
full_row,SYN0091,835,172,synthetic
full_row,SYN0091,835,173,synthetic
full_row,SYN0091,835,174,synthetic
full_row,SYN0091,835,175,synthetic
full_row,SYN0091,835,176,synthetic
full_row,SYN0091,835,177,synthetic
full_row,SYN0091,835,178,synthetic
full_row,SYN0091,835,179,synthetic
full_row,SYN0091,835,180,synthetic
full_row,SYN0091,835,181,synthetic
full_row,SYN0091,835,182,synthetic
full_row,SYN0091,835,183,synthetic
full_row,SYN0091,835,184,synthetic
full_row,SYN0091,835,185,synthetic
full_row,SYN0091,835,186,synthetic
full_row,SYN0091,835,187,synthetic
full_row,SYN0091,835,188,synthetic
full_row,SYN0091,835,189,synthetic
full_row,SYN0091,835,190,synthetic
full_row,SYN0091,835,191,synthetic
full_row,SYN0091,835,192,synthetic
full_row,SYN0091,835,193,synthetic
full_row,SYN0091,835,194,synthetic
full_row,SYN0091,835,195,synthetic
full_row,SYN0091,835,196,synthetic
full_row,SYN0091,835,197,synthetic
full_row,SYN0091,835,198,synthetic
full_row,SYN0091,835,199,synthetic
full_row,SYN0091,835,200,synthetic
full_row,SYN0091,835,201,synthetic
full_row,SYN0091,835,202,synthetic
full_row,SYN0091,835,203,synthetic
full_row,SYN0091,835,204,synthetic
full_row,SYN0091,835,205,synthetic
full_row,SYN0091,835,206,synthetic
full_row,SYN0091,835,207,synthetic
full_row,SYN0091,835,208,synthetic
full_row,SYN0091,835,209,synthetic
full_row,SYN0091,835,210,synthetic
full_row,SYN0091,835,211,synthetic
full_row,SYN0091,835,212,synthetic
full_row,SYN0091,835,213,synthetic
full_row,SYN0091,835,214,synthetic
full_row,SYN0091,835,215,synthetic
full_row,SYN0091,835,216,synthetic
full_row,SYN0091,835,217,synthetic
full_row,SYN0091,835,218,synthetic
full_row,SYN0091,835,219,synthetic
full_row,SYN0091,835,220,synthetic
full_row,SYN0091,835,221,synthetic
full_row,SYN0091,835,222,synthetic
full_row,SYN0091,835,223,synthetic
full_row,SYN0091,835,224,synthetic
full_row,SYN0091,835,225,synthetic
full_row,SYN0091,835,226,synthetic
full_row,SYN0091,835,227,synthetic
full_row,SYN0091,835,228,synthetic
full_row,SYN0091,835,229,synthetic
full_row,SYN0091,835,230,synthetic
full_row,SYN0091,835,231,synthetic
full_row,SYN0091,835,232,synthetic
full_row,SYN0091,835,233,synthetic
full_row,SYN0091,835,234,synthetic
full_row,SYN0091,835,235,synthetic
full_row,SYN0091,835,236,synthetic
full_row,SYN0091,835,237,synthetic
full_row,SYN0091,835,238,synthetic
full_row,SYN0091,835,239,synthetic
full_row,SYN0091,835,240,synthetic
full_row,SYN0091,835,241,synthetic
full_row,SYN0091,835,242,synthetic
full_row,SYN0091,835,243,synthetic
full_row,SYN0091,835,244,synthetic
full_row,SYN0091,835,245,synthetic
full_row,SYN0091,835,246,synthetic
full_row,SYN0091,835,247,synthetic
full_row,SYN0091,835,248,synthetic
full_row,SYN0091,835,249,synthetic
full_row,SYN0091,835,250,synthetic
full_row,SYN0091,835,251,synthetic
full_row,SYN0091,835,252,synthetic
full_row,SYN0091,835,253,synthetic
full_row,SYN0091,835,254,synthetic
full_row,SYN0091,835,255,synthetic
full_row,SYN0091,835,256,synthetic
full_row,SYN0091,835,257,synthetic
full_row,SYN0091,835,258,synthetic
full_row,SYN0091,835,259,synthetic
full_row,SYN0091,835,260,synthetic
full_row,SYN0091,835,261,synthetic
full_row,SYN0091,835,262,synthetic
full_row,SYN0091,835,263,synthetic
full_row,SYN0091,835,264,synthetic
full_row,SYN0091,835,265,synthetic
full_row,SYN0091,835,266,synthetic
full_row,SYN0091,835,267,synthetic
full_row,SYN0091,835,268,synthetic
full_row,SYN0091,835,269,synthetic
full_row,SYN0091,835,270,synthetic
full_row,SYN0091,835,271,synthetic
full_row,SYN0091,835,272,synthetic
full_row,SYN0091,835,273,synthetic
full_row,SYN0091,835,274,synthetic
full_row,SYN0091,835,275,synthetic
full_row,SYN0091,835,276,synthetic
full_row,SYN0091,835,277,synthetic
full_row,SYN0091,835,278,synthetic
full_row,SYN0091,835,279,synthetic
full_row,SYN0091,835,280,synthetic
full_row,SYN0091,835,281,synthetic
full_row,SYN0091,835,282,synthetic
full_row,SYN0091,835,283,synthetic
full_row,SYN0091,835,284,synthetic
full_row,SYN0091,835,285,synthetic
full_row,SYN0091,835,286,synthetic
full_row,SYN0091,835,287,synthetic
full_row,SYN0091,835,288,synthetic
full_row,SYN0091,835,289,synthetic
full_row,SYN0091,835,290,synthetic
full_row,SYN0091,835,291,synthetic
full_row,SYN0091,835,292,synthetic
full_row,SYN0091,835,293,synthetic
full_row,SYN0091,835,294,synthetic
full_row,SYN0091,835,295,synthetic
full_row,SYN0091,835,296,synthetic
full_row,SYN0091,835,297,synthetic
full_row,SYN0091,835,298,synthetic
full_row,SYN0091,835,299,synthetic
full_row,SYN0091,835,300,synthetic
full_row,SYN0091,835,301,synthetic
full_row,SYN0091,835,302,synthetic
full_row,SYN0091,835,303,synthetic
full_row,SYN0091,835,304,synthetic
full_row,SYN0091,835,305,synthetic
full_row,SYN0091,835,306,synthetic
full_row,SYN0091,835,307,synthetic
full_row,SYN0091,835,308,synthetic
full_row,SYN0091,835,309,synthetic
full_row,SYN0091,835,310,synthetic
full_row,SYN0091,835,311,synthetic
full_row,SYN0091,835,312,synthetic
full_row,SYN0091,835,313,synthetic
full_row,SYN0091,835,314,synthetic
full_row,SYN0091,835,315,synthetic
full_row,SYN0091,835,316,synthetic
full_row,SYN0091,835,317,synthetic
full_row,SYN0091,835,318,synthetic
full_row,SYN0091,835,319,synthetic
full_row,SYN0091,835,320,synthetic
full_row,SYN0091,835,321,synthetic
full_row,SYN0091,835,322,synthetic
full_row,SYN0091,835,323,synthetic
full_row,SYN0091,835,324,synthetic
full_row,SYN0091,835,325,synthetic
full_row,SYN0091,835,326,synthetic
full_row,SYN0091,835,327,synthetic
full_row,SYN0091,835,328,synthetic
full_row,SYN0091,835,329,synthetic
full_row,SYN0091,835,330,synthetic
full_row,SYN0091,835,331,synthetic
full_row,SYN0091,835,332,synthetic
full_row,SYN0091,835,333,synthetic
full_row,SYN0091,835,334,synthetic
full_row,SYN0091,835,335,synthetic
full_row,SYN0091,835,336,synthetic
full_row,SYN0091,835,337,synthetic
full_row,SYN0091,835,338,synthetic
full_row,SYN0091,835,339,synthetic
full_row,SYN0091,835,340,synthetic
full_row,SYN0091,835,341,synthetic
full_row,SYN0091,835,342,synthetic
full_row,SYN0091,835,343,synthetic
full_row,SYN0091,835,344,synthetic
full_row,SYN0091,835,345,synthetic
full_row,SYN0091,835,346,synthetic
full_row,SYN0091,835,347,synthetic
full_row,SYN0091,835,348,synthetic
full_row,SYN0091,835,349,synthetic
full_row,SYN0091,835,350,synthetic
full_row,SYN0091,835,351,synthetic
full_row,SYN0091,835,352,synthetic
full_row,SYN0091,835,353,synthetic
full_row,SYN0091,835,354,synthetic
full_row,SYN0091,835,355,synthetic
full_row,SYN0091,835,356,synthetic
full_row,SYN0091,835,357,synthetic
full_row,SYN0091,835,358,synthetic
full_row,SYN0091,835,359,synthetic
full_row,SYN0091,835,360,synthetic
full_row,SYN0091,835,361,synthetic
full_row,SYN0091,835,362,synthetic
full_row,SYN0091,835,363,synthetic
full_row,SYN0091,835,364,synthetic
full_row,SYN0091,835,365,synthetic
full_row,SYN0091,835,366,synthetic
full_row,SYN0091,835,367,synthetic
full_row,SYN0091,835,368,synthetic
full_row,SYN0091,835,369,synthetic
full_row,SYN0091,835,370,synthetic
full_row,SYN0091,835,371,synthetic
full_row,SYN0091,835,372,synthetic
full_row,SYN0091,835,373,synthetic
full_row,SYN0091,835,374,synthetic
full_row,SYN0091,835,375,synthetic
full_row,SYN0091,835,376,synthetic
full_row,SYN0091,835,377,synthetic
full_row,SYN0091,835,378,synthetic
full_row,SYN0091,835,379,synthetic
full_row,SYN0091,835,380,synthetic
full_row,SYN0091,835,381,synthetic
full_row,SYN0091,835,382,synthetic
full_row,SYN0091,835,383,synthetic
full_row,SYN0091,835,384,synthetic
full_row,SYN0091,835,385,synthetic
full_row,SYN0091,835,386,synthetic
full_row,SYN0091,835,387,synthetic
full_row,SYN0091,835,388,synthetic
full_row,SYN0091,835,389,synthetic
full_row,SYN0091,835,390,synthetic
full_row,SYN0091,835,391,synthetic
full_row,SYN0091,835,392,synthetic
full_row,SYN0091,835,393,synthetic
full_row,SYN0091,835,394,synthetic
full_row,SYN0091,835,395,synthetic
full_row,SYN0091,835,396,synthetic
full_row,SYN0091,835,397,synthetic
full_row,SYN0091,835,398,synthetic
full_row,SYN0091,835,399,synthetic
full_row,SYN0091,835,400,synthetic
full_row,SYN0091,835,401,synthetic
full_row,SYN0091,835,402,synthetic
full_row,SYN0091,835,403,synthetic
full_row,SYN0091,835,404,synthetic
full_row,SYN0091,835,405,synthetic
full_row,SYN0091,835,406,synthetic
full_row,SYN0091,835,407,synthetic
full_row,SYN0091,835,408,synthetic
full_row,SYN0091,835,409,synthetic
full_row,SYN0091,835,410,synthetic
full_row,SYN0091,835,411,synthetic
full_row,SYN0091,835,412,synthetic
full_row,SYN0091,835,413,synthetic
full_row,SYN0091,835,414,synthetic
full_row,SYN0091,835,415,synthetic
full_row,SYN0091,835,416,synthetic
full_row,SYN0091,835,417,synthetic
full_row,SYN0091,835,418,synthetic
full_row,SYN0091,835,419,synthetic
full_row,SYN0091,835,420,synthetic
full_row,SYN0091,835,421,synthetic
full_row,SYN0091,835,422,synthetic
full_row,SYN0091,835,423,synthetic
full_row,SYN0091,835,424,synthetic
full_row,SYN0091,835,425,synthetic
full_row,SYN0091,835,426,synthetic
full_row,SYN0091,835,427,synthetic
full_row,SYN0091,835,428,synthetic
full_row,SYN0091,835,429,synthetic
full_row,SYN0091,835,430,synthetic
full_row,SYN0091,835,431,synthetic
full_row,SYN0091,835,432,synthetic
full_row,SYN0091,835,433,synthetic
full_row,SYN0091,835,434,synthetic
full_row,SYN0091,835,435,synthetic
full_row,SYN0091,835,436,synthetic
full_row,SYN0091,835,437,synthetic
full_row,SYN0091,835,438,synthetic
full_row,SYN0091,835,439,synthetic
full_row,SYN0091,835,440,synthetic
full_row,SYN0091,835,441,synthetic
full_row,SYN0091,835,442,synthetic
full_row,SYN0091,835,443,synthetic
full_row,SYN0091,835,444,synthetic
full_row,SYN0091,835,445,synthetic
full_row,SYN0091,835,446,synthetic
full_row,SYN0091,835,447,synthetic
full_row,SYN0091,835,448,synthetic
full_row,SYN0091,835,449,synthetic
full_row,SYN0091,835,450,synthetic
full_row,SYN0091,835,451,synthetic
full_row,SYN0091,835,452,synthetic
full_row,SYN0091,835,453,synthetic
full_row,SYN0091,835,454,synthetic
full_row,SYN0091,835,455,synthetic
full_row,SYN0091,835,456,synthetic
full_row,SYN0091,835,457,synthetic
full_row,SYN0091,835,458,synthetic
full_row,SYN0091,835,459,synthetic
full_row,SYN0091,835,460,synthetic
full_row,SYN0091,835,461,synthetic
full_row,SYN0091,835,462,synthetic
full_row,SYN0091,835,463,synthetic
full_row,SYN0091,835,464,synthetic
full_row,SYN0091,835,465,synthetic
full_row,SYN0091,835,466,synthetic
full_row,SYN0091,835,467,synthetic
full_row,SYN0091,835,468,synthetic
full_row,SYN0091,835,469,synthetic
full_row,SYN0091,835,470,synthetic
full_row,SYN0091,835,471,synthetic
full_row,SYN0091,835,472,synthetic
full_row,SYN0091,835,473,synthetic
full_row,SYN0091,835,474,synthetic
full_row,SYN0091,835,475,synthetic
full_row,SYN0091,835,476,synthetic
full_row,SYN0091,835,477,synthetic
full_row,SYN0091,835,478,synthetic
full_row,SYN0091,835,479,synthetic
full_row,SYN0091,835,480,synthetic
full_row,SYN0091,835,481,synthetic
full_row,SYN0091,835,482,synthetic
full_row,SYN0091,835,483,synthetic
full_row,SYN0091,835,484,synthetic
full_row,SYN0091,835,485,synthetic
full_row,SYN0091,835,486,synthetic
full_row,SYN0091,835,487,synthetic
full_row,SYN0091,835,488,synthetic
full_row,SYN0091,835,489,synthetic
full_row,SYN0091,835,490,synthetic
full_row,SYN0091,835,491,synthetic
full_row,SYN0091,835,492,synthetic
full_row,SYN0091,835,493,synthetic
full_row,SYN0091,835,494,synthetic
full_row,SYN0091,835,495,synthetic
full_row,SYN0091,835,496,synthetic
full_row,SYN0091,835,497,synthetic
full_row,SYN0091,835,498,synthetic
full_row,SYN0091,835,499,synthetic
full_row,SYN0091,835,500,synthetic
full_row,SYN0091,835,501,synthetic
full_row,SYN0091,835,502,synthetic
full_row,SYN0091,835,503,synthetic
full_row,SYN0091,835,504,synthetic
full_row,SYN0091,835,505,synthetic
full_row,SYN0091,835,506,synthetic
full_row,SYN0091,835,507,synthetic
full_row,SYN0091,835,508,synthetic
full_row,SYN0091,835,509,synthetic
full_row,SYN0091,835,510,synthetic
full_row,SYN0091,835,511,synthetic
full_row,SYN0091,835,512,synthetic
full_row,SYN0091,835,513,synthetic
full_row,SYN0091,835,514,synthetic
full_row,SYN0091,835,515,synthetic
full_row,SYN0091,835,516,synthetic
full_row,SYN0091,835,517,synthetic
full_row,SYN0091,835,518,synthetic
full_row,SYN0091,835,519,synthetic
full_row,SYN0091,835,520,synthetic
full_row,SYN0091,835,521,synthetic
full_row,SYN0091,835,522,synthetic
full_row,SYN0091,835,523,synthetic
full_row,SYN0091,835,524,synthetic
full_row,SYN0091,835,525,synthetic
full_row,SYN0091,835,526,synthetic
full_row,SYN0091,835,527,synthetic
full_row,SYN0091,835,528,synthetic
full_row,SYN0091,835,529,synthetic
full_row,SYN0091,835,530,synthetic
full_row,SYN0091,835,531,synthetic
full_row,SYN0091,835,532,synthetic
full_row,SYN0091,835,533,synthetic
full_row,SYN0091,835,534,synthetic
full_row,SYN0091,835,535,synthetic
full_row,SYN0091,835,536,synthetic
full_row,SYN0091,835,537,synthetic
full_row,SYN0091,835,538,synthetic
full_row,SYN0091,835,539,synthetic
full_row,SYN0091,835,540,synthetic
full_row,SYN0091,835,541,synthetic
full_row,SYN0091,835,542,synthetic
full_row,SYN0091,835,543,synthetic
full_row,SYN0091,835,544,synthetic
full_row,SYN0091,835,545,synthetic
full_row,SYN0091,835,546,synthetic
full_row,SYN0091,835,547,synthetic
full_row,SYN0091,835,548,synthetic
full_row,SYN0091,835,549,synthetic
full_row,SYN0091,835,550,synthetic
full_row,SYN0091,835,551,synthetic
full_row,SYN0091,835,552,synthetic
full_row,SYN0091,835,553,synthetic
full_row,SYN0091,835,554,synthetic
full_row,SYN0091,835,555,synthetic
full_row,SYN0091,835,556,synthetic
full_row,SYN0091,835,557,synthetic
full_row,SYN0091,835,558,synthetic
full_row,SYN0091,835,559,synthetic
full_row,SYN0091,835,560,synthetic
full_row,SYN0091,835,561,synthetic
full_row,SYN0091,835,562,synthetic
full_row,SYN0091,835,563,synthetic
full_row,SYN0091,835,564,synthetic
full_row,SYN0091,835,565,synthetic
full_row,SYN0091,835,566,synthetic
full_row,SYN0091,835,567,synthetic
full_row,SYN0091,835,568,synthetic
full_row,SYN0091,835,569,synthetic
full_row,SYN0091,835,570,synthetic
full_row,SYN0091,835,571,synthetic
full_row,SYN0091,835,572,synthetic
full_row,SYN0091,835,573,synthetic
full_row,SYN0091,835,574,synthetic
full_row,SYN0091,835,575,synthetic
full_row,SYN0091,835,576,synthetic
full_row,SYN0091,835,577,synthetic
full_row,SYN0091,835,578,synthetic
full_row,SYN0091,835,579,synthetic
full_row,SYN0091,835,580,synthetic
full_row,SYN0091,835,581,synthetic
full_row,SYN0091,835,582,synthetic
full_row,SYN0091,835,583,synthetic
full_row,SYN0091,835,584,synthetic
full_row,SYN0091,835,585,synthetic
full_row,SYN0091,835,586,synthetic
full_row,SYN0091,835,587,synthetic
full_row,SYN0091,835,588,synthetic
full_row,SYN0091,835,589,synthetic
full_row,SYN0091,835,590,synthetic
full_row,SYN0091,835,591,synthetic
full_row,SYN0091,835,592,synthetic
full_row,SYN0091,835,593,synthetic
full_row,SYN0091,835,594,synthetic
full_row,SYN0091,835,595,synthetic
full_row,SYN0091,835,596,synthetic
full_row,SYN0091,835,597,synthetic
full_row,SYN0091,835,598,synthetic
full_row,SYN0091,835,599,synthetic
full_row,SYN0091,835,600,synthetic
full_row,SYN0091,835,601,synthetic
full_row,SYN0091,835,602,synthetic
full_row,SYN0091,835,603,synthetic
full_row,SYN0091,835,604,synthetic
full_row,SYN0091,835,605,synthetic
full_row,SYN0091,835,606,synthetic
full_row,SYN0091,835,607,synthetic
full_row,SYN0091,835,608,synthetic
full_row,SYN0091,835,609,synthetic
full_row,SYN0091,835,610,synthetic
full_row,SYN0091,835,611,synthetic
full_row,SYN0091,835,612,synthetic
full_row,SYN0091,835,613,synthetic
full_row,SYN0091,835,614,synthetic
full_row,SYN0091,835,615,synthetic
full_row,SYN0091,835,616,synthetic
full_row,SYN0091,835,617,synthetic
full_row,SYN0091,835,618,synthetic
full_row,SYN0091,835,619,synthetic
full_row,SYN0091,835,620,synthetic
full_row,SYN0091,835,621,synthetic
full_row,SYN0091,835,622,synthetic
full_row,SYN0091,835,623,synthetic
full_row,SYN0091,835,624,synthetic
full_row,SYN0091,835,625,synthetic
full_row,SYN0091,835,626,synthetic
full_row,SYN0091,835,627,synthetic
full_row,SYN0091,835,628,synthetic
full_row,SYN0091,835,629,synthetic
full_row,SYN0091,835,630,synthetic
full_row,SYN0091,835,631,synthetic
full_row,SYN0091,835,632,synthetic
full_row,SYN0091,835,633,synthetic
full_row,SYN0091,835,634,synthetic
full_row,SYN0091,835,635,synthetic
full_row,SYN0091,835,636,synthetic
full_row,SYN0091,835,637,synthetic
full_row,SYN0091,835,638,synthetic
full_row,SYN0091,835,639,synthetic
full_row,SYN0091,835,640,synthetic
full_row,SYN0091,835,641,synthetic
full_row,SYN0091,835,642,synthetic
full_row,SYN0091,835,643,synthetic
full_row,SYN0091,835,644,synthetic
full_row,SYN0091,835,645,synthetic
full_row,SYN0091,835,646,synthetic
full_row,SYN0091,835,647,synthetic
full_row,SYN0091,835,648,synthetic
full_row,SYN0091,835,649,synthetic
full_row,SYN0091,835,650,synthetic
full_row,SYN0091,835,651,synthetic
full_row,SYN0091,835,652,synthetic
full_row,SYN0091,835,653,synthetic
full_row,SYN0091,835,654,synthetic
full_row,SYN0091,835,655,synthetic
full_row,SYN0091,835,656,synthetic
full_row,SYN0091,835,657,synthetic
full_row,SYN0091,835,658,synthetic
full_row,SYN0091,835,659,synthetic
full_row,SYN0091,835,660,synthetic
full_row,SYN0091,835,661,synthetic
full_row,SYN0091,835,662,synthetic
full_row,SYN0091,835,663,synthetic
full_row,SYN0091,835,664,synthetic
full_row,SYN0091,835,665,synthetic
full_row,SYN0091,835,666,synthetic
full_row,SYN0091,835,667,synthetic
full_row,SYN0091,835,668,synthetic
full_row,SYN0091,835,669,synthetic
full_row,SYN0091,835,670,synthetic
full_row,SYN0091,835,671,synthetic
full_row,SYN0091,835,672,synthetic
full_row,SYN0091,835,673,synthetic
full_row,SYN0091,835,674,synthetic
full_row,SYN0091,835,675,synthetic
full_row,SYN0091,835,676,synthetic
full_row,SYN0091,835,677,synthetic
full_row,SYN0091,835,678,synthetic
full_row,SYN0091,835,679,synthetic
full_row,SYN0091,835,680,synthetic
full_row,SYN0091,835,681,synthetic
full_row,SYN0091,835,682,synthetic
full_row,SYN0091,835,683,synthetic
full_row,SYN0091,835,684,synthetic
full_row,SYN0091,835,685,synthetic
full_row,SYN0091,835,686,synthetic
full_row,SYN0091,835,687,synthetic
full_row,SYN0091,835,688,synthetic
full_row,SYN0091,835,689,synthetic
full_row,SYN0091,835,690,synthetic
full_row,SYN0091,835,691,synthetic
full_row,SYN0091,835,692,synthetic
full_row,SYN0091,835,693,synthetic
full_row,SYN0091,835,694,synthetic
full_row,SYN0091,835,695,synthetic
full_row,SYN0091,835,696,synthetic
full_row,SYN0091,835,697,synthetic
full_row,SYN0091,835,698,synthetic
full_row,SYN0091,835,699,synthetic
full_row,SYN0091,835,700,synthetic
full_row,SYN0091,835,701,synthetic
full_row,SYN0091,835,702,synthetic
full_row,SYN0091,835,703,synthetic
full_row,SYN0091,835,704,synthetic
full_row,SYN0091,835,705,synthetic
full_row,SYN0091,835,706,synthetic
full_row,SYN0091,835,707,synthetic
full_row,SYN0091,835,708,synthetic
full_row,SYN0091,835,709,synthetic
full_row,SYN0091,835,710,synthetic
full_row,SYN0091,835,711,synthetic
full_row,SYN0091,835,712,synthetic
full_row,SYN0091,835,713,synthetic
full_row,SYN0091,835,714,synthetic
full_row,SYN0091,835,715,synthetic
full_row,SYN0091,835,716,synthetic
full_row,SYN0091,835,717,synthetic
full_row,SYN0091,835,718,synthetic
full_row,SYN0091,835,719,synthetic
full_row,SYN0091,835,720,synthetic
full_row,SYN0091,835,721,synthetic
full_row,SYN0091,835,722,synthetic
full_row,SYN0091,835,723,synthetic
full_row,SYN0091,835,724,synthetic
full_row,SYN0091,835,725,synthetic
full_row,SYN0091,835,726,synthetic
full_row,SYN0091,835,727,synthetic
full_row,SYN0091,835,728,synthetic
full_row,SYN0091,835,729,synthetic
full_row,SYN0091,835,730,synthetic
full_row,SYN0091,835,731,synthetic
full_row,SYN0091,835,732,synthetic
full_row,SYN0091,835,733,synthetic
full_row,SYN0091,835,734,synthetic
full_row,SYN0091,835,735,synthetic
full_row,SYN0091,835,736,synthetic
full_row,SYN0091,835,737,synthetic
full_row,SYN0091,835,738,synthetic
full_row,SYN0091,835,739,synthetic
full_row,SYN0091,835,740,synthetic
full_row,SYN0091,835,741,synthetic
full_row,SYN0091,835,742,synthetic
full_row,SYN0091,835,743,synthetic
full_row,SYN0091,835,744,synthetic
full_row,SYN0091,835,745,synthetic
full_row,SYN0091,835,746,synthetic
full_row,SYN0091,835,747,synthetic
full_row,SYN0091,835,748,synthetic
full_row,SYN0091,835,749,synthetic
full_row,SYN0091,835,750,synthetic
full_row,SYN0091,835,751,synthetic
full_row,SYN0091,835,752,synthetic
full_row,SYN0091,835,753,synthetic
full_row,SYN0091,835,754,synthetic
full_row,SYN0091,835,755,synthetic
full_row,SYN0091,835,756,synthetic
full_row,SYN0091,835,757,synthetic
full_row,SYN0091,835,758,synthetic
full_row,SYN0091,835,759,synthetic
full_row,SYN0091,835,760,synthetic
full_row,SYN0091,835,761,synthetic
full_row,SYN0091,835,762,synthetic
full_row,SYN0091,835,763,synthetic
full_row,SYN0091,835,764,synthetic
full_row,SYN0091,835,765,synthetic
full_row,SYN0091,835,766,synthetic
full_row,SYN0091,835,767,synthetic
full_row,SYN0091,835,768,synthetic
full_row,SYN0091,835,769,synthetic
full_row,SYN0091,835,770,synthetic
full_row,SYN0091,835,771,synthetic
full_row,SYN0091,835,772,synthetic
full_row,SYN0091,835,773,synthetic
full_row,SYN0091,835,774,synthetic
full_row,SYN0091,835,775,synthetic
full_row,SYN0091,835,776,synthetic
full_row,SYN0091,835,777,synthetic
full_row,SYN0091,835,778,synthetic
full_row,SYN0091,835,779,synthetic
full_row,SYN0091,835,780,synthetic
full_row,SYN0091,835,781,synthetic
full_row,SYN0091,835,782,synthetic
full_row,SYN0091,835,783,synthetic
full_row,SYN0091,835,784,synthetic
full_row,SYN0091,835,785,synthetic
full_row,SYN0091,835,786,synthetic
full_row,SYN0091,835,787,synthetic
full_row,SYN0091,835,788,synthetic
full_row,SYN0091,835,789,synthetic
full_row,SYN0091,835,790,synthetic
full_row,SYN0091,835,791,synthetic
full_row,SYN0091,835,792,synthetic
full_row,SYN0091,835,793,synthetic
full_row,SYN0091,835,794,synthetic
full_row,SYN0091,835,795,synthetic
full_row,SYN0091,835,796,synthetic
full_row,SYN0091,835,797,synthetic
full_row,SYN0091,835,798,synthetic
full_row,SYN0091,835,799,synthetic
full_row,SYN0091,835,800,synthetic
full_row,SYN0091,835,801,synthetic
full_row,SYN0091,835,802,synthetic
full_row,SYN0091,835,803,synthetic
full_row,SYN0091,835,804,synthetic
full_row,SYN0091,835,805,synthetic
full_row,SYN0091,835,806,synthetic
full_row,SYN0091,835,807,synthetic
full_row,SYN0091,835,808,synthetic
full_row,SYN0091,835,809,synthetic
full_row,SYN0091,835,810,synthetic
full_row,SYN0091,835,811,synthetic
full_row,SYN0091,835,812,synthetic
full_row,SYN0091,835,813,synthetic
full_row,SYN0091,835,814,synthetic
full_row,SYN0091,835,815,synthetic
full_row,SYN0091,835,816,synthetic
full_row,SYN0091,835,817,synthetic
full_row,SYN0091,835,818,synthetic
full_row,SYN0091,835,819,synthetic
full_row,SYN0091,835,820,synthetic
full_row,SYN0091,835,821,synthetic
full_row,SYN0091,835,822,synthetic
full_row,SYN0091,835,823,synthetic
full_row,SYN0091,835,824,synthetic
full_row,SYN0091,835,825,synthetic
full_row,SYN0091,835,826,synthetic
full_row,SYN0091,835,827,synthetic
full_row,SYN0091,835,828,synthetic
full_row,SYN0091,835,829,synthetic
full_row,SYN0091,835,830,synthetic
full_row,SYN0091,835,831,synthetic
full_row,SYN0091,835,832,synthetic
full_row,SYN0091,835,833,synthetic
full_row,SYN0091,835,834,synthetic
full_row,SYN0091,835,835,synthetic
full_row,SYN0091,835,836,synthetic
full_row,SYN0091,835,837,synthetic
full_row,SYN0091,835,838,synthetic
full_row,SYN0091,835,839,synthetic
full_row,SYN0091,835,840,synthetic
full_row,SYN0091,835,841,synthetic
full_row,SYN0091,835,842,synthetic
full_row,SYN0091,835,843,synthetic
full_row,SYN0091,835,844,synthetic
full_row,SYN0091,835,845,synthetic
full_row,SYN0091,835,846,synthetic
full_row,SYN0091,835,847,synthetic
full_row,SYN0091,835,848,synthetic
full_row,SYN0091,835,849,synthetic
full_row,SYN0091,835,850,synthetic
full_row,SYN0091,835,851,synthetic
full_row,SYN0091,835,852,synthetic
full_row,SYN0091,835,853,synthetic
full_row,SYN0091,835,854,synthetic
full_row,SYN0091,835,855,synthetic
full_row,SYN0091,835,856,synthetic
full_row,SYN0091,835,857,synthetic
full_row,SYN0091,835,858,synthetic
full_row,SYN0091,835,859,synthetic
full_row,SYN0091,835,860,synthetic
full_row,SYN0091,835,861,synthetic
full_row,SYN0091,835,862,synthetic
full_row,SYN0091,835,863,synthetic
full_row,SYN0091,835,864,synthetic
full_row,SYN0091,835,865,synthetic
full_row,SYN0091,835,866,synthetic
full_row,SYN0091,835,867,synthetic
full_row,SYN0091,835,868,synthetic
full_row,SYN0091,835,869,synthetic
full_row,SYN0091,835,870,synthetic
full_row,SYN0091,835,871,synthetic
full_row,SYN0091,835,872,synthetic
full_row,SYN0091,835,873,synthetic
full_row,SYN0091,835,874,synthetic
full_row,SYN0091,835,875,synthetic
full_row,SYN0091,835,876,synthetic
full_row,SYN0091,835,877,synthetic
full_row,SYN0091,835,878,synthetic
full_row,SYN0091,835,879,synthetic
full_row,SYN0091,835,880,synthetic
full_row,SYN0091,835,881,synthetic
full_row,SYN0091,835,882,synthetic
full_row,SYN0091,835,883,synthetic
full_row,SYN0091,835,884,synthetic
full_row,SYN0091,835,885,synthetic
full_row,SYN0091,835,886,synthetic
full_row,SYN0091,835,887,synthetic
full_row,SYN0091,835,888,synthetic
full_row,SYN0091,835,889,synthetic
full_row,SYN0091,835,890,synthetic
full_row,SYN0091,835,891,synthetic
full_row,SYN0091,835,892,synthetic
full_row,SYN0091,835,893,synthetic
full_row,SYN0091,835,894,synthetic
full_row,SYN0091,835,895,synthetic
full_row,SYN0091,835,896,synthetic
full_row,SYN0091,835,897,synthetic
full_row,SYN0091,835,898,synthetic
full_row,SYN0091,835,899,synthetic
full_row,SYN0091,835,900,synthetic
full_row,SYN0091,835,901,synthetic
full_row,SYN0091,835,902,synthetic
full_row,SYN0091,835,903,synthetic
full_row,SYN0091,835,904,synthetic
full_row,SYN0091,835,905,synthetic
full_row,SYN0091,835,906,synthetic
full_row,SYN0091,835,907,synthetic
full_row,SYN0091,835,908,synthetic
full_row,SYN0091,835,909,synthetic
full_row,SYN0091,835,910,synthetic
full_row,SYN0091,835,911,synthetic
full_row,SYN0091,835,912,synthetic
full_row,SYN0091,835,913,synthetic
full_row,SYN0091,835,914,synthetic
full_row,SYN0091,835,915,synthetic
full_row,SYN0091,835,916,synthetic
full_row,SYN0091,835,917,synthetic
full_row,SYN0091,835,918,synthetic
full_row,SYN0091,835,919,synthetic
full_row,SYN0091,835,920,synthetic
full_row,SYN0091,835,921,synthetic
full_row,SYN0091,835,922,synthetic
full_row,SYN0091,835,923,synthetic
full_row,SYN0091,835,924,synthetic
full_row,SYN0091,835,925,synthetic
full_row,SYN0091,835,926,synthetic
full_row,SYN0091,835,927,synthetic
full_row,SYN0091,835,928,synthetic
full_row,SYN0091,835,929,synthetic
full_row,SYN0091,835,930,synthetic
full_row,SYN0091,835,931,synthetic
full_row,SYN0091,835,932,synthetic
full_row,SYN0091,835,933,synthetic
full_row,SYN0091,835,934,synthetic
full_row,SYN0091,835,935,synthetic
full_row,SYN0091,835,936,synthetic
full_row,SYN0091,835,937,synthetic
full_row,SYN0091,835,938,synthetic
full_row,SYN0091,835,939,synthetic
full_row,SYN0091,835,940,synthetic
full_row,SYN0091,835,941,synthetic
full_row,SYN0091,835,942,synthetic
full_row,SYN0091,835,943,synthetic
full_row,SYN0091,835,944,synthetic
full_row,SYN0091,835,945,synthetic
full_row,SYN0091,835,946,synthetic
full_row,SYN0091,835,947,synthetic
full_row,SYN0091,835,948,synthetic
full_row,SYN0091,835,949,synthetic
full_row,SYN0091,835,950,synthetic
full_row,SYN0091,835,951,synthetic
full_row,SYN0091,835,952,synthetic
full_row,SYN0091,835,953,synthetic
full_row,SYN0091,835,954,synthetic
full_row,SYN0091,835,955,synthetic
full_row,SYN0091,835,956,synthetic
full_row,SYN0091,835,957,synthetic
full_row,SYN0091,835,958,synthetic
full_row,SYN0091,835,959,synthetic
full_row,SYN0091,835,960,synthetic
full_row,SYN0091,835,961,synthetic
full_row,SYN0091,835,962,synthetic
full_row,SYN0091,835,963,synthetic
full_row,SYN0091,835,964,synthetic
full_row,SYN0091,835,965,synthetic
full_row,SYN0091,835,966,synthetic
full_row,SYN0091,835,967,synthetic
full_row,SYN0091,835,968,synthetic
full_row,SYN0091,835,969,synthetic
full_row,SYN0091,835,970,synthetic
full_row,SYN0091,835,971,synthetic
full_row,SYN0091,835,972,synthetic
full_row,SYN0091,835,973,synthetic
full_row,SYN0091,835,974,synthetic
full_row,SYN0091,835,975,synthetic
full_row,SYN0091,835,976,synthetic
full_row,SYN0091,835,977,synthetic
full_row,SYN0091,835,978,synthetic
full_row,SYN0091,835,979,synthetic
full_row,SYN0091,835,980,synthetic
full_row,SYN0091,835,981,synthetic
full_row,SYN0091,835,982,synthetic
full_row,SYN0091,835,983,synthetic
full_row,SYN0091,835,984,synthetic
full_row,SYN0091,835,985,synthetic
full_row,SYN0091,835,986,synthetic
full_row,SYN0091,835,987,synthetic
full_row,SYN0091,835,988,synthetic
full_row,SYN0091,835,989,synthetic
full_row,SYN0091,835,990,synthetic
full_row,SYN0091,835,991,synthetic
full_row,SYN0091,835,992,synthetic
full_row,SYN0091,835,993,synthetic
full_row,SYN0091,835,994,synthetic
full_row,SYN0091,835,995,synthetic
full_row,SYN0091,835,996,synthetic
full_row,SYN0091,835,997,synthetic
full_row,SYN0091,835,998,synthetic
full_row,SYN0091,835,999,synthetic
full_row,SYN0091,835,1000,synthetic
full_row,SYN0091,835,1001,synthetic
full_row,SYN0091,835,1002,synthetic
full_row,SYN0091,835,1003,synthetic
full_row,SYN0091,835,1004,synthetic
full_row,SYN0091,835,1005,synthetic
full_row,SYN0091,835,1006,synthetic
full_row,SYN0091,835,1007,synthetic
full_row,SYN0091,835,1008,synthetic
full_row,SYN0091,835,1009,synthetic
full_row,SYN0091,835,1010,synthetic
full_row,SYN0091,835,1011,synthetic
full_row,SYN0091,835,1012,synthetic
full_row,SYN0091,835,1013,synthetic
full_row,SYN0091,835,1014,synthetic
full_row,SYN0091,835,1015,synthetic
full_row,SYN0091,835,1016,synthetic
full_row,SYN0091,835,1017,synthetic
full_row,SYN0091,835,1018,synthetic
full_row,SYN0091,835,1019,synthetic
full_row,SYN0091,835,1020,synthetic
full_row,SYN0091,835,1021,synthetic
full_row,SYN0091,835,1022,synthetic
full_row,SYN0091,835,1023,synthetic
full_row,SYN0092,192,0,synthetic
full_row,SYN0092,192,1,synthetic
full_row,SYN0092,192,2,synthetic
full_row,SYN0092,192,3,synthetic
full_row,SYN0092,192,4,synthetic
full_row,SYN0092,192,5,synthetic
full_row,SYN0092,192,6,synthetic
full_row,SYN0092,192,7,synthetic
full_row,SYN0092,192,8,synthetic
full_row,SYN0092,192,9,synthetic
full_row,SYN0092,192,10,synthetic
full_row,SYN0092,192,11,synthetic
full_row,SYN0092,192,12,synthetic
full_row,SYN0092,192,13,synthetic
full_row,SYN0092,192,14,synthetic
full_row,SYN0092,192,15,synthetic
full_row,SYN0092,192,16,synthetic
full_row,SYN0092,192,17,synthetic
full_row,SYN0092,192,18,synthetic
full_row,SYN0092,192,19,synthetic
full_row,SYN0092,192,20,synthetic
full_row,SYN0092,192,21,synthetic
full_row,SYN0092,192,22,synthetic
full_row,SYN0092,192,23,synthetic
full_row,SYN0092,192,24,synthetic
full_row,SYN0092,192,25,synthetic
full_row,SYN0092,192,26,synthetic
full_row,SYN0092,192,27,synthetic
full_row,SYN0092,192,28,synthetic
full_row,SYN0092,192,29,synthetic
full_row,SYN0092,192,30,synthetic
full_row,SYN0092,192,31,synthetic
full_row,SYN0092,192,32,synthetic
full_row,SYN0092,192,33,synthetic
full_row,SYN0092,192,34,synthetic
full_row,SYN0092,192,35,synthetic
full_row,SYN0092,192,36,synthetic
full_row,SYN0092,192,37,synthetic
full_row,SYN0092,192,38,synthetic
full_row,SYN0092,192,39,synthetic
full_row,SYN0092,192,40,synthetic
full_row,SYN0092,192,41,synthetic
full_row,SYN0092,192,42,synthetic
full_row,SYN0092,192,43,synthetic
full_row,SYN0092,192,44,synthetic
full_row,SYN0092,192,45,synthetic
full_row,SYN0092,192,46,synthetic
full_row,SYN0092,192,47,synthetic
full_row,SYN0092,192,48,synthetic
full_row,SYN0092,192,49,synthetic
full_row,SYN0092,192,50,synthetic
full_row,SYN0092,192,51,synthetic
full_row,SYN0092,192,52,synthetic
full_row,SYN0092,192,53,synthetic
full_row,SYN0092,192,54,synthetic
full_row,SYN0092,192,55,synthetic
full_row,SYN0092,192,56,synthetic
full_row,SYN0092,192,57,synthetic
full_row,SYN0092,192,58,synthetic
full_row,SYN0092,192,59,synthetic
full_row,SYN0092,192,60,synthetic
full_row,SYN0092,192,61,synthetic
full_row,SYN0092,192,62,synthetic
full_row,SYN0092,192,63,synthetic
full_row,SYN0092,192,64,synthetic
full_row,SYN0092,192,65,synthetic
full_row,SYN0092,192,66,synthetic
full_row,SYN0092,192,67,synthetic
full_row,SYN0092,192,68,synthetic
full_row,SYN0092,192,69,synthetic
full_row,SYN0092,192,70,synthetic
full_row,SYN0092,192,71,synthetic
full_row,SYN0092,192,72,synthetic
full_row,SYN0092,192,73,synthetic
full_row,SYN0092,192,74,synthetic
full_row,SYN0092,192,75,synthetic
full_row,SYN0092,192,76,synthetic
full_row,SYN0092,192,77,synthetic
full_row,SYN0092,192,78,synthetic
full_row,SYN0092,192,79,synthetic
full_row,SYN0092,192,80,synthetic
full_row,SYN0092,192,81,synthetic
full_row,SYN0092,192,82,synthetic
full_row,SYN0092,192,83,synthetic
full_row,SYN0092,192,84,synthetic
full_row,SYN0092,192,85,synthetic
full_row,SYN0092,192,86,synthetic
full_row,SYN0092,192,87,synthetic
full_row,SYN0092,192,88,synthetic
full_row,SYN0092,192,89,synthetic
full_row,SYN0092,192,90,synthetic
full_row,SYN0092,192,91,synthetic
full_row,SYN0092,192,92,synthetic
full_row,SYN0092,192,93,synthetic
full_row,SYN0092,192,94,synthetic
full_row,SYN0092,192,95,synthetic
full_row,SYN0092,192,96,synthetic
full_row,SYN0092,192,97,synthetic
full_row,SYN0092,192,98,synthetic
full_row,SYN0092,192,99,synthetic
full_row,SYN0092,192,100,synthetic
full_row,SYN0092,192,101,synthetic
full_row,SYN0092,192,102,synthetic
full_row,SYN0092,192,103,synthetic
full_row,SYN0092,192,104,synthetic
full_row,SYN0092,192,105,synthetic
full_row,SYN0092,192,106,synthetic
full_row,SYN0092,192,107,synthetic
full_row,SYN0092,192,108,synthetic
full_row,SYN0092,192,109,synthetic
full_row,SYN0092,192,110,synthetic
full_row,SYN0092,192,111,synthetic
full_row,SYN0092,192,112,synthetic
full_row,SYN0092,192,113,synthetic
full_row,SYN0092,192,114,synthetic
full_row,SYN0092,192,115,synthetic
full_row,SYN0092,192,116,synthetic
full_row,SYN0092,192,117,synthetic
full_row,SYN0092,192,118,synthetic
full_row,SYN0092,192,119,synthetic
full_row,SYN0092,192,120,synthetic
full_row,SYN0092,192,121,synthetic
full_row,SYN0092,192,122,synthetic
full_row,SYN0092,192,123,synthetic
full_row,SYN0092,192,124,synthetic
full_row,SYN0092,192,125,synthetic
full_row,SYN0092,192,126,synthetic
full_row,SYN0092,192,127,synthetic
full_row,SYN0092,192,128,synthetic
full_row,SYN0092,192,129,synthetic
full_row,SYN0092,192,130,synthetic
full_row,SYN0092,192,131,synthetic
full_row,SYN0092,192,132,synthetic
full_row,SYN0092,192,133,synthetic
full_row,SYN0092,192,134,synthetic
full_row,SYN0092,192,135,synthetic
full_row,SYN0092,192,136,synthetic
full_row,SYN0092,192,137,synthetic
full_row,SYN0092,192,138,synthetic
full_row,SYN0092,192,139,synthetic
full_row,SYN0092,192,140,synthetic
full_row,SYN0092,192,141,synthetic
full_row,SYN0092,192,142,synthetic
full_row,SYN0092,192,143,synthetic
full_row,SYN0092,192,144,synthetic
full_row,SYN0092,192,145,synthetic
full_row,SYN0092,192,146,synthetic
full_row,SYN0092,192,147,synthetic
full_row,SYN0092,192,148,synthetic
full_row,SYN0092,192,149,synthetic
full_row,SYN0092,192,150,synthetic
full_row,SYN0092,192,151,synthetic
full_row,SYN0092,192,152,synthetic
full_row,SYN0092,192,153,synthetic
full_row,SYN0092,192,154,synthetic
full_row,SYN0092,192,155,synthetic
full_row,SYN0092,192,156,synthetic
full_row,SYN0092,192,157,synthetic
full_row,SYN0092,192,158,synthetic
full_row,SYN0092,192,159,synthetic
full_row,SYN0092,192,160,synthetic
full_row,SYN0092,192,161,synthetic
full_row,SYN0092,192,162,synthetic
full_row,SYN0092,192,163,synthetic
full_row,SYN0092,192,164,synthetic
full_row,SYN0092,192,165,synthetic
full_row,SYN0092,192,166,synthetic
full_row,SYN0092,192,167,synthetic
full_row,SYN0092,192,168,synthetic
full_row,SYN0092,192,169,synthetic
full_row,SYN0092,192,170,synthetic
full_row,SYN0092,192,171,synthetic
full_row,SYN0092,192,172,synthetic
full_row,SYN0092,192,173,synthetic
full_row,SYN0092,192,174,synthetic
full_row,SYN0092,192,175,synthetic
full_row,SYN0092,192,176,synthetic
full_row,SYN0092,192,177,synthetic
full_row,SYN0092,192,178,synthetic
full_row,SYN0092,192,179,synthetic
full_row,SYN0092,192,180,synthetic
full_row,SYN0092,192,181,synthetic
full_row,SYN0092,192,182,synthetic
full_row,SYN0092,192,183,synthetic
full_row,SYN0092,192,184,synthetic
full_row,SYN0092,192,185,synthetic
full_row,SYN0092,192,186,synthetic
full_row,SYN0092,192,187,synthetic
full_row,SYN0092,192,188,synthetic
full_row,SYN0092,192,189,synthetic
full_row,SYN0092,192,190,synthetic
full_row,SYN0092,192,191,synthetic
full_row,SYN0092,192,192,synthetic
full_row,SYN0092,192,193,synthetic
full_row,SYN0092,192,194,synthetic
full_row,SYN0092,192,195,synthetic
full_row,SYN0092,192,196,synthetic
full_row,SYN0092,192,197,synthetic
full_row,SYN0092,192,198,synthetic
full_row,SYN0092,192,199,synthetic
full_row,SYN0092,192,200,synthetic
full_row,SYN0092,192,201,synthetic
full_row,SYN0092,192,202,synthetic
full_row,SYN0092,192,203,synthetic
full_row,SYN0092,192,204,synthetic
full_row,SYN0092,192,205,synthetic
full_row,SYN0092,192,206,synthetic
full_row,SYN0092,192,207,synthetic
full_row,SYN0092,192,208,synthetic
full_row,SYN0092,192,209,synthetic
full_row,SYN0092,192,210,synthetic
full_row,SYN0092,192,211,synthetic
full_row,SYN0092,192,212,synthetic
full_row,SYN0092,192,213,synthetic
full_row,SYN0092,192,214,synthetic
full_row,SYN0092,192,215,synthetic
full_row,SYN0092,192,216,synthetic
full_row,SYN0092,192,217,synthetic
full_row,SYN0092,192,218,synthetic
full_row,SYN0092,192,219,synthetic
full_row,SYN0092,192,220,synthetic
full_row,SYN0092,192,221,synthetic
full_row,SYN0092,192,222,synthetic
full_row,SYN0092,192,223,synthetic
full_row,SYN0092,192,224,synthetic
full_row,SYN0092,192,225,synthetic
full_row,SYN0092,192,226,synthetic
full_row,SYN0092,192,227,synthetic
full_row,SYN0092,192,228,synthetic
full_row,SYN0092,192,229,synthetic
full_row,SYN0092,192,230,synthetic
full_row,SYN0092,192,231,synthetic
full_row,SYN0092,192,232,synthetic
full_row,SYN0092,192,233,synthetic
full_row,SYN0092,192,234,synthetic
full_row,SYN0092,192,235,synthetic
full_row,SYN0092,192,236,synthetic
full_row,SYN0092,192,237,synthetic
full_row,SYN0092,192,238,synthetic
full_row,SYN0092,192,239,synthetic
full_row,SYN0092,192,240,synthetic
full_row,SYN0092,192,241,synthetic
full_row,SYN0092,192,242,synthetic
full_row,SYN0092,192,243,synthetic
full_row,SYN0092,192,244,synthetic
full_row,SYN0092,192,245,synthetic
full_row,SYN0092,192,246,synthetic
full_row,SYN0092,192,247,synthetic
full_row,SYN0092,192,248,synthetic
full_row,SYN0092,192,249,synthetic
full_row,SYN0092,192,250,synthetic
full_row,SYN0092,192,251,synthetic
full_row,SYN0092,192,252,synthetic
full_row,SYN0092,192,253,synthetic
full_row,SYN0092,192,254,synthetic
full_row,SYN0092,192,255,synthetic
full_row,SYN0092,192,256,synthetic
full_row,SYN0092,192,257,synthetic
full_row,SYN0092,192,258,synthetic
full_row,SYN0092,192,259,synthetic
full_row,SYN0092,192,260,synthetic
full_row,SYN0092,192,261,synthetic
full_row,SYN0092,192,262,synthetic
full_row,SYN0092,192,263,synthetic
full_row,SYN0092,192,264,synthetic
full_row,SYN0092,192,265,synthetic
full_row,SYN0092,192,266,synthetic
full_row,SYN0092,192,267,synthetic
full_row,SYN0092,192,268,synthetic
full_row,SYN0092,192,269,synthetic
full_row,SYN0092,192,270,synthetic
full_row,SYN0092,192,271,synthetic
full_row,SYN0092,192,272,synthetic
full_row,SYN0092,192,273,synthetic
full_row,SYN0092,192,274,synthetic
full_row,SYN0092,192,275,synthetic
full_row,SYN0092,192,276,synthetic
full_row,SYN0092,192,277,synthetic
full_row,SYN0092,192,278,synthetic
full_row,SYN0092,192,279,synthetic
full_row,SYN0092,192,280,synthetic
full_row,SYN0092,192,281,synthetic
full_row,SYN0092,192,282,synthetic
full_row,SYN0092,192,283,synthetic
full_row,SYN0092,192,284,synthetic
full_row,SYN0092,192,285,synthetic
full_row,SYN0092,192,286,synthetic
full_row,SYN0092,192,287,synthetic
full_row,SYN0092,192,288,synthetic
full_row,SYN0092,192,289,synthetic
full_row,SYN0092,192,290,synthetic
full_row,SYN0092,192,291,synthetic
full_row,SYN0092,192,292,synthetic
full_row,SYN0092,192,293,synthetic
full_row,SYN0092,192,294,synthetic
full_row,SYN0092,192,295,synthetic
full_row,SYN0092,192,296,synthetic
full_row,SYN0092,192,297,synthetic
full_row,SYN0092,192,298,synthetic
full_row,SYN0092,192,299,synthetic
full_row,SYN0092,192,300,synthetic
full_row,SYN0092,192,301,synthetic
full_row,SYN0092,192,302,synthetic
full_row,SYN0092,192,303,synthetic
full_row,SYN0092,192,304,synthetic
full_row,SYN0092,192,305,synthetic
full_row,SYN0092,192,306,synthetic
full_row,SYN0092,192,307,synthetic
full_row,SYN0092,192,308,synthetic
full_row,SYN0092,192,309,synthetic
full_row,SYN0092,192,310,synthetic
full_row,SYN0092,192,311,synthetic
full_row,SYN0092,192,312,synthetic
full_row,SYN0092,192,313,synthetic
full_row,SYN0092,192,314,synthetic
full_row,SYN0092,192,315,synthetic
full_row,SYN0092,192,316,synthetic
full_row,SYN0092,192,317,synthetic
full_row,SYN0092,192,318,synthetic
full_row,SYN0092,192,319,synthetic
full_row,SYN0092,192,320,synthetic
full_row,SYN0092,192,321,synthetic
full_row,SYN0092,192,322,synthetic
full_row,SYN0092,192,323,synthetic
full_row,SYN0092,192,324,synthetic
full_row,SYN0092,192,325,synthetic
full_row,SYN0092,192,326,synthetic
full_row,SYN0092,192,327,synthetic
full_row,SYN0092,192,328,synthetic
full_row,SYN0092,192,329,synthetic
full_row,SYN0092,192,330,synthetic
full_row,SYN0092,192,331,synthetic
full_row,SYN0092,192,332,synthetic
full_row,SYN0092,192,333,synthetic
full_row,SYN0092,192,334,synthetic
full_row,SYN0092,192,335,synthetic
full_row,SYN0092,192,336,synthetic
full_row,SYN0092,192,337,synthetic
full_row,SYN0092,192,338,synthetic
full_row,SYN0092,192,339,synthetic
full_row,SYN0092,192,340,synthetic
full_row,SYN0092,192,341,synthetic
full_row,SYN0092,192,342,synthetic
full_row,SYN0092,192,343,synthetic
full_row,SYN0092,192,344,synthetic
full_row,SYN0092,192,345,synthetic
full_row,SYN0092,192,346,synthetic
full_row,SYN0092,192,347,synthetic
full_row,SYN0092,192,348,synthetic
full_row,SYN0092,192,349,synthetic
full_row,SYN0092,192,350,synthetic
full_row,SYN0092,192,351,synthetic
full_row,SYN0092,192,352,synthetic
full_row,SYN0092,192,353,synthetic
full_row,SYN0092,192,354,synthetic
full_row,SYN0092,192,355,synthetic
full_row,SYN0092,192,356,synthetic
full_row,SYN0092,192,357,synthetic
full_row,SYN0092,192,358,synthetic
full_row,SYN0092,192,359,synthetic
full_row,SYN0092,192,360,synthetic
full_row,SYN0092,192,361,synthetic
full_row,SYN0092,192,362,synthetic
full_row,SYN0092,192,363,synthetic
full_row,SYN0092,192,364,synthetic
full_row,SYN0092,192,365,synthetic
full_row,SYN0092,192,366,synthetic
full_row,SYN0092,192,367,synthetic
full_row,SYN0092,192,368,synthetic
full_row,SYN0092,192,369,synthetic
full_row,SYN0092,192,370,synthetic
full_row,SYN0092,192,371,synthetic
full_row,SYN0092,192,372,synthetic
full_row,SYN0092,192,373,synthetic
full_row,SYN0092,192,374,synthetic
full_row,SYN0092,192,375,synthetic
full_row,SYN0092,192,376,synthetic
full_row,SYN0092,192,377,synthetic
full_row,SYN0092,192,378,synthetic
full_row,SYN0092,192,379,synthetic
full_row,SYN0092,192,380,synthetic
full_row,SYN0092,192,381,synthetic
full_row,SYN0092,192,382,synthetic
full_row,SYN0092,192,383,synthetic
full_row,SYN0092,192,384,synthetic
full_row,SYN0092,192,385,synthetic
full_row,SYN0092,192,386,synthetic
full_row,SYN0092,192,387,synthetic
full_row,SYN0092,192,388,synthetic
full_row,SYN0092,192,389,synthetic
full_row,SYN0092,192,390,synthetic
full_row,SYN0092,192,391,synthetic
full_row,SYN0092,192,392,synthetic
full_row,SYN0092,192,393,synthetic
full_row,SYN0092,192,394,synthetic
full_row,SYN0092,192,395,synthetic
full_row,SYN0092,192,396,synthetic
full_row,SYN0092,192,397,synthetic
full_row,SYN0092,192,398,synthetic
full_row,SYN0092,192,399,synthetic
full_row,SYN0092,192,400,synthetic
full_row,SYN0092,192,401,synthetic
full_row,SYN0092,192,402,synthetic
full_row,SYN0092,192,403,synthetic
full_row,SYN0092,192,404,synthetic
full_row,SYN0092,192,405,synthetic
full_row,SYN0092,192,406,synthetic
full_row,SYN0092,192,407,synthetic
full_row,SYN0092,192,408,synthetic
full_row,SYN0092,192,409,synthetic
full_row,SYN0092,192,410,synthetic
full_row,SYN0092,192,411,synthetic
full_row,SYN0092,192,412,synthetic
full_row,SYN0092,192,413,synthetic
full_row,SYN0092,192,414,synthetic
full_row,SYN0092,192,415,synthetic
full_row,SYN0092,192,416,synthetic
full_row,SYN0092,192,417,synthetic
full_row,SYN0092,192,418,synthetic
full_row,SYN0092,192,419,synthetic
full_row,SYN0092,192,420,synthetic
full_row,SYN0092,192,421,synthetic
full_row,SYN0092,192,422,synthetic
full_row,SYN0092,192,423,synthetic
full_row,SYN0092,192,424,synthetic
full_row,SYN0092,192,425,synthetic
full_row,SYN0092,192,426,synthetic
full_row,SYN0092,192,427,synthetic
full_row,SYN0092,192,428,synthetic
full_row,SYN0092,192,429,synthetic
full_row,SYN0092,192,430,synthetic
full_row,SYN0092,192,431,synthetic
full_row,SYN0092,192,432,synthetic
full_row,SYN0092,192,433,synthetic
full_row,SYN0092,192,434,synthetic
full_row,SYN0092,192,435,synthetic
full_row,SYN0092,192,436,synthetic
full_row,SYN0092,192,437,synthetic
full_row,SYN0092,192,438,synthetic
full_row,SYN0092,192,439,synthetic
full_row,SYN0092,192,440,synthetic
full_row,SYN0092,192,441,synthetic
full_row,SYN0092,192,442,synthetic
full_row,SYN0092,192,443,synthetic
full_row,SYN0092,192,444,synthetic
full_row,SYN0092,192,445,synthetic
full_row,SYN0092,192,446,synthetic
full_row,SYN0092,192,447,synthetic
full_row,SYN0092,192,448,synthetic
full_row,SYN0092,192,449,synthetic
full_row,SYN0092,192,450,synthetic
full_row,SYN0092,192,451,synthetic
full_row,SYN0092,192,452,synthetic
full_row,SYN0092,192,453,synthetic
full_row,SYN0092,192,454,synthetic
full_row,SYN0092,192,455,synthetic
full_row,SYN0092,192,456,synthetic
full_row,SYN0092,192,457,synthetic
full_row,SYN0092,192,458,synthetic
full_row,SYN0092,192,459,synthetic
full_row,SYN0092,192,460,synthetic
full_row,SYN0092,192,461,synthetic
full_row,SYN0092,192,462,synthetic
full_row,SYN0092,192,463,synthetic
full_row,SYN0092,192,464,synthetic
full_row,SYN0092,192,465,synthetic
full_row,SYN0092,192,466,synthetic
full_row,SYN0092,192,467,synthetic
full_row,SYN0092,192,468,synthetic
full_row,SYN0092,192,469,synthetic
full_row,SYN0092,192,470,synthetic
full_row,SYN0092,192,471,synthetic
full_row,SYN0092,192,472,synthetic
full_row,SYN0092,192,473,synthetic
full_row,SYN0092,192,474,synthetic
full_row,SYN0092,192,475,synthetic
full_row,SYN0092,192,476,synthetic
full_row,SYN0092,192,477,synthetic
full_row,SYN0092,192,478,synthetic
full_row,SYN0092,192,479,synthetic
full_row,SYN0092,192,480,synthetic
full_row,SYN0092,192,481,synthetic
full_row,SYN0092,192,482,synthetic
full_row,SYN0092,192,483,synthetic
full_row,SYN0092,192,484,synthetic
full_row,SYN0092,192,485,synthetic
full_row,SYN0092,192,486,synthetic
full_row,SYN0092,192,487,synthetic
full_row,SYN0092,192,488,synthetic
full_row,SYN0092,192,489,synthetic
full_row,SYN0092,192,490,synthetic
full_row,SYN0092,192,491,synthetic
full_row,SYN0092,192,492,synthetic
full_row,SYN0092,192,493,synthetic
full_row,SYN0092,192,494,synthetic
full_row,SYN0092,192,495,synthetic
full_row,SYN0092,192,496,synthetic
full_row,SYN0092,192,497,synthetic
full_row,SYN0092,192,498,synthetic
full_row,SYN0092,192,499,synthetic
full_row,SYN0092,192,500,synthetic
full_row,SYN0092,192,501,synthetic
full_row,SYN0092,192,502,synthetic
full_row,SYN0092,192,503,synthetic
full_row,SYN0092,192,504,synthetic
full_row,SYN0092,192,505,synthetic
full_row,SYN0092,192,506,synthetic
full_row,SYN0092,192,507,synthetic
full_row,SYN0092,192,508,synthetic
full_row,SYN0092,192,509,synthetic
full_row,SYN0092,192,510,synthetic
full_row,SYN0092,192,511,synthetic
full_row,SYN0092,192,512,synthetic
full_row,SYN0092,192,513,synthetic
full_row,SYN0092,192,514,synthetic
full_row,SYN0092,192,515,synthetic
full_row,SYN0092,192,516,synthetic
full_row,SYN0092,192,517,synthetic
full_row,SYN0092,192,518,synthetic
full_row,SYN0092,192,519,synthetic
full_row,SYN0092,192,520,synthetic
full_row,SYN0092,192,521,synthetic
full_row,SYN0092,192,522,synthetic
full_row,SYN0092,192,523,synthetic
full_row,SYN0092,192,524,synthetic
full_row,SYN0092,192,525,synthetic
full_row,SYN0092,192,526,synthetic
full_row,SYN0092,192,527,synthetic
full_row,SYN0092,192,528,synthetic
full_row,SYN0092,192,529,synthetic
full_row,SYN0092,192,530,synthetic
full_row,SYN0092,192,531,synthetic
full_row,SYN0092,192,532,synthetic
full_row,SYN0092,192,533,synthetic
full_row,SYN0092,192,534,synthetic
full_row,SYN0092,192,535,synthetic
full_row,SYN0092,192,536,synthetic
full_row,SYN0092,192,537,synthetic
full_row,SYN0092,192,538,synthetic
full_row,SYN0092,192,539,synthetic
full_row,SYN0092,192,540,synthetic
full_row,SYN0092,192,541,synthetic
full_row,SYN0092,192,542,synthetic
full_row,SYN0092,192,543,synthetic
full_row,SYN0092,192,544,synthetic
full_row,SYN0092,192,545,synthetic
full_row,SYN0092,192,546,synthetic
full_row,SYN0092,192,547,synthetic
full_row,SYN0092,192,548,synthetic
full_row,SYN0092,192,549,synthetic
full_row,SYN0092,192,550,synthetic
full_row,SYN0092,192,551,synthetic
full_row,SYN0092,192,552,synthetic
full_row,SYN0092,192,553,synthetic
full_row,SYN0092,192,554,synthetic
full_row,SYN0092,192,555,synthetic
full_row,SYN0092,192,556,synthetic
full_row,SYN0092,192,557,synthetic
full_row,SYN0092,192,558,synthetic
full_row,SYN0092,192,559,synthetic
full_row,SYN0092,192,560,synthetic
full_row,SYN0092,192,561,synthetic
full_row,SYN0092,192,562,synthetic
full_row,SYN0092,192,563,synthetic
full_row,SYN0092,192,564,synthetic
full_row,SYN0092,192,565,synthetic
full_row,SYN0092,192,566,synthetic
full_row,SYN0092,192,567,synthetic
full_row,SYN0092,192,568,synthetic
full_row,SYN0092,192,569,synthetic
full_row,SYN0092,192,570,synthetic
full_row,SYN0092,192,571,synthetic
full_row,SYN0092,192,572,synthetic
full_row,SYN0092,192,573,synthetic
full_row,SYN0092,192,574,synthetic
full_row,SYN0092,192,575,synthetic
full_row,SYN0092,192,576,synthetic
full_row,SYN0092,192,577,synthetic
full_row,SYN0092,192,578,synthetic
full_row,SYN0092,192,579,synthetic
full_row,SYN0092,192,580,synthetic
full_row,SYN0092,192,581,synthetic
full_row,SYN0092,192,582,synthetic
full_row,SYN0092,192,583,synthetic
full_row,SYN0092,192,584,synthetic
full_row,SYN0092,192,585,synthetic
full_row,SYN0092,192,586,synthetic
full_row,SYN0092,192,587,synthetic
full_row,SYN0092,192,588,synthetic
full_row,SYN0092,192,589,synthetic
full_row,SYN0092,192,590,synthetic
full_row,SYN0092,192,591,synthetic
full_row,SYN0092,192,592,synthetic
full_row,SYN0092,192,593,synthetic
full_row,SYN0092,192,594,synthetic
full_row,SYN0092,192,595,synthetic
full_row,SYN0092,192,596,synthetic
full_row,SYN0092,192,597,synthetic
full_row,SYN0092,192,598,synthetic
full_row,SYN0092,192,599,synthetic
full_row,SYN0092,192,600,synthetic
full_row,SYN0092,192,601,synthetic
full_row,SYN0092,192,602,synthetic
full_row,SYN0092,192,603,synthetic
full_row,SYN0092,192,604,synthetic
full_row,SYN0092,192,605,synthetic
full_row,SYN0092,192,606,synthetic
full_row,SYN0092,192,607,synthetic
full_row,SYN0092,192,608,synthetic
full_row,SYN0092,192,609,synthetic
full_row,SYN0092,192,610,synthetic
full_row,SYN0092,192,611,synthetic
full_row,SYN0092,192,612,synthetic
full_row,SYN0092,192,613,synthetic
full_row,SYN0092,192,614,synthetic
full_row,SYN0092,192,615,synthetic
full_row,SYN0092,192,616,synthetic
full_row,SYN0092,192,617,synthetic
full_row,SYN0092,192,618,synthetic
full_row,SYN0092,192,619,synthetic
full_row,SYN0092,192,620,synthetic
full_row,SYN0092,192,621,synthetic
full_row,SYN0092,192,622,synthetic
full_row,SYN0092,192,623,synthetic
full_row,SYN0092,192,624,synthetic
full_row,SYN0092,192,625,synthetic
full_row,SYN0092,192,626,synthetic
full_row,SYN0092,192,627,synthetic
full_row,SYN0092,192,628,synthetic
full_row,SYN0092,192,629,synthetic
full_row,SYN0092,192,630,synthetic
full_row,SYN0092,192,631,synthetic
full_row,SYN0092,192,632,synthetic
full_row,SYN0092,192,633,synthetic
full_row,SYN0092,192,634,synthetic
full_row,SYN0092,192,635,synthetic
full_row,SYN0092,192,636,synthetic
full_row,SYN0092,192,637,synthetic
full_row,SYN0092,192,638,synthetic
full_row,SYN0092,192,639,synthetic
full_row,SYN0092,192,640,synthetic
full_row,SYN0092,192,641,synthetic
full_row,SYN0092,192,642,synthetic
full_row,SYN0092,192,643,synthetic
full_row,SYN0092,192,644,synthetic
full_row,SYN0092,192,645,synthetic
full_row,SYN0092,192,646,synthetic
full_row,SYN0092,192,647,synthetic
full_row,SYN0092,192,648,synthetic
full_row,SYN0092,192,649,synthetic
full_row,SYN0092,192,650,synthetic
full_row,SYN0092,192,651,synthetic
full_row,SYN0092,192,652,synthetic
full_row,SYN0092,192,653,synthetic
full_row,SYN0092,192,654,synthetic
full_row,SYN0092,192,655,synthetic
full_row,SYN0092,192,656,synthetic
full_row,SYN0092,192,657,synthetic
full_row,SYN0092,192,658,synthetic
full_row,SYN0092,192,659,synthetic
full_row,SYN0092,192,660,synthetic
full_row,SYN0092,192,661,synthetic
full_row,SYN0092,192,662,synthetic
full_row,SYN0092,192,663,synthetic
full_row,SYN0092,192,664,synthetic
full_row,SYN0092,192,665,synthetic
full_row,SYN0092,192,666,synthetic
full_row,SYN0092,192,667,synthetic
full_row,SYN0092,192,668,synthetic
full_row,SYN0092,192,669,synthetic
full_row,SYN0092,192,670,synthetic
full_row,SYN0092,192,671,synthetic
full_row,SYN0092,192,672,synthetic
full_row,SYN0092,192,673,synthetic
full_row,SYN0092,192,674,synthetic
full_row,SYN0092,192,675,synthetic
full_row,SYN0092,192,676,synthetic
full_row,SYN0092,192,677,synthetic
full_row,SYN0092,192,678,synthetic
full_row,SYN0092,192,679,synthetic
full_row,SYN0092,192,680,synthetic
full_row,SYN0092,192,681,synthetic
full_row,SYN0092,192,682,synthetic
full_row,SYN0092,192,683,synthetic
full_row,SYN0092,192,684,synthetic
full_row,SYN0092,192,685,synthetic
full_row,SYN0092,192,686,synthetic
full_row,SYN0092,192,687,synthetic
full_row,SYN0092,192,688,synthetic
full_row,SYN0092,192,689,synthetic
full_row,SYN0092,192,690,synthetic
full_row,SYN0092,192,691,synthetic
full_row,SYN0092,192,692,synthetic
full_row,SYN0092,192,693,synthetic
full_row,SYN0092,192,694,synthetic
full_row,SYN0092,192,695,synthetic
full_row,SYN0092,192,696,synthetic
full_row,SYN0092,192,697,synthetic
full_row,SYN0092,192,698,synthetic
full_row,SYN0092,192,699,synthetic
full_row,SYN0092,192,700,synthetic
full_row,SYN0092,192,701,synthetic
full_row,SYN0092,192,702,synthetic
full_row,SYN0092,192,703,synthetic
full_row,SYN0092,192,704,synthetic
full_row,SYN0092,192,705,synthetic
full_row,SYN0092,192,706,synthetic
full_row,SYN0092,192,707,synthetic
full_row,SYN0092,192,708,synthetic
full_row,SYN0092,192,709,synthetic
full_row,SYN0092,192,710,synthetic
full_row,SYN0092,192,711,synthetic
full_row,SYN0092,192,712,synthetic
full_row,SYN0092,192,713,synthetic
full_row,SYN0092,192,714,synthetic
full_row,SYN0092,192,715,synthetic
full_row,SYN0092,192,716,synthetic
full_row,SYN0092,192,717,synthetic
full_row,SYN0092,192,718,synthetic
full_row,SYN0092,192,719,synthetic
full_row,SYN0092,192,720,synthetic
full_row,SYN0092,192,721,synthetic
full_row,SYN0092,192,722,synthetic
full_row,SYN0092,192,723,synthetic
full_row,SYN0092,192,724,synthetic
full_row,SYN0092,192,725,synthetic
full_row,SYN0092,192,726,synthetic
full_row,SYN0092,192,727,synthetic
full_row,SYN0092,192,728,synthetic
full_row,SYN0092,192,729,synthetic
full_row,SYN0092,192,730,synthetic
full_row,SYN0092,192,731,synthetic
full_row,SYN0092,192,732,synthetic
full_row,SYN0092,192,733,synthetic
full_row,SYN0092,192,734,synthetic
full_row,SYN0092,192,735,synthetic
full_row,SYN0092,192,736,synthetic
full_row,SYN0092,192,737,synthetic
full_row,SYN0092,192,738,synthetic
full_row,SYN0092,192,739,synthetic
full_row,SYN0092,192,740,synthetic
full_row,SYN0092,192,741,synthetic
full_row,SYN0092,192,742,synthetic
full_row,SYN0092,192,743,synthetic
full_row,SYN0092,192,744,synthetic
full_row,SYN0092,192,745,synthetic
full_row,SYN0092,192,746,synthetic
full_row,SYN0092,192,747,synthetic
full_row,SYN0092,192,748,synthetic
full_row,SYN0092,192,749,synthetic
full_row,SYN0092,192,750,synthetic
full_row,SYN0092,192,751,synthetic
full_row,SYN0092,192,752,synthetic
full_row,SYN0092,192,753,synthetic
full_row,SYN0092,192,754,synthetic
full_row,SYN0092,192,755,synthetic
full_row,SYN0092,192,756,synthetic
full_row,SYN0092,192,757,synthetic
full_row,SYN0092,192,758,synthetic
full_row,SYN0092,192,759,synthetic
full_row,SYN0092,192,760,synthetic
full_row,SYN0092,192,761,synthetic
full_row,SYN0092,192,762,synthetic
full_row,SYN0092,192,763,synthetic
full_row,SYN0092,192,764,synthetic
full_row,SYN0092,192,765,synthetic
full_row,SYN0092,192,766,synthetic
full_row,SYN0092,192,767,synthetic
full_row,SYN0092,192,768,synthetic
full_row,SYN0092,192,769,synthetic
full_row,SYN0092,192,770,synthetic
full_row,SYN0092,192,771,synthetic
full_row,SYN0092,192,772,synthetic
full_row,SYN0092,192,773,synthetic
full_row,SYN0092,192,774,synthetic
full_row,SYN0092,192,775,synthetic
full_row,SYN0092,192,776,synthetic
full_row,SYN0092,192,777,synthetic
full_row,SYN0092,192,778,synthetic
full_row,SYN0092,192,779,synthetic
full_row,SYN0092,192,780,synthetic
full_row,SYN0092,192,781,synthetic
full_row,SYN0092,192,782,synthetic
full_row,SYN0092,192,783,synthetic
full_row,SYN0092,192,784,synthetic
full_row,SYN0092,192,785,synthetic
full_row,SYN0092,192,786,synthetic
full_row,SYN0092,192,787,synthetic
full_row,SYN0092,192,788,synthetic
full_row,SYN0092,192,789,synthetic
full_row,SYN0092,192,790,synthetic
full_row,SYN0092,192,791,synthetic
full_row,SYN0092,192,792,synthetic
full_row,SYN0092,192,793,synthetic
full_row,SYN0092,192,794,synthetic
full_row,SYN0092,192,795,synthetic
full_row,SYN0092,192,796,synthetic
full_row,SYN0092,192,797,synthetic
full_row,SYN0092,192,798,synthetic
full_row,SYN0092,192,799,synthetic
full_row,SYN0092,192,800,synthetic
full_row,SYN0092,192,801,synthetic
full_row,SYN0092,192,802,synthetic
full_row,SYN0092,192,803,synthetic
full_row,SYN0092,192,804,synthetic
full_row,SYN0092,192,805,synthetic
full_row,SYN0092,192,806,synthetic
full_row,SYN0092,192,807,synthetic
full_row,SYN0092,192,808,synthetic
full_row,SYN0092,192,809,synthetic
full_row,SYN0092,192,810,synthetic
full_row,SYN0092,192,811,synthetic
full_row,SYN0092,192,812,synthetic
full_row,SYN0092,192,813,synthetic
full_row,SYN0092,192,814,synthetic
full_row,SYN0092,192,815,synthetic
full_row,SYN0092,192,816,synthetic
full_row,SYN0092,192,817,synthetic
full_row,SYN0092,192,818,synthetic
full_row,SYN0092,192,819,synthetic
full_row,SYN0092,192,820,synthetic
full_row,SYN0092,192,821,synthetic
full_row,SYN0092,192,822,synthetic
full_row,SYN0092,192,823,synthetic
full_row,SYN0092,192,824,synthetic
full_row,SYN0092,192,825,synthetic
full_row,SYN0092,192,826,synthetic
full_row,SYN0092,192,827,synthetic
full_row,SYN0092,192,828,synthetic
full_row,SYN0092,192,829,synthetic
full_row,SYN0092,192,830,synthetic
full_row,SYN0092,192,831,synthetic
full_row,SYN0092,192,832,synthetic
full_row,SYN0092,192,833,synthetic
full_row,SYN0092,192,834,synthetic
full_row,SYN0092,192,835,synthetic
full_row,SYN0092,192,836,synthetic
full_row,SYN0092,192,837,synthetic
full_row,SYN0092,192,838,synthetic
full_row,SYN0092,192,839,synthetic
full_row,SYN0092,192,840,synthetic
full_row,SYN0092,192,841,synthetic
full_row,SYN0092,192,842,synthetic
full_row,SYN0092,192,843,synthetic
full_row,SYN0092,192,844,synthetic
full_row,SYN0092,192,845,synthetic
full_row,SYN0092,192,846,synthetic
full_row,SYN0092,192,847,synthetic
full_row,SYN0092,192,848,synthetic
full_row,SYN0092,192,849,synthetic
full_row,SYN0092,192,850,synthetic
full_row,SYN0092,192,851,synthetic
full_row,SYN0092,192,852,synthetic
full_row,SYN0092,192,853,synthetic
full_row,SYN0092,192,854,synthetic
full_row,SYN0092,192,855,synthetic
full_row,SYN0092,192,856,synthetic
full_row,SYN0092,192,857,synthetic
full_row,SYN0092,192,858,synthetic
full_row,SYN0092,192,859,synthetic
full_row,SYN0092,192,860,synthetic
full_row,SYN0092,192,861,synthetic
full_row,SYN0092,192,862,synthetic
full_row,SYN0092,192,863,synthetic
full_row,SYN0092,192,864,synthetic
full_row,SYN0092,192,865,synthetic
full_row,SYN0092,192,866,synthetic
full_row,SYN0092,192,867,synthetic
full_row,SYN0092,192,868,synthetic
full_row,SYN0092,192,869,synthetic
full_row,SYN0092,192,870,synthetic
full_row,SYN0092,192,871,synthetic
full_row,SYN0092,192,872,synthetic
full_row,SYN0092,192,873,synthetic
full_row,SYN0092,192,874,synthetic
full_row,SYN0092,192,875,synthetic
full_row,SYN0092,192,876,synthetic
full_row,SYN0092,192,877,synthetic
full_row,SYN0092,192,878,synthetic
full_row,SYN0092,192,879,synthetic
full_row,SYN0092,192,880,synthetic
full_row,SYN0092,192,881,synthetic
full_row,SYN0092,192,882,synthetic
full_row,SYN0092,192,883,synthetic
full_row,SYN0092,192,884,synthetic
full_row,SYN0092,192,885,synthetic
full_row,SYN0092,192,886,synthetic
full_row,SYN0092,192,887,synthetic
full_row,SYN0092,192,888,synthetic
full_row,SYN0092,192,889,synthetic
full_row,SYN0092,192,890,synthetic
full_row,SYN0092,192,891,synthetic
full_row,SYN0092,192,892,synthetic
full_row,SYN0092,192,893,synthetic
full_row,SYN0092,192,894,synthetic
full_row,SYN0092,192,895,synthetic
full_row,SYN0092,192,896,synthetic
full_row,SYN0092,192,897,synthetic
full_row,SYN0092,192,898,synthetic
full_row,SYN0092,192,899,synthetic
full_row,SYN0092,192,900,synthetic
full_row,SYN0092,192,901,synthetic
full_row,SYN0092,192,902,synthetic
full_row,SYN0092,192,903,synthetic
full_row,SYN0092,192,904,synthetic
full_row,SYN0092,192,905,synthetic
full_row,SYN0092,192,906,synthetic
full_row,SYN0092,192,907,synthetic
full_row,SYN0092,192,908,synthetic
full_row,SYN0092,192,909,synthetic
full_row,SYN0092,192,910,synthetic
full_row,SYN0092,192,911,synthetic
full_row,SYN0092,192,912,synthetic
full_row,SYN0092,192,913,synthetic
full_row,SYN0092,192,914,synthetic
full_row,SYN0092,192,915,synthetic
full_row,SYN0092,192,916,synthetic
full_row,SYN0092,192,917,synthetic
full_row,SYN0092,192,918,synthetic
full_row,SYN0092,192,919,synthetic
full_row,SYN0092,192,920,synthetic
full_row,SYN0092,192,921,synthetic
full_row,SYN0092,192,922,synthetic
full_row,SYN0092,192,923,synthetic
full_row,SYN0092,192,924,synthetic
full_row,SYN0092,192,925,synthetic
full_row,SYN0092,192,926,synthetic
full_row,SYN0092,192,927,synthetic
full_row,SYN0092,192,928,synthetic
full_row,SYN0092,192,929,synthetic
full_row,SYN0092,192,930,synthetic
full_row,SYN0092,192,931,synthetic
full_row,SYN0092,192,932,synthetic
full_row,SYN0092,192,933,synthetic
full_row,SYN0092,192,934,synthetic
full_row,SYN0092,192,935,synthetic
full_row,SYN0092,192,936,synthetic
full_row,SYN0092,192,937,synthetic
full_row,SYN0092,192,938,synthetic
full_row,SYN0092,192,939,synthetic
full_row,SYN0092,192,940,synthetic
full_row,SYN0092,192,941,synthetic
full_row,SYN0092,192,942,synthetic
full_row,SYN0092,192,943,synthetic
full_row,SYN0092,192,944,synthetic
full_row,SYN0092,192,945,synthetic
full_row,SYN0092,192,946,synthetic
full_row,SYN0092,192,947,synthetic
full_row,SYN0092,192,948,synthetic
full_row,SYN0092,192,949,synthetic
full_row,SYN0092,192,950,synthetic
full_row,SYN0092,192,951,synthetic
full_row,SYN0092,192,952,synthetic
full_row,SYN0092,192,953,synthetic
full_row,SYN0092,192,954,synthetic
full_row,SYN0092,192,955,synthetic
full_row,SYN0092,192,956,synthetic
full_row,SYN0092,192,957,synthetic
full_row,SYN0092,192,958,synthetic
full_row,SYN0092,192,959,synthetic
full_row,SYN0092,192,960,synthetic
full_row,SYN0092,192,961,synthetic
full_row,SYN0092,192,962,synthetic
full_row,SYN0092,192,963,synthetic
full_row,SYN0092,192,964,synthetic
full_row,SYN0092,192,965,synthetic
full_row,SYN0092,192,966,synthetic
full_row,SYN0092,192,967,synthetic
full_row,SYN0092,192,968,synthetic
full_row,SYN0092,192,969,synthetic
full_row,SYN0092,192,970,synthetic
full_row,SYN0092,192,971,synthetic
full_row,SYN0092,192,972,synthetic
full_row,SYN0092,192,973,synthetic
full_row,SYN0092,192,974,synthetic
full_row,SYN0092,192,975,synthetic
full_row,SYN0092,192,976,synthetic
full_row,SYN0092,192,977,synthetic
full_row,SYN0092,192,978,synthetic
full_row,SYN0092,192,979,synthetic
full_row,SYN0092,192,980,synthetic
full_row,SYN0092,192,981,synthetic
full_row,SYN0092,192,982,synthetic
full_row,SYN0092,192,983,synthetic
full_row,SYN0092,192,984,synthetic
full_row,SYN0092,192,985,synthetic
full_row,SYN0092,192,986,synthetic
full_row,SYN0092,192,987,synthetic
full_row,SYN0092,192,988,synthetic
full_row,SYN0092,192,989,synthetic
full_row,SYN0092,192,990,synthetic
full_row,SYN0092,192,991,synthetic
full_row,SYN0092,192,992,synthetic
full_row,SYN0092,192,993,synthetic
full_row,SYN0092,192,994,synthetic
full_row,SYN0092,192,995,synthetic
full_row,SYN0092,192,996,synthetic
full_row,SYN0092,192,997,synthetic
full_row,SYN0092,192,998,synthetic
full_row,SYN0092,192,999,synthetic
full_row,SYN0092,192,1000,synthetic
full_row,SYN0092,192,1001,synthetic
full_row,SYN0092,192,1002,synthetic
full_row,SYN0092,192,1003,synthetic
full_row,SYN0092,192,1004,synthetic
full_row,SYN0092,192,1005,synthetic
full_row,SYN0092,192,1006,synthetic
full_row,SYN0092,192,1007,synthetic
full_row,SYN0092,192,1008,synthetic
full_row,SYN0092,192,1009,synthetic
full_row,SYN0092,192,1010,synthetic
full_row,SYN0092,192,1011,synthetic
full_row,SYN0092,192,1012,synthetic
full_row,SYN0092,192,1013,synthetic
full_row,SYN0092,192,1014,synthetic
full_row,SYN0092,192,1015,synthetic
full_row,SYN0092,192,1016,synthetic
full_row,SYN0092,192,1017,synthetic
full_row,SYN0092,192,1018,synthetic
full_row,SYN0092,192,1019,synthetic
full_row,SYN0092,192,1020,synthetic
full_row,SYN0092,192,1021,synthetic
full_row,SYN0092,192,1022,synthetic
full_row,SYN0092,192,1023,synthetic
full_row,SYN0093,163,0,synthetic
full_row,SYN0093,163,1,synthetic
full_row,SYN0093,163,2,synthetic
full_row,SYN0093,163,3,synthetic
full_row,SYN0093,163,4,synthetic
full_row,SYN0093,163,5,synthetic
full_row,SYN0093,163,6,synthetic
full_row,SYN0093,163,7,synthetic
full_row,SYN0093,163,8,synthetic
full_row,SYN0093,163,9,synthetic
full_row,SYN0093,163,10,synthetic
full_row,SYN0093,163,11,synthetic
full_row,SYN0093,163,12,synthetic
full_row,SYN0093,163,13,synthetic
full_row,SYN0093,163,14,synthetic
full_row,SYN0093,163,15,synthetic
full_row,SYN0093,163,16,synthetic
full_row,SYN0093,163,17,synthetic
full_row,SYN0093,163,18,synthetic
full_row,SYN0093,163,19,synthetic
full_row,SYN0093,163,20,synthetic
full_row,SYN0093,163,21,synthetic
full_row,SYN0093,163,22,synthetic
full_row,SYN0093,163,23,synthetic
full_row,SYN0093,163,24,synthetic
full_row,SYN0093,163,25,synthetic
full_row,SYN0093,163,26,synthetic
full_row,SYN0093,163,27,synthetic
full_row,SYN0093,163,28,synthetic
full_row,SYN0093,163,29,synthetic
full_row,SYN0093,163,30,synthetic
full_row,SYN0093,163,31,synthetic
full_row,SYN0093,163,32,synthetic
full_row,SYN0093,163,33,synthetic
full_row,SYN0093,163,34,synthetic
full_row,SYN0093,163,35,synthetic
full_row,SYN0093,163,36,synthetic
full_row,SYN0093,163,37,synthetic
full_row,SYN0093,163,38,synthetic
full_row,SYN0093,163,39,synthetic
full_row,SYN0093,163,40,synthetic
full_row,SYN0093,163,41,synthetic
full_row,SYN0093,163,42,synthetic
full_row,SYN0093,163,43,synthetic
full_row,SYN0093,163,44,synthetic
full_row,SYN0093,163,45,synthetic
full_row,SYN0093,163,46,synthetic
full_row,SYN0093,163,47,synthetic
full_row,SYN0093,163,48,synthetic
full_row,SYN0093,163,49,synthetic
full_row,SYN0093,163,50,synthetic
full_row,SYN0093,163,51,synthetic
full_row,SYN0093,163,52,synthetic
full_row,SYN0093,163,53,synthetic
full_row,SYN0093,163,54,synthetic
full_row,SYN0093,163,55,synthetic
full_row,SYN0093,163,56,synthetic
full_row,SYN0093,163,57,synthetic
full_row,SYN0093,163,58,synthetic
full_row,SYN0093,163,59,synthetic
full_row,SYN0093,163,60,synthetic
full_row,SYN0093,163,61,synthetic
full_row,SYN0093,163,62,synthetic
full_row,SYN0093,163,63,synthetic
full_row,SYN0093,163,64,synthetic
full_row,SYN0093,163,65,synthetic
full_row,SYN0093,163,66,synthetic
full_row,SYN0093,163,67,synthetic
full_row,SYN0093,163,68,synthetic
full_row,SYN0093,163,69,synthetic
full_row,SYN0093,163,70,synthetic
full_row,SYN0093,163,71,synthetic
full_row,SYN0093,163,72,synthetic
full_row,SYN0093,163,73,synthetic
full_row,SYN0093,163,74,synthetic
full_row,SYN0093,163,75,synthetic
full_row,SYN0093,163,76,synthetic
full_row,SYN0093,163,77,synthetic
full_row,SYN0093,163,78,synthetic
full_row,SYN0093,163,79,synthetic
full_row,SYN0093,163,80,synthetic
full_row,SYN0093,163,81,synthetic
full_row,SYN0093,163,82,synthetic
full_row,SYN0093,163,83,synthetic
full_row,SYN0093,163,84,synthetic
full_row,SYN0093,163,85,synthetic
full_row,SYN0093,163,86,synthetic
full_row,SYN0093,163,87,synthetic
full_row,SYN0093,163,88,synthetic
full_row,SYN0093,163,89,synthetic
full_row,SYN0093,163,90,synthetic
full_row,SYN0093,163,91,synthetic
full_row,SYN0093,163,92,synthetic
full_row,SYN0093,163,93,synthetic
full_row,SYN0093,163,94,synthetic
full_row,SYN0093,163,95,synthetic
full_row,SYN0093,163,96,synthetic
full_row,SYN0093,163,97,synthetic
full_row,SYN0093,163,98,synthetic
full_row,SYN0093,163,99,synthetic
full_row,SYN0093,163,100,synthetic
full_row,SYN0093,163,101,synthetic
full_row,SYN0093,163,102,synthetic
full_row,SYN0093,163,103,synthetic
full_row,SYN0093,163,104,synthetic
full_row,SYN0093,163,105,synthetic
full_row,SYN0093,163,106,synthetic
full_row,SYN0093,163,107,synthetic
full_row,SYN0093,163,108,synthetic
full_row,SYN0093,163,109,synthetic
full_row,SYN0093,163,110,synthetic
full_row,SYN0093,163,111,synthetic
full_row,SYN0093,163,112,synthetic
full_row,SYN0093,163,113,synthetic
full_row,SYN0093,163,114,synthetic
full_row,SYN0093,163,115,synthetic
full_row,SYN0093,163,116,synthetic
full_row,SYN0093,163,117,synthetic
full_row,SYN0093,163,118,synthetic
full_row,SYN0093,163,119,synthetic
full_row,SYN0093,163,120,synthetic
full_row,SYN0093,163,121,synthetic
full_row,SYN0093,163,122,synthetic
full_row,SYN0093,163,123,synthetic
full_row,SYN0093,163,124,synthetic
full_row,SYN0093,163,125,synthetic
full_row,SYN0093,163,126,synthetic
full_row,SYN0093,163,127,synthetic
full_row,SYN0093,163,128,synthetic
full_row,SYN0093,163,129,synthetic
full_row,SYN0093,163,130,synthetic
full_row,SYN0093,163,131,synthetic
full_row,SYN0093,163,132,synthetic
full_row,SYN0093,163,133,synthetic
full_row,SYN0093,163,134,synthetic
full_row,SYN0093,163,135,synthetic
full_row,SYN0093,163,136,synthetic
full_row,SYN0093,163,137,synthetic
full_row,SYN0093,163,138,synthetic
full_row,SYN0093,163,139,synthetic
full_row,SYN0093,163,140,synthetic
full_row,SYN0093,163,141,synthetic
full_row,SYN0093,163,142,synthetic
full_row,SYN0093,163,143,synthetic
full_row,SYN0093,163,144,synthetic
full_row,SYN0093,163,145,synthetic
full_row,SYN0093,163,146,synthetic
full_row,SYN0093,163,147,synthetic
full_row,SYN0093,163,148,synthetic
full_row,SYN0093,163,149,synthetic
full_row,SYN0093,163,150,synthetic
full_row,SYN0093,163,151,synthetic
full_row,SYN0093,163,152,synthetic
full_row,SYN0093,163,153,synthetic
full_row,SYN0093,163,154,synthetic
full_row,SYN0093,163,155,synthetic
full_row,SYN0093,163,156,synthetic
full_row,SYN0093,163,157,synthetic
full_row,SYN0093,163,158,synthetic
full_row,SYN0093,163,159,synthetic
full_row,SYN0093,163,160,synthetic
full_row,SYN0093,163,161,synthetic
full_row,SYN0093,163,162,synthetic
full_row,SYN0093,163,163,synthetic
full_row,SYN0093,163,164,synthetic
full_row,SYN0093,163,165,synthetic
full_row,SYN0093,163,166,synthetic
full_row,SYN0093,163,167,synthetic
full_row,SYN0093,163,168,synthetic
full_row,SYN0093,163,169,synthetic
full_row,SYN0093,163,170,synthetic
full_row,SYN0093,163,171,synthetic
full_row,SYN0093,163,172,synthetic
full_row,SYN0093,163,173,synthetic
full_row,SYN0093,163,174,synthetic
full_row,SYN0093,163,175,synthetic
full_row,SYN0093,163,176,synthetic
full_row,SYN0093,163,177,synthetic
full_row,SYN0093,163,178,synthetic
full_row,SYN0093,163,179,synthetic
full_row,SYN0093,163,180,synthetic
full_row,SYN0093,163,181,synthetic
full_row,SYN0093,163,182,synthetic
full_row,SYN0093,163,183,synthetic
full_row,SYN0093,163,184,synthetic
full_row,SYN0093,163,185,synthetic
full_row,SYN0093,163,186,synthetic
full_row,SYN0093,163,187,synthetic
full_row,SYN0093,163,188,synthetic
full_row,SYN0093,163,189,synthetic
full_row,SYN0093,163,190,synthetic
full_row,SYN0093,163,191,synthetic
full_row,SYN0093,163,192,synthetic
full_row,SYN0093,163,193,synthetic
full_row,SYN0093,163,194,synthetic
full_row,SYN0093,163,195,synthetic
full_row,SYN0093,163,196,synthetic
full_row,SYN0093,163,197,synthetic
full_row,SYN0093,163,198,synthetic
full_row,SYN0093,163,199,synthetic
full_row,SYN0093,163,200,synthetic
full_row,SYN0093,163,201,synthetic
full_row,SYN0093,163,202,synthetic
full_row,SYN0093,163,203,synthetic
full_row,SYN0093,163,204,synthetic
full_row,SYN0093,163,205,synthetic
full_row,SYN0093,163,206,synthetic
full_row,SYN0093,163,207,synthetic
full_row,SYN0093,163,208,synthetic
full_row,SYN0093,163,209,synthetic
full_row,SYN0093,163,210,synthetic
full_row,SYN0093,163,211,synthetic
full_row,SYN0093,163,212,synthetic
full_row,SYN0093,163,213,synthetic
full_row,SYN0093,163,214,synthetic
full_row,SYN0093,163,215,synthetic
full_row,SYN0093,163,216,synthetic
full_row,SYN0093,163,217,synthetic
full_row,SYN0093,163,218,synthetic
full_row,SYN0093,163,219,synthetic
full_row,SYN0093,163,220,synthetic
full_row,SYN0093,163,221,synthetic
full_row,SYN0093,163,222,synthetic
full_row,SYN0093,163,223,synthetic
full_row,SYN0093,163,224,synthetic
full_row,SYN0093,163,225,synthetic
full_row,SYN0093,163,226,synthetic
full_row,SYN0093,163,227,synthetic
full_row,SYN0093,163,228,synthetic
full_row,SYN0093,163,229,synthetic
full_row,SYN0093,163,230,synthetic
full_row,SYN0093,163,231,synthetic
full_row,SYN0093,163,232,synthetic
full_row,SYN0093,163,233,synthetic
full_row,SYN0093,163,234,synthetic
full_row,SYN0093,163,235,synthetic
full_row,SYN0093,163,236,synthetic
full_row,SYN0093,163,237,synthetic
full_row,SYN0093,163,238,synthetic
full_row,SYN0093,163,239,synthetic
full_row,SYN0093,163,240,synthetic
full_row,SYN0093,163,241,synthetic
full_row,SYN0093,163,242,synthetic
full_row,SYN0093,163,243,synthetic
full_row,SYN0093,163,244,synthetic
full_row,SYN0093,163,245,synthetic
full_row,SYN0093,163,246,synthetic
full_row,SYN0093,163,247,synthetic
full_row,SYN0093,163,248,synthetic
full_row,SYN0093,163,249,synthetic
full_row,SYN0093,163,250,synthetic
full_row,SYN0093,163,251,synthetic
full_row,SYN0093,163,252,synthetic
full_row,SYN0093,163,253,synthetic
full_row,SYN0093,163,254,synthetic
full_row,SYN0093,163,255,synthetic
full_row,SYN0093,163,256,synthetic
full_row,SYN0093,163,257,synthetic
full_row,SYN0093,163,258,synthetic
full_row,SYN0093,163,259,synthetic
full_row,SYN0093,163,260,synthetic
full_row,SYN0093,163,261,synthetic
full_row,SYN0093,163,262,synthetic
full_row,SYN0093,163,263,synthetic
full_row,SYN0093,163,264,synthetic
full_row,SYN0093,163,265,synthetic
full_row,SYN0093,163,266,synthetic
full_row,SYN0093,163,267,synthetic
full_row,SYN0093,163,268,synthetic
full_row,SYN0093,163,269,synthetic
full_row,SYN0093,163,270,synthetic
full_row,SYN0093,163,271,synthetic
full_row,SYN0093,163,272,synthetic
full_row,SYN0093,163,273,synthetic
full_row,SYN0093,163,274,synthetic
full_row,SYN0093,163,275,synthetic
full_row,SYN0093,163,276,synthetic
full_row,SYN0093,163,277,synthetic
full_row,SYN0093,163,278,synthetic
full_row,SYN0093,163,279,synthetic
full_row,SYN0093,163,280,synthetic
full_row,SYN0093,163,281,synthetic
full_row,SYN0093,163,282,synthetic
full_row,SYN0093,163,283,synthetic
full_row,SYN0093,163,284,synthetic
full_row,SYN0093,163,285,synthetic
full_row,SYN0093,163,286,synthetic
full_row,SYN0093,163,287,synthetic
full_row,SYN0093,163,288,synthetic
full_row,SYN0093,163,289,synthetic
full_row,SYN0093,163,290,synthetic
full_row,SYN0093,163,291,synthetic
full_row,SYN0093,163,292,synthetic
full_row,SYN0093,163,293,synthetic
full_row,SYN0093,163,294,synthetic
full_row,SYN0093,163,295,synthetic
full_row,SYN0093,163,296,synthetic
full_row,SYN0093,163,297,synthetic
full_row,SYN0093,163,298,synthetic
full_row,SYN0093,163,299,synthetic
full_row,SYN0093,163,300,synthetic
full_row,SYN0093,163,301,synthetic
full_row,SYN0093,163,302,synthetic
full_row,SYN0093,163,303,synthetic
full_row,SYN0093,163,304,synthetic
full_row,SYN0093,163,305,synthetic
full_row,SYN0093,163,306,synthetic
full_row,SYN0093,163,307,synthetic
full_row,SYN0093,163,308,synthetic
full_row,SYN0093,163,309,synthetic
full_row,SYN0093,163,310,synthetic
full_row,SYN0093,163,311,synthetic
full_row,SYN0093,163,312,synthetic
full_row,SYN0093,163,313,synthetic
full_row,SYN0093,163,314,synthetic
full_row,SYN0093,163,315,synthetic
full_row,SYN0093,163,316,synthetic
full_row,SYN0093,163,317,synthetic
full_row,SYN0093,163,318,synthetic
full_row,SYN0093,163,319,synthetic
full_row,SYN0093,163,320,synthetic
full_row,SYN0093,163,321,synthetic
full_row,SYN0093,163,322,synthetic
full_row,SYN0093,163,323,synthetic
full_row,SYN0093,163,324,synthetic
full_row,SYN0093,163,325,synthetic
full_row,SYN0093,163,326,synthetic
full_row,SYN0093,163,327,synthetic
full_row,SYN0093,163,328,synthetic
full_row,SYN0093,163,329,synthetic
full_row,SYN0093,163,330,synthetic
full_row,SYN0093,163,331,synthetic
full_row,SYN0093,163,332,synthetic
full_row,SYN0093,163,333,synthetic
full_row,SYN0093,163,334,synthetic
full_row,SYN0093,163,335,synthetic
full_row,SYN0093,163,336,synthetic
full_row,SYN0093,163,337,synthetic
full_row,SYN0093,163,338,synthetic
full_row,SYN0093,163,339,synthetic
full_row,SYN0093,163,340,synthetic
full_row,SYN0093,163,341,synthetic
full_row,SYN0093,163,342,synthetic
full_row,SYN0093,163,343,synthetic
full_row,SYN0093,163,344,synthetic
full_row,SYN0093,163,345,synthetic
full_row,SYN0093,163,346,synthetic
full_row,SYN0093,163,347,synthetic
full_row,SYN0093,163,348,synthetic
full_row,SYN0093,163,349,synthetic
full_row,SYN0093,163,350,synthetic
full_row,SYN0093,163,351,synthetic
full_row,SYN0093,163,352,synthetic
full_row,SYN0093,163,353,synthetic
full_row,SYN0093,163,354,synthetic
full_row,SYN0093,163,355,synthetic
full_row,SYN0093,163,356,synthetic
full_row,SYN0093,163,357,synthetic
full_row,SYN0093,163,358,synthetic
full_row,SYN0093,163,359,synthetic
full_row,SYN0093,163,360,synthetic
full_row,SYN0093,163,361,synthetic
full_row,SYN0093,163,362,synthetic
full_row,SYN0093,163,363,synthetic
full_row,SYN0093,163,364,synthetic
full_row,SYN0093,163,365,synthetic
full_row,SYN0093,163,366,synthetic
full_row,SYN0093,163,367,synthetic
full_row,SYN0093,163,368,synthetic
full_row,SYN0093,163,369,synthetic
full_row,SYN0093,163,370,synthetic
full_row,SYN0093,163,371,synthetic
full_row,SYN0093,163,372,synthetic
full_row,SYN0093,163,373,synthetic
full_row,SYN0093,163,374,synthetic
full_row,SYN0093,163,375,synthetic
full_row,SYN0093,163,376,synthetic
full_row,SYN0093,163,377,synthetic
full_row,SYN0093,163,378,synthetic
full_row,SYN0093,163,379,synthetic
full_row,SYN0093,163,380,synthetic
full_row,SYN0093,163,381,synthetic
full_row,SYN0093,163,382,synthetic
full_row,SYN0093,163,383,synthetic
full_row,SYN0093,163,384,synthetic
full_row,SYN0093,163,385,synthetic
full_row,SYN0093,163,386,synthetic
full_row,SYN0093,163,387,synthetic
full_row,SYN0093,163,388,synthetic
full_row,SYN0093,163,389,synthetic
full_row,SYN0093,163,390,synthetic
full_row,SYN0093,163,391,synthetic
full_row,SYN0093,163,392,synthetic
full_row,SYN0093,163,393,synthetic
full_row,SYN0093,163,394,synthetic
full_row,SYN0093,163,395,synthetic
full_row,SYN0093,163,396,synthetic
full_row,SYN0093,163,397,synthetic
full_row,SYN0093,163,398,synthetic
full_row,SYN0093,163,399,synthetic
full_row,SYN0093,163,400,synthetic
full_row,SYN0093,163,401,synthetic
full_row,SYN0093,163,402,synthetic
full_row,SYN0093,163,403,synthetic
full_row,SYN0093,163,404,synthetic
full_row,SYN0093,163,405,synthetic
full_row,SYN0093,163,406,synthetic
full_row,SYN0093,163,407,synthetic
full_row,SYN0093,163,408,synthetic
full_row,SYN0093,163,409,synthetic
full_row,SYN0093,163,410,synthetic
full_row,SYN0093,163,411,synthetic
full_row,SYN0093,163,412,synthetic
full_row,SYN0093,163,413,synthetic
full_row,SYN0093,163,414,synthetic
full_row,SYN0093,163,415,synthetic
full_row,SYN0093,163,416,synthetic
full_row,SYN0093,163,417,synthetic
full_row,SYN0093,163,418,synthetic
full_row,SYN0093,163,419,synthetic
full_row,SYN0093,163,420,synthetic
full_row,SYN0093,163,421,synthetic
full_row,SYN0093,163,422,synthetic
full_row,SYN0093,163,423,synthetic
full_row,SYN0093,163,424,synthetic
full_row,SYN0093,163,425,synthetic
full_row,SYN0093,163,426,synthetic
full_row,SYN0093,163,427,synthetic
full_row,SYN0093,163,428,synthetic
full_row,SYN0093,163,429,synthetic
full_row,SYN0093,163,430,synthetic
full_row,SYN0093,163,431,synthetic
full_row,SYN0093,163,432,synthetic
full_row,SYN0093,163,433,synthetic
full_row,SYN0093,163,434,synthetic
full_row,SYN0093,163,435,synthetic
full_row,SYN0093,163,436,synthetic
full_row,SYN0093,163,437,synthetic
full_row,SYN0093,163,438,synthetic
full_row,SYN0093,163,439,synthetic
full_row,SYN0093,163,440,synthetic
full_row,SYN0093,163,441,synthetic
full_row,SYN0093,163,442,synthetic
full_row,SYN0093,163,443,synthetic
full_row,SYN0093,163,444,synthetic
full_row,SYN0093,163,445,synthetic
full_row,SYN0093,163,446,synthetic
full_row,SYN0093,163,447,synthetic
full_row,SYN0093,163,448,synthetic
full_row,SYN0093,163,449,synthetic
full_row,SYN0093,163,450,synthetic
full_row,SYN0093,163,451,synthetic
full_row,SYN0093,163,452,synthetic
full_row,SYN0093,163,453,synthetic
full_row,SYN0093,163,454,synthetic
full_row,SYN0093,163,455,synthetic
full_row,SYN0093,163,456,synthetic
full_row,SYN0093,163,457,synthetic
full_row,SYN0093,163,458,synthetic
full_row,SYN0093,163,459,synthetic
full_row,SYN0093,163,460,synthetic
full_row,SYN0093,163,461,synthetic
full_row,SYN0093,163,462,synthetic
full_row,SYN0093,163,463,synthetic
full_row,SYN0093,163,464,synthetic
full_row,SYN0093,163,465,synthetic
full_row,SYN0093,163,466,synthetic
full_row,SYN0093,163,467,synthetic
full_row,SYN0093,163,468,synthetic
full_row,SYN0093,163,469,synthetic
full_row,SYN0093,163,470,synthetic
full_row,SYN0093,163,471,synthetic
full_row,SYN0093,163,472,synthetic
full_row,SYN0093,163,473,synthetic
full_row,SYN0093,163,474,synthetic
full_row,SYN0093,163,475,synthetic
full_row,SYN0093,163,476,synthetic
full_row,SYN0093,163,477,synthetic
full_row,SYN0093,163,478,synthetic
full_row,SYN0093,163,479,synthetic
full_row,SYN0093,163,480,synthetic
full_row,SYN0093,163,481,synthetic
full_row,SYN0093,163,482,synthetic
full_row,SYN0093,163,483,synthetic
full_row,SYN0093,163,484,synthetic
full_row,SYN0093,163,485,synthetic
full_row,SYN0093,163,486,synthetic
full_row,SYN0093,163,487,synthetic
full_row,SYN0093,163,488,synthetic
full_row,SYN0093,163,489,synthetic
full_row,SYN0093,163,490,synthetic
full_row,SYN0093,163,491,synthetic
full_row,SYN0093,163,492,synthetic
full_row,SYN0093,163,493,synthetic
full_row,SYN0093,163,494,synthetic
full_row,SYN0093,163,495,synthetic
full_row,SYN0093,163,496,synthetic
full_row,SYN0093,163,497,synthetic
full_row,SYN0093,163,498,synthetic
full_row,SYN0093,163,499,synthetic
full_row,SYN0093,163,500,synthetic
full_row,SYN0093,163,501,synthetic
full_row,SYN0093,163,502,synthetic
full_row,SYN0093,163,503,synthetic
full_row,SYN0093,163,504,synthetic
full_row,SYN0093,163,505,synthetic
full_row,SYN0093,163,506,synthetic
full_row,SYN0093,163,507,synthetic
full_row,SYN0093,163,508,synthetic
full_row,SYN0093,163,509,synthetic
full_row,SYN0093,163,510,synthetic
full_row,SYN0093,163,511,synthetic
full_row,SYN0093,163,512,synthetic
full_row,SYN0093,163,513,synthetic
full_row,SYN0093,163,514,synthetic
full_row,SYN0093,163,515,synthetic
full_row,SYN0093,163,516,synthetic
full_row,SYN0093,163,517,synthetic
full_row,SYN0093,163,518,synthetic
full_row,SYN0093,163,519,synthetic
full_row,SYN0093,163,520,synthetic
full_row,SYN0093,163,521,synthetic
full_row,SYN0093,163,522,synthetic
full_row,SYN0093,163,523,synthetic
full_row,SYN0093,163,524,synthetic
full_row,SYN0093,163,525,synthetic
full_row,SYN0093,163,526,synthetic
full_row,SYN0093,163,527,synthetic
full_row,SYN0093,163,528,synthetic
full_row,SYN0093,163,529,synthetic
full_row,SYN0093,163,530,synthetic
full_row,SYN0093,163,531,synthetic
full_row,SYN0093,163,532,synthetic
full_row,SYN0093,163,533,synthetic
full_row,SYN0093,163,534,synthetic
full_row,SYN0093,163,535,synthetic
full_row,SYN0093,163,536,synthetic
full_row,SYN0093,163,537,synthetic
full_row,SYN0093,163,538,synthetic
full_row,SYN0093,163,539,synthetic
full_row,SYN0093,163,540,synthetic
full_row,SYN0093,163,541,synthetic
full_row,SYN0093,163,542,synthetic
full_row,SYN0093,163,543,synthetic
full_row,SYN0093,163,544,synthetic
full_row,SYN0093,163,545,synthetic
full_row,SYN0093,163,546,synthetic
full_row,SYN0093,163,547,synthetic
full_row,SYN0093,163,548,synthetic
full_row,SYN0093,163,549,synthetic
full_row,SYN0093,163,550,synthetic
full_row,SYN0093,163,551,synthetic
full_row,SYN0093,163,552,synthetic
full_row,SYN0093,163,553,synthetic
full_row,SYN0093,163,554,synthetic
full_row,SYN0093,163,555,synthetic
full_row,SYN0093,163,556,synthetic
full_row,SYN0093,163,557,synthetic
full_row,SYN0093,163,558,synthetic
full_row,SYN0093,163,559,synthetic
full_row,SYN0093,163,560,synthetic
full_row,SYN0093,163,561,synthetic
full_row,SYN0093,163,562,synthetic
full_row,SYN0093,163,563,synthetic
full_row,SYN0093,163,564,synthetic
full_row,SYN0093,163,565,synthetic
full_row,SYN0093,163,566,synthetic
full_row,SYN0093,163,567,synthetic
full_row,SYN0093,163,568,synthetic
full_row,SYN0093,163,569,synthetic
full_row,SYN0093,163,570,synthetic
full_row,SYN0093,163,571,synthetic
full_row,SYN0093,163,572,synthetic
full_row,SYN0093,163,573,synthetic
full_row,SYN0093,163,574,synthetic
full_row,SYN0093,163,575,synthetic
full_row,SYN0093,163,576,synthetic
full_row,SYN0093,163,577,synthetic
full_row,SYN0093,163,578,synthetic
full_row,SYN0093,163,579,synthetic
full_row,SYN0093,163,580,synthetic
full_row,SYN0093,163,581,synthetic
full_row,SYN0093,163,582,synthetic
full_row,SYN0093,163,583,synthetic
full_row,SYN0093,163,584,synthetic
full_row,SYN0093,163,585,synthetic
full_row,SYN0093,163,586,synthetic
full_row,SYN0093,163,587,synthetic
full_row,SYN0093,163,588,synthetic
full_row,SYN0093,163,589,synthetic
full_row,SYN0093,163,590,synthetic
full_row,SYN0093,163,591,synthetic
full_row,SYN0093,163,592,synthetic
full_row,SYN0093,163,593,synthetic
full_row,SYN0093,163,594,synthetic
full_row,SYN0093,163,595,synthetic
full_row,SYN0093,163,596,synthetic
full_row,SYN0093,163,597,synthetic
full_row,SYN0093,163,598,synthetic
full_row,SYN0093,163,599,synthetic
full_row,SYN0093,163,600,synthetic
full_row,SYN0093,163,601,synthetic
full_row,SYN0093,163,602,synthetic
full_row,SYN0093,163,603,synthetic
full_row,SYN0093,163,604,synthetic
full_row,SYN0093,163,605,synthetic
full_row,SYN0093,163,606,synthetic
full_row,SYN0093,163,607,synthetic
full_row,SYN0093,163,608,synthetic
full_row,SYN0093,163,609,synthetic
full_row,SYN0093,163,610,synthetic
full_row,SYN0093,163,611,synthetic
full_row,SYN0093,163,612,synthetic
full_row,SYN0093,163,613,synthetic
full_row,SYN0093,163,614,synthetic
full_row,SYN0093,163,615,synthetic
full_row,SYN0093,163,616,synthetic
full_row,SYN0093,163,617,synthetic
full_row,SYN0093,163,618,synthetic
full_row,SYN0093,163,619,synthetic
full_row,SYN0093,163,620,synthetic
full_row,SYN0093,163,621,synthetic
full_row,SYN0093,163,622,synthetic
full_row,SYN0093,163,623,synthetic
full_row,SYN0093,163,624,synthetic
full_row,SYN0093,163,625,synthetic
full_row,SYN0093,163,626,synthetic
full_row,SYN0093,163,627,synthetic
full_row,SYN0093,163,628,synthetic
full_row,SYN0093,163,629,synthetic
full_row,SYN0093,163,630,synthetic
full_row,SYN0093,163,631,synthetic
full_row,SYN0093,163,632,synthetic
full_row,SYN0093,163,633,synthetic
full_row,SYN0093,163,634,synthetic
full_row,SYN0093,163,635,synthetic
full_row,SYN0093,163,636,synthetic
full_row,SYN0093,163,637,synthetic
full_row,SYN0093,163,638,synthetic
full_row,SYN0093,163,639,synthetic
full_row,SYN0093,163,640,synthetic
full_row,SYN0093,163,641,synthetic
full_row,SYN0093,163,642,synthetic
full_row,SYN0093,163,643,synthetic
full_row,SYN0093,163,644,synthetic
full_row,SYN0093,163,645,synthetic
full_row,SYN0093,163,646,synthetic
full_row,SYN0093,163,647,synthetic
full_row,SYN0093,163,648,synthetic
full_row,SYN0093,163,649,synthetic
full_row,SYN0093,163,650,synthetic
full_row,SYN0093,163,651,synthetic
full_row,SYN0093,163,652,synthetic
full_row,SYN0093,163,653,synthetic
full_row,SYN0093,163,654,synthetic
full_row,SYN0093,163,655,synthetic
full_row,SYN0093,163,656,synthetic
full_row,SYN0093,163,657,synthetic
full_row,SYN0093,163,658,synthetic
full_row,SYN0093,163,659,synthetic
full_row,SYN0093,163,660,synthetic
full_row,SYN0093,163,661,synthetic
full_row,SYN0093,163,662,synthetic
full_row,SYN0093,163,663,synthetic
full_row,SYN0093,163,664,synthetic
full_row,SYN0093,163,665,synthetic
full_row,SYN0093,163,666,synthetic
full_row,SYN0093,163,667,synthetic
full_row,SYN0093,163,668,synthetic
full_row,SYN0093,163,669,synthetic
full_row,SYN0093,163,670,synthetic
full_row,SYN0093,163,671,synthetic
full_row,SYN0093,163,672,synthetic
full_row,SYN0093,163,673,synthetic
full_row,SYN0093,163,674,synthetic
full_row,SYN0093,163,675,synthetic
full_row,SYN0093,163,676,synthetic
full_row,SYN0093,163,677,synthetic
full_row,SYN0093,163,678,synthetic
full_row,SYN0093,163,679,synthetic
full_row,SYN0093,163,680,synthetic
full_row,SYN0093,163,681,synthetic
full_row,SYN0093,163,682,synthetic
full_row,SYN0093,163,683,synthetic
full_row,SYN0093,163,684,synthetic
full_row,SYN0093,163,685,synthetic
full_row,SYN0093,163,686,synthetic
full_row,SYN0093,163,687,synthetic
full_row,SYN0093,163,688,synthetic
full_row,SYN0093,163,689,synthetic
full_row,SYN0093,163,690,synthetic
full_row,SYN0093,163,691,synthetic
full_row,SYN0093,163,692,synthetic
full_row,SYN0093,163,693,synthetic
full_row,SYN0093,163,694,synthetic
full_row,SYN0093,163,695,synthetic
full_row,SYN0093,163,696,synthetic
full_row,SYN0093,163,697,synthetic
full_row,SYN0093,163,698,synthetic
full_row,SYN0093,163,699,synthetic
full_row,SYN0093,163,700,synthetic
full_row,SYN0093,163,701,synthetic
full_row,SYN0093,163,702,synthetic
full_row,SYN0093,163,703,synthetic
full_row,SYN0093,163,704,synthetic
full_row,SYN0093,163,705,synthetic
full_row,SYN0093,163,706,synthetic
full_row,SYN0093,163,707,synthetic
full_row,SYN0093,163,708,synthetic
full_row,SYN0093,163,709,synthetic
full_row,SYN0093,163,710,synthetic
full_row,SYN0093,163,711,synthetic
full_row,SYN0093,163,712,synthetic
full_row,SYN0093,163,713,synthetic
full_row,SYN0093,163,714,synthetic
full_row,SYN0093,163,715,synthetic
full_row,SYN0093,163,716,synthetic
full_row,SYN0093,163,717,synthetic
full_row,SYN0093,163,718,synthetic
full_row,SYN0093,163,719,synthetic
full_row,SYN0093,163,720,synthetic
full_row,SYN0093,163,721,synthetic
full_row,SYN0093,163,722,synthetic
full_row,SYN0093,163,723,synthetic
full_row,SYN0093,163,724,synthetic
full_row,SYN0093,163,725,synthetic
full_row,SYN0093,163,726,synthetic
full_row,SYN0093,163,727,synthetic
full_row,SYN0093,163,728,synthetic
full_row,SYN0093,163,729,synthetic
full_row,SYN0093,163,730,synthetic
full_row,SYN0093,163,731,synthetic
full_row,SYN0093,163,732,synthetic
full_row,SYN0093,163,733,synthetic
full_row,SYN0093,163,734,synthetic
full_row,SYN0093,163,735,synthetic
full_row,SYN0093,163,736,synthetic
full_row,SYN0093,163,737,synthetic
full_row,SYN0093,163,738,synthetic
full_row,SYN0093,163,739,synthetic
full_row,SYN0093,163,740,synthetic
full_row,SYN0093,163,741,synthetic
full_row,SYN0093,163,742,synthetic
full_row,SYN0093,163,743,synthetic
full_row,SYN0093,163,744,synthetic
full_row,SYN0093,163,745,synthetic
full_row,SYN0093,163,746,synthetic
full_row,SYN0093,163,747,synthetic
full_row,SYN0093,163,748,synthetic
full_row,SYN0093,163,749,synthetic
full_row,SYN0093,163,750,synthetic
full_row,SYN0093,163,751,synthetic
full_row,SYN0093,163,752,synthetic
full_row,SYN0093,163,753,synthetic
full_row,SYN0093,163,754,synthetic
full_row,SYN0093,163,755,synthetic
full_row,SYN0093,163,756,synthetic
full_row,SYN0093,163,757,synthetic
full_row,SYN0093,163,758,synthetic
full_row,SYN0093,163,759,synthetic
full_row,SYN0093,163,760,synthetic
full_row,SYN0093,163,761,synthetic
full_row,SYN0093,163,762,synthetic
full_row,SYN0093,163,763,synthetic
full_row,SYN0093,163,764,synthetic
full_row,SYN0093,163,765,synthetic
full_row,SYN0093,163,766,synthetic
full_row,SYN0093,163,767,synthetic
full_row,SYN0093,163,768,synthetic
full_row,SYN0093,163,769,synthetic
full_row,SYN0093,163,770,synthetic
full_row,SYN0093,163,771,synthetic
full_row,SYN0093,163,772,synthetic
full_row,SYN0093,163,773,synthetic
full_row,SYN0093,163,774,synthetic
full_row,SYN0093,163,775,synthetic
full_row,SYN0093,163,776,synthetic
full_row,SYN0093,163,777,synthetic
full_row,SYN0093,163,778,synthetic
full_row,SYN0093,163,779,synthetic
full_row,SYN0093,163,780,synthetic
full_row,SYN0093,163,781,synthetic
full_row,SYN0093,163,782,synthetic
full_row,SYN0093,163,783,synthetic
full_row,SYN0093,163,784,synthetic
full_row,SYN0093,163,785,synthetic
full_row,SYN0093,163,786,synthetic
full_row,SYN0093,163,787,synthetic
full_row,SYN0093,163,788,synthetic
full_row,SYN0093,163,789,synthetic
full_row,SYN0093,163,790,synthetic
full_row,SYN0093,163,791,synthetic
full_row,SYN0093,163,792,synthetic
full_row,SYN0093,163,793,synthetic
full_row,SYN0093,163,794,synthetic
full_row,SYN0093,163,795,synthetic
full_row,SYN0093,163,796,synthetic
full_row,SYN0093,163,797,synthetic
full_row,SYN0093,163,798,synthetic
full_row,SYN0093,163,799,synthetic
full_row,SYN0093,163,800,synthetic
full_row,SYN0093,163,801,synthetic
full_row,SYN0093,163,802,synthetic
full_row,SYN0093,163,803,synthetic
full_row,SYN0093,163,804,synthetic
full_row,SYN0093,163,805,synthetic
full_row,SYN0093,163,806,synthetic
full_row,SYN0093,163,807,synthetic
full_row,SYN0093,163,808,synthetic
full_row,SYN0093,163,809,synthetic
full_row,SYN0093,163,810,synthetic
full_row,SYN0093,163,811,synthetic
full_row,SYN0093,163,812,synthetic
full_row,SYN0093,163,813,synthetic
full_row,SYN0093,163,814,synthetic
full_row,SYN0093,163,815,synthetic
full_row,SYN0093,163,816,synthetic
full_row,SYN0093,163,817,synthetic
full_row,SYN0093,163,818,synthetic
full_row,SYN0093,163,819,synthetic
full_row,SYN0093,163,820,synthetic
full_row,SYN0093,163,821,synthetic
full_row,SYN0093,163,822,synthetic
full_row,SYN0093,163,823,synthetic
full_row,SYN0093,163,824,synthetic
full_row,SYN0093,163,825,synthetic
full_row,SYN0093,163,826,synthetic
full_row,SYN0093,163,827,synthetic
full_row,SYN0093,163,828,synthetic
full_row,SYN0093,163,829,synthetic
full_row,SYN0093,163,830,synthetic
full_row,SYN0093,163,831,synthetic
full_row,SYN0093,163,832,synthetic
full_row,SYN0093,163,833,synthetic
full_row,SYN0093,163,834,synthetic
full_row,SYN0093,163,835,synthetic
full_row,SYN0093,163,836,synthetic
full_row,SYN0093,163,837,synthetic
full_row,SYN0093,163,838,synthetic
full_row,SYN0093,163,839,synthetic
full_row,SYN0093,163,840,synthetic
full_row,SYN0093,163,841,synthetic
full_row,SYN0093,163,842,synthetic
full_row,SYN0093,163,843,synthetic
full_row,SYN0093,163,844,synthetic
full_row,SYN0093,163,845,synthetic
full_row,SYN0093,163,846,synthetic
full_row,SYN0093,163,847,synthetic
full_row,SYN0093,163,848,synthetic
full_row,SYN0093,163,849,synthetic
full_row,SYN0093,163,850,synthetic
full_row,SYN0093,163,851,synthetic
full_row,SYN0093,163,852,synthetic
full_row,SYN0093,163,853,synthetic
full_row,SYN0093,163,854,synthetic
full_row,SYN0093,163,855,synthetic
full_row,SYN0093,163,856,synthetic
full_row,SYN0093,163,857,synthetic
full_row,SYN0093,163,858,synthetic
full_row,SYN0093,163,859,synthetic
full_row,SYN0093,163,860,synthetic
full_row,SYN0093,163,861,synthetic
full_row,SYN0093,163,862,synthetic
full_row,SYN0093,163,863,synthetic
full_row,SYN0093,163,864,synthetic
full_row,SYN0093,163,865,synthetic
full_row,SYN0093,163,866,synthetic
full_row,SYN0093,163,867,synthetic
full_row,SYN0093,163,868,synthetic
full_row,SYN0093,163,869,synthetic
full_row,SYN0093,163,870,synthetic
full_row,SYN0093,163,871,synthetic
full_row,SYN0093,163,872,synthetic
full_row,SYN0093,163,873,synthetic
full_row,SYN0093,163,874,synthetic
full_row,SYN0093,163,875,synthetic
full_row,SYN0093,163,876,synthetic
full_row,SYN0093,163,877,synthetic
full_row,SYN0093,163,878,synthetic
full_row,SYN0093,163,879,synthetic
full_row,SYN0093,163,880,synthetic
full_row,SYN0093,163,881,synthetic
full_row,SYN0093,163,882,synthetic
full_row,SYN0093,163,883,synthetic
full_row,SYN0093,163,884,synthetic
full_row,SYN0093,163,885,synthetic
full_row,SYN0093,163,886,synthetic
full_row,SYN0093,163,887,synthetic
full_row,SYN0093,163,888,synthetic
full_row,SYN0093,163,889,synthetic
full_row,SYN0093,163,890,synthetic
full_row,SYN0093,163,891,synthetic
full_row,SYN0093,163,892,synthetic
full_row,SYN0093,163,893,synthetic
full_row,SYN0093,163,894,synthetic
full_row,SYN0093,163,895,synthetic
full_row,SYN0093,163,896,synthetic
full_row,SYN0093,163,897,synthetic
full_row,SYN0093,163,898,synthetic
full_row,SYN0093,163,899,synthetic
full_row,SYN0093,163,900,synthetic
full_row,SYN0093,163,901,synthetic
full_row,SYN0093,163,902,synthetic
full_row,SYN0093,163,903,synthetic
full_row,SYN0093,163,904,synthetic
full_row,SYN0093,163,905,synthetic
full_row,SYN0093,163,906,synthetic
full_row,SYN0093,163,907,synthetic
full_row,SYN0093,163,908,synthetic
full_row,SYN0093,163,909,synthetic
full_row,SYN0093,163,910,synthetic
full_row,SYN0093,163,911,synthetic
full_row,SYN0093,163,912,synthetic
full_row,SYN0093,163,913,synthetic
full_row,SYN0093,163,914,synthetic
full_row,SYN0093,163,915,synthetic
full_row,SYN0093,163,916,synthetic
full_row,SYN0093,163,917,synthetic
full_row,SYN0093,163,918,synthetic
full_row,SYN0093,163,919,synthetic
full_row,SYN0093,163,920,synthetic
full_row,SYN0093,163,921,synthetic
full_row,SYN0093,163,922,synthetic
full_row,SYN0093,163,923,synthetic
full_row,SYN0093,163,924,synthetic
full_row,SYN0093,163,925,synthetic
full_row,SYN0093,163,926,synthetic
full_row,SYN0093,163,927,synthetic
full_row,SYN0093,163,928,synthetic
full_row,SYN0093,163,929,synthetic
full_row,SYN0093,163,930,synthetic
full_row,SYN0093,163,931,synthetic
full_row,SYN0093,163,932,synthetic
full_row,SYN0093,163,933,synthetic
full_row,SYN0093,163,934,synthetic
full_row,SYN0093,163,935,synthetic
full_row,SYN0093,163,936,synthetic
full_row,SYN0093,163,937,synthetic
full_row,SYN0093,163,938,synthetic
full_row,SYN0093,163,939,synthetic
full_row,SYN0093,163,940,synthetic
full_row,SYN0093,163,941,synthetic
full_row,SYN0093,163,942,synthetic
full_row,SYN0093,163,943,synthetic
full_row,SYN0093,163,944,synthetic
full_row,SYN0093,163,945,synthetic
full_row,SYN0093,163,946,synthetic
full_row,SYN0093,163,947,synthetic
full_row,SYN0093,163,948,synthetic
full_row,SYN0093,163,949,synthetic
full_row,SYN0093,163,950,synthetic
full_row,SYN0093,163,951,synthetic
full_row,SYN0093,163,952,synthetic
full_row,SYN0093,163,953,synthetic
full_row,SYN0093,163,954,synthetic
full_row,SYN0093,163,955,synthetic
full_row,SYN0093,163,956,synthetic
full_row,SYN0093,163,957,synthetic
full_row,SYN0093,163,958,synthetic
full_row,SYN0093,163,959,synthetic
full_row,SYN0093,163,960,synthetic
full_row,SYN0093,163,961,synthetic
full_row,SYN0093,163,962,synthetic
full_row,SYN0093,163,963,synthetic
full_row,SYN0093,163,964,synthetic
full_row,SYN0093,163,965,synthetic
full_row,SYN0093,163,966,synthetic
full_row,SYN0093,163,967,synthetic
full_row,SYN0093,163,968,synthetic
full_row,SYN0093,163,969,synthetic
full_row,SYN0093,163,970,synthetic
full_row,SYN0093,163,971,synthetic
full_row,SYN0093,163,972,synthetic
full_row,SYN0093,163,973,synthetic
full_row,SYN0093,163,974,synthetic
full_row,SYN0093,163,975,synthetic
full_row,SYN0093,163,976,synthetic
full_row,SYN0093,163,977,synthetic
full_row,SYN0093,163,978,synthetic
full_row,SYN0093,163,979,synthetic
full_row,SYN0093,163,980,synthetic
full_row,SYN0093,163,981,synthetic
full_row,SYN0093,163,982,synthetic
full_row,SYN0093,163,983,synthetic
full_row,SYN0093,163,984,synthetic
full_row,SYN0093,163,985,synthetic
full_row,SYN0093,163,986,synthetic
full_row,SYN0093,163,987,synthetic
full_row,SYN0093,163,988,synthetic
full_row,SYN0093,163,989,synthetic
full_row,SYN0093,163,990,synthetic
full_row,SYN0093,163,991,synthetic
full_row,SYN0093,163,992,synthetic
full_row,SYN0093,163,993,synthetic
full_row,SYN0093,163,994,synthetic
full_row,SYN0093,163,995,synthetic
full_row,SYN0093,163,996,synthetic
full_row,SYN0093,163,997,synthetic
full_row,SYN0093,163,998,synthetic
full_row,SYN0093,163,999,synthetic
full_row,SYN0093,163,1000,synthetic
full_row,SYN0093,163,1001,synthetic
full_row,SYN0093,163,1002,synthetic
full_row,SYN0093,163,1003,synthetic
full_row,SYN0093,163,1004,synthetic
full_row,SYN0093,163,1005,synthetic
full_row,SYN0093,163,1006,synthetic
full_row,SYN0093,163,1007,synthetic
full_row,SYN0093,163,1008,synthetic
full_row,SYN0093,163,1009,synthetic
full_row,SYN0093,163,1010,synthetic
full_row,SYN0093,163,1011,synthetic
full_row,SYN0093,163,1012,synthetic
full_row,SYN0093,163,1013,synthetic
full_row,SYN0093,163,1014,synthetic
full_row,SYN0093,163,1015,synthetic
full_row,SYN0093,163,1016,synthetic
full_row,SYN0093,163,1017,synthetic
full_row,SYN0093,163,1018,synthetic
full_row,SYN0093,163,1019,synthetic
full_row,SYN0093,163,1020,synthetic
full_row,SYN0093,163,1021,synthetic
full_row,SYN0093,163,1022,synthetic
full_row,SYN0093,163,1023,synthetic
full_row,SYN0094,242,0,synthetic
full_row,SYN0094,242,1,synthetic
full_row,SYN0094,242,2,synthetic
full_row,SYN0094,242,3,synthetic
full_row,SYN0094,242,4,synthetic
full_row,SYN0094,242,5,synthetic
full_row,SYN0094,242,6,synthetic
full_row,SYN0094,242,7,synthetic
full_row,SYN0094,242,8,synthetic
full_row,SYN0094,242,9,synthetic
full_row,SYN0094,242,10,synthetic
full_row,SYN0094,242,11,synthetic
full_row,SYN0094,242,12,synthetic
full_row,SYN0094,242,13,synthetic
full_row,SYN0094,242,14,synthetic
full_row,SYN0094,242,15,synthetic
full_row,SYN0094,242,16,synthetic
full_row,SYN0094,242,17,synthetic
full_row,SYN0094,242,18,synthetic
full_row,SYN0094,242,19,synthetic
full_row,SYN0094,242,20,synthetic
full_row,SYN0094,242,21,synthetic
full_row,SYN0094,242,22,synthetic
full_row,SYN0094,242,23,synthetic
full_row,SYN0094,242,24,synthetic
full_row,SYN0094,242,25,synthetic
full_row,SYN0094,242,26,synthetic
full_row,SYN0094,242,27,synthetic
full_row,SYN0094,242,28,synthetic
full_row,SYN0094,242,29,synthetic
full_row,SYN0094,242,30,synthetic
full_row,SYN0094,242,31,synthetic
full_row,SYN0094,242,32,synthetic
full_row,SYN0094,242,33,synthetic
full_row,SYN0094,242,34,synthetic
full_row,SYN0094,242,35,synthetic
full_row,SYN0094,242,36,synthetic
full_row,SYN0094,242,37,synthetic
full_row,SYN0094,242,38,synthetic
full_row,SYN0094,242,39,synthetic
full_row,SYN0094,242,40,synthetic
full_row,SYN0094,242,41,synthetic
full_row,SYN0094,242,42,synthetic
full_row,SYN0094,242,43,synthetic
full_row,SYN0094,242,44,synthetic
full_row,SYN0094,242,45,synthetic
full_row,SYN0094,242,46,synthetic
full_row,SYN0094,242,47,synthetic
full_row,SYN0094,242,48,synthetic
full_row,SYN0094,242,49,synthetic
full_row,SYN0094,242,50,synthetic
full_row,SYN0094,242,51,synthetic
full_row,SYN0094,242,52,synthetic
full_row,SYN0094,242,53,synthetic
full_row,SYN0094,242,54,synthetic
full_row,SYN0094,242,55,synthetic
full_row,SYN0094,242,56,synthetic
full_row,SYN0094,242,57,synthetic
full_row,SYN0094,242,58,synthetic
full_row,SYN0094,242,59,synthetic
full_row,SYN0094,242,60,synthetic
full_row,SYN0094,242,61,synthetic
full_row,SYN0094,242,62,synthetic
full_row,SYN0094,242,63,synthetic
full_row,SYN0094,242,64,synthetic
full_row,SYN0094,242,65,synthetic
full_row,SYN0094,242,66,synthetic
full_row,SYN0094,242,67,synthetic
full_row,SYN0094,242,68,synthetic
full_row,SYN0094,242,69,synthetic
full_row,SYN0094,242,70,synthetic
full_row,SYN0094,242,71,synthetic
full_row,SYN0094,242,72,synthetic
full_row,SYN0094,242,73,synthetic
full_row,SYN0094,242,74,synthetic
full_row,SYN0094,242,75,synthetic
full_row,SYN0094,242,76,synthetic
full_row,SYN0094,242,77,synthetic
full_row,SYN0094,242,78,synthetic
full_row,SYN0094,242,79,synthetic
full_row,SYN0094,242,80,synthetic
full_row,SYN0094,242,81,synthetic
full_row,SYN0094,242,82,synthetic
full_row,SYN0094,242,83,synthetic
full_row,SYN0094,242,84,synthetic
full_row,SYN0094,242,85,synthetic
full_row,SYN0094,242,86,synthetic
full_row,SYN0094,242,87,synthetic
full_row,SYN0094,242,88,synthetic
full_row,SYN0094,242,89,synthetic
full_row,SYN0094,242,90,synthetic
full_row,SYN0094,242,91,synthetic
full_row,SYN0094,242,92,synthetic
full_row,SYN0094,242,93,synthetic
full_row,SYN0094,242,94,synthetic
full_row,SYN0094,242,95,synthetic
full_row,SYN0094,242,96,synthetic
full_row,SYN0094,242,97,synthetic
full_row,SYN0094,242,98,synthetic
full_row,SYN0094,242,99,synthetic
full_row,SYN0094,242,100,synthetic
full_row,SYN0094,242,101,synthetic
full_row,SYN0094,242,102,synthetic
full_row,SYN0094,242,103,synthetic
full_row,SYN0094,242,104,synthetic
full_row,SYN0094,242,105,synthetic
full_row,SYN0094,242,106,synthetic
full_row,SYN0094,242,107,synthetic
full_row,SYN0094,242,108,synthetic
full_row,SYN0094,242,109,synthetic
full_row,SYN0094,242,110,synthetic
full_row,SYN0094,242,111,synthetic
full_row,SYN0094,242,112,synthetic
full_row,SYN0094,242,113,synthetic
full_row,SYN0094,242,114,synthetic
full_row,SYN0094,242,115,synthetic
full_row,SYN0094,242,116,synthetic
full_row,SYN0094,242,117,synthetic
full_row,SYN0094,242,118,synthetic
full_row,SYN0094,242,119,synthetic
full_row,SYN0094,242,120,synthetic
full_row,SYN0094,242,121,synthetic
full_row,SYN0094,242,122,synthetic
full_row,SYN0094,242,123,synthetic
full_row,SYN0094,242,124,synthetic
full_row,SYN0094,242,125,synthetic
full_row,SYN0094,242,126,synthetic
full_row,SYN0094,242,127,synthetic
full_row,SYN0094,242,128,synthetic
full_row,SYN0094,242,129,synthetic
full_row,SYN0094,242,130,synthetic
full_row,SYN0094,242,131,synthetic
full_row,SYN0094,242,132,synthetic
full_row,SYN0094,242,133,synthetic
full_row,SYN0094,242,134,synthetic
full_row,SYN0094,242,135,synthetic
full_row,SYN0094,242,136,synthetic
full_row,SYN0094,242,137,synthetic
full_row,SYN0094,242,138,synthetic
full_row,SYN0094,242,139,synthetic
full_row,SYN0094,242,140,synthetic
full_row,SYN0094,242,141,synthetic
full_row,SYN0094,242,142,synthetic
full_row,SYN0094,242,143,synthetic
full_row,SYN0094,242,144,synthetic
full_row,SYN0094,242,145,synthetic
full_row,SYN0094,242,146,synthetic
full_row,SYN0094,242,147,synthetic
full_row,SYN0094,242,148,synthetic
full_row,SYN0094,242,149,synthetic
full_row,SYN0094,242,150,synthetic
full_row,SYN0094,242,151,synthetic
full_row,SYN0094,242,152,synthetic
full_row,SYN0094,242,153,synthetic
full_row,SYN0094,242,154,synthetic
full_row,SYN0094,242,155,synthetic
full_row,SYN0094,242,156,synthetic
full_row,SYN0094,242,157,synthetic
full_row,SYN0094,242,158,synthetic
full_row,SYN0094,242,159,synthetic
full_row,SYN0094,242,160,synthetic
full_row,SYN0094,242,161,synthetic
full_row,SYN0094,242,162,synthetic
full_row,SYN0094,242,163,synthetic
full_row,SYN0094,242,164,synthetic
full_row,SYN0094,242,165,synthetic
full_row,SYN0094,242,166,synthetic
full_row,SYN0094,242,167,synthetic
full_row,SYN0094,242,168,synthetic
full_row,SYN0094,242,169,synthetic
full_row,SYN0094,242,170,synthetic
full_row,SYN0094,242,171,synthetic
full_row,SYN0094,242,172,synthetic
full_row,SYN0094,242,173,synthetic
full_row,SYN0094,242,174,synthetic
full_row,SYN0094,242,175,synthetic
full_row,SYN0094,242,176,synthetic
full_row,SYN0094,242,177,synthetic
full_row,SYN0094,242,178,synthetic
full_row,SYN0094,242,179,synthetic
full_row,SYN0094,242,180,synthetic
full_row,SYN0094,242,181,synthetic
full_row,SYN0094,242,182,synthetic
full_row,SYN0094,242,183,synthetic
full_row,SYN0094,242,184,synthetic
full_row,SYN0094,242,185,synthetic
full_row,SYN0094,242,186,synthetic
full_row,SYN0094,242,187,synthetic
full_row,SYN0094,242,188,synthetic
full_row,SYN0094,242,189,synthetic
full_row,SYN0094,242,190,synthetic
full_row,SYN0094,242,191,synthetic
full_row,SYN0094,242,192,synthetic
full_row,SYN0094,242,193,synthetic
full_row,SYN0094,242,194,synthetic
full_row,SYN0094,242,195,synthetic
full_row,SYN0094,242,196,synthetic
full_row,SYN0094,242,197,synthetic
full_row,SYN0094,242,198,synthetic
full_row,SYN0094,242,199,synthetic
full_row,SYN0094,242,200,synthetic
full_row,SYN0094,242,201,synthetic
full_row,SYN0094,242,202,synthetic
full_row,SYN0094,242,203,synthetic
full_row,SYN0094,242,204,synthetic
full_row,SYN0094,242,205,synthetic
full_row,SYN0094,242,206,synthetic
full_row,SYN0094,242,207,synthetic
full_row,SYN0094,242,208,synthetic
full_row,SYN0094,242,209,synthetic
full_row,SYN0094,242,210,synthetic
full_row,SYN0094,242,211,synthetic
full_row,SYN0094,242,212,synthetic
full_row,SYN0094,242,213,synthetic
full_row,SYN0094,242,214,synthetic
full_row,SYN0094,242,215,synthetic
full_row,SYN0094,242,216,synthetic
full_row,SYN0094,242,217,synthetic
full_row,SYN0094,242,218,synthetic
full_row,SYN0094,242,219,synthetic
full_row,SYN0094,242,220,synthetic
full_row,SYN0094,242,221,synthetic
full_row,SYN0094,242,222,synthetic
full_row,SYN0094,242,223,synthetic
full_row,SYN0094,242,224,synthetic
full_row,SYN0094,242,225,synthetic
full_row,SYN0094,242,226,synthetic
full_row,SYN0094,242,227,synthetic
full_row,SYN0094,242,228,synthetic
full_row,SYN0094,242,229,synthetic
full_row,SYN0094,242,230,synthetic
full_row,SYN0094,242,231,synthetic
full_row,SYN0094,242,232,synthetic
full_row,SYN0094,242,233,synthetic
full_row,SYN0094,242,234,synthetic
full_row,SYN0094,242,235,synthetic
full_row,SYN0094,242,236,synthetic
full_row,SYN0094,242,237,synthetic
full_row,SYN0094,242,238,synthetic
full_row,SYN0094,242,239,synthetic
full_row,SYN0094,242,240,synthetic
full_row,SYN0094,242,241,synthetic
full_row,SYN0094,242,242,synthetic
full_row,SYN0094,242,243,synthetic
full_row,SYN0094,242,244,synthetic
full_row,SYN0094,242,245,synthetic
full_row,SYN0094,242,246,synthetic
full_row,SYN0094,242,247,synthetic
full_row,SYN0094,242,248,synthetic
full_row,SYN0094,242,249,synthetic
full_row,SYN0094,242,250,synthetic
full_row,SYN0094,242,251,synthetic
full_row,SYN0094,242,252,synthetic
full_row,SYN0094,242,253,synthetic
full_row,SYN0094,242,254,synthetic
full_row,SYN0094,242,255,synthetic
full_row,SYN0094,242,256,synthetic
full_row,SYN0094,242,257,synthetic
full_row,SYN0094,242,258,synthetic
full_row,SYN0094,242,259,synthetic
full_row,SYN0094,242,260,synthetic
full_row,SYN0094,242,261,synthetic
full_row,SYN0094,242,262,synthetic
full_row,SYN0094,242,263,synthetic
full_row,SYN0094,242,264,synthetic
full_row,SYN0094,242,265,synthetic
full_row,SYN0094,242,266,synthetic
full_row,SYN0094,242,267,synthetic
full_row,SYN0094,242,268,synthetic
full_row,SYN0094,242,269,synthetic
full_row,SYN0094,242,270,synthetic
full_row,SYN0094,242,271,synthetic
full_row,SYN0094,242,272,synthetic
full_row,SYN0094,242,273,synthetic
full_row,SYN0094,242,274,synthetic
full_row,SYN0094,242,275,synthetic
full_row,SYN0094,242,276,synthetic
full_row,SYN0094,242,277,synthetic
full_row,SYN0094,242,278,synthetic
full_row,SYN0094,242,279,synthetic
full_row,SYN0094,242,280,synthetic
full_row,SYN0094,242,281,synthetic
full_row,SYN0094,242,282,synthetic
full_row,SYN0094,242,283,synthetic
full_row,SYN0094,242,284,synthetic
full_row,SYN0094,242,285,synthetic
full_row,SYN0094,242,286,synthetic
full_row,SYN0094,242,287,synthetic
full_row,SYN0094,242,288,synthetic
full_row,SYN0094,242,289,synthetic
full_row,SYN0094,242,290,synthetic
full_row,SYN0094,242,291,synthetic
full_row,SYN0094,242,292,synthetic
full_row,SYN0094,242,293,synthetic
full_row,SYN0094,242,294,synthetic
full_row,SYN0094,242,295,synthetic
full_row,SYN0094,242,296,synthetic
full_row,SYN0094,242,297,synthetic
full_row,SYN0094,242,298,synthetic
full_row,SYN0094,242,299,synthetic
full_row,SYN0094,242,300,synthetic
full_row,SYN0094,242,301,synthetic
full_row,SYN0094,242,302,synthetic
full_row,SYN0094,242,303,synthetic
full_row,SYN0094,242,304,synthetic
full_row,SYN0094,242,305,synthetic
full_row,SYN0094,242,306,synthetic
full_row,SYN0094,242,307,synthetic
full_row,SYN0094,242,308,synthetic
full_row,SYN0094,242,309,synthetic
full_row,SYN0094,242,310,synthetic
full_row,SYN0094,242,311,synthetic
full_row,SYN0094,242,312,synthetic
full_row,SYN0094,242,313,synthetic
full_row,SYN0094,242,314,synthetic
full_row,SYN0094,242,315,synthetic
full_row,SYN0094,242,316,synthetic
full_row,SYN0094,242,317,synthetic
full_row,SYN0094,242,318,synthetic
full_row,SYN0094,242,319,synthetic
full_row,SYN0094,242,320,synthetic
full_row,SYN0094,242,321,synthetic
full_row,SYN0094,242,322,synthetic
full_row,SYN0094,242,323,synthetic
full_row,SYN0094,242,324,synthetic
full_row,SYN0094,242,325,synthetic
full_row,SYN0094,242,326,synthetic
full_row,SYN0094,242,327,synthetic
full_row,SYN0094,242,328,synthetic
full_row,SYN0094,242,329,synthetic
full_row,SYN0094,242,330,synthetic
full_row,SYN0094,242,331,synthetic
full_row,SYN0094,242,332,synthetic
full_row,SYN0094,242,333,synthetic
full_row,SYN0094,242,334,synthetic
full_row,SYN0094,242,335,synthetic
full_row,SYN0094,242,336,synthetic
full_row,SYN0094,242,337,synthetic
full_row,SYN0094,242,338,synthetic
full_row,SYN0094,242,339,synthetic
full_row,SYN0094,242,340,synthetic
full_row,SYN0094,242,341,synthetic
full_row,SYN0094,242,342,synthetic
full_row,SYN0094,242,343,synthetic
full_row,SYN0094,242,344,synthetic
full_row,SYN0094,242,345,synthetic
full_row,SYN0094,242,346,synthetic
full_row,SYN0094,242,347,synthetic
full_row,SYN0094,242,348,synthetic
full_row,SYN0094,242,349,synthetic
full_row,SYN0094,242,350,synthetic
full_row,SYN0094,242,351,synthetic
full_row,SYN0094,242,352,synthetic
full_row,SYN0094,242,353,synthetic
full_row,SYN0094,242,354,synthetic
full_row,SYN0094,242,355,synthetic
full_row,SYN0094,242,356,synthetic
full_row,SYN0094,242,357,synthetic
full_row,SYN0094,242,358,synthetic
full_row,SYN0094,242,359,synthetic
full_row,SYN0094,242,360,synthetic
full_row,SYN0094,242,361,synthetic
full_row,SYN0094,242,362,synthetic
full_row,SYN0094,242,363,synthetic
full_row,SYN0094,242,364,synthetic
full_row,SYN0094,242,365,synthetic
full_row,SYN0094,242,366,synthetic
full_row,SYN0094,242,367,synthetic
full_row,SYN0094,242,368,synthetic
full_row,SYN0094,242,369,synthetic
full_row,SYN0094,242,370,synthetic
full_row,SYN0094,242,371,synthetic
full_row,SYN0094,242,372,synthetic
full_row,SYN0094,242,373,synthetic
full_row,SYN0094,242,374,synthetic
full_row,SYN0094,242,375,synthetic
full_row,SYN0094,242,376,synthetic
full_row,SYN0094,242,377,synthetic
full_row,SYN0094,242,378,synthetic
full_row,SYN0094,242,379,synthetic
full_row,SYN0094,242,380,synthetic
full_row,SYN0094,242,381,synthetic
full_row,SYN0094,242,382,synthetic
full_row,SYN0094,242,383,synthetic
full_row,SYN0094,242,384,synthetic
full_row,SYN0094,242,385,synthetic
full_row,SYN0094,242,386,synthetic
full_row,SYN0094,242,387,synthetic
full_row,SYN0094,242,388,synthetic
full_row,SYN0094,242,389,synthetic
full_row,SYN0094,242,390,synthetic
full_row,SYN0094,242,391,synthetic
full_row,SYN0094,242,392,synthetic
full_row,SYN0094,242,393,synthetic
full_row,SYN0094,242,394,synthetic
full_row,SYN0094,242,395,synthetic
full_row,SYN0094,242,396,synthetic
full_row,SYN0094,242,397,synthetic
full_row,SYN0094,242,398,synthetic
full_row,SYN0094,242,399,synthetic
full_row,SYN0094,242,400,synthetic
full_row,SYN0094,242,401,synthetic
full_row,SYN0094,242,402,synthetic
full_row,SYN0094,242,403,synthetic
full_row,SYN0094,242,404,synthetic
full_row,SYN0094,242,405,synthetic
full_row,SYN0094,242,406,synthetic
full_row,SYN0094,242,407,synthetic
full_row,SYN0094,242,408,synthetic
full_row,SYN0094,242,409,synthetic
full_row,SYN0094,242,410,synthetic
full_row,SYN0094,242,411,synthetic
full_row,SYN0094,242,412,synthetic
full_row,SYN0094,242,413,synthetic
full_row,SYN0094,242,414,synthetic
full_row,SYN0094,242,415,synthetic
full_row,SYN0094,242,416,synthetic
full_row,SYN0094,242,417,synthetic
full_row,SYN0094,242,418,synthetic
full_row,SYN0094,242,419,synthetic
full_row,SYN0094,242,420,synthetic
full_row,SYN0094,242,421,synthetic
full_row,SYN0094,242,422,synthetic
full_row,SYN0094,242,423,synthetic
full_row,SYN0094,242,424,synthetic
full_row,SYN0094,242,425,synthetic
full_row,SYN0094,242,426,synthetic
full_row,SYN0094,242,427,synthetic
full_row,SYN0094,242,428,synthetic
full_row,SYN0094,242,429,synthetic
full_row,SYN0094,242,430,synthetic
full_row,SYN0094,242,431,synthetic
full_row,SYN0094,242,432,synthetic
full_row,SYN0094,242,433,synthetic
full_row,SYN0094,242,434,synthetic
full_row,SYN0094,242,435,synthetic
full_row,SYN0094,242,436,synthetic
full_row,SYN0094,242,437,synthetic
full_row,SYN0094,242,438,synthetic
full_row,SYN0094,242,439,synthetic
full_row,SYN0094,242,440,synthetic
full_row,SYN0094,242,441,synthetic
full_row,SYN0094,242,442,synthetic
full_row,SYN0094,242,443,synthetic
full_row,SYN0094,242,444,synthetic
full_row,SYN0094,242,445,synthetic
full_row,SYN0094,242,446,synthetic
full_row,SYN0094,242,447,synthetic
full_row,SYN0094,242,448,synthetic
full_row,SYN0094,242,449,synthetic
full_row,SYN0094,242,450,synthetic
full_row,SYN0094,242,451,synthetic
full_row,SYN0094,242,452,synthetic
full_row,SYN0094,242,453,synthetic
full_row,SYN0094,242,454,synthetic
full_row,SYN0094,242,455,synthetic
full_row,SYN0094,242,456,synthetic
full_row,SYN0094,242,457,synthetic
full_row,SYN0094,242,458,synthetic
full_row,SYN0094,242,459,synthetic
full_row,SYN0094,242,460,synthetic
full_row,SYN0094,242,461,synthetic
full_row,SYN0094,242,462,synthetic
full_row,SYN0094,242,463,synthetic
full_row,SYN0094,242,464,synthetic
full_row,SYN0094,242,465,synthetic
full_row,SYN0094,242,466,synthetic
full_row,SYN0094,242,467,synthetic
full_row,SYN0094,242,468,synthetic
full_row,SYN0094,242,469,synthetic
full_row,SYN0094,242,470,synthetic
full_row,SYN0094,242,471,synthetic
full_row,SYN0094,242,472,synthetic
full_row,SYN0094,242,473,synthetic
full_row,SYN0094,242,474,synthetic
full_row,SYN0094,242,475,synthetic
full_row,SYN0094,242,476,synthetic
full_row,SYN0094,242,477,synthetic
full_row,SYN0094,242,478,synthetic
full_row,SYN0094,242,479,synthetic
full_row,SYN0094,242,480,synthetic
full_row,SYN0094,242,481,synthetic
full_row,SYN0094,242,482,synthetic
full_row,SYN0094,242,483,synthetic
full_row,SYN0094,242,484,synthetic
full_row,SYN0094,242,485,synthetic
full_row,SYN0094,242,486,synthetic
full_row,SYN0094,242,487,synthetic
full_row,SYN0094,242,488,synthetic
full_row,SYN0094,242,489,synthetic
full_row,SYN0094,242,490,synthetic
full_row,SYN0094,242,491,synthetic
full_row,SYN0094,242,492,synthetic
full_row,SYN0094,242,493,synthetic
full_row,SYN0094,242,494,synthetic
full_row,SYN0094,242,495,synthetic
full_row,SYN0094,242,496,synthetic
full_row,SYN0094,242,497,synthetic
full_row,SYN0094,242,498,synthetic
full_row,SYN0094,242,499,synthetic
full_row,SYN0094,242,500,synthetic
full_row,SYN0094,242,501,synthetic
full_row,SYN0094,242,502,synthetic
full_row,SYN0094,242,503,synthetic
full_row,SYN0094,242,504,synthetic
full_row,SYN0094,242,505,synthetic
full_row,SYN0094,242,506,synthetic
full_row,SYN0094,242,507,synthetic
full_row,SYN0094,242,508,synthetic
full_row,SYN0094,242,509,synthetic
full_row,SYN0094,242,510,synthetic
full_row,SYN0094,242,511,synthetic
full_row,SYN0094,242,512,synthetic
full_row,SYN0094,242,513,synthetic
full_row,SYN0094,242,514,synthetic
full_row,SYN0094,242,515,synthetic
full_row,SYN0094,242,516,synthetic
full_row,SYN0094,242,517,synthetic
full_row,SYN0094,242,518,synthetic
full_row,SYN0094,242,519,synthetic
full_row,SYN0094,242,520,synthetic
full_row,SYN0094,242,521,synthetic
full_row,SYN0094,242,522,synthetic
full_row,SYN0094,242,523,synthetic
full_row,SYN0094,242,524,synthetic
full_row,SYN0094,242,525,synthetic
full_row,SYN0094,242,526,synthetic
full_row,SYN0094,242,527,synthetic
full_row,SYN0094,242,528,synthetic
full_row,SYN0094,242,529,synthetic
full_row,SYN0094,242,530,synthetic
full_row,SYN0094,242,531,synthetic
full_row,SYN0094,242,532,synthetic
full_row,SYN0094,242,533,synthetic
full_row,SYN0094,242,534,synthetic
full_row,SYN0094,242,535,synthetic
full_row,SYN0094,242,536,synthetic
full_row,SYN0094,242,537,synthetic
full_row,SYN0094,242,538,synthetic
full_row,SYN0094,242,539,synthetic
full_row,SYN0094,242,540,synthetic
full_row,SYN0094,242,541,synthetic
full_row,SYN0094,242,542,synthetic
full_row,SYN0094,242,543,synthetic
full_row,SYN0094,242,544,synthetic
full_row,SYN0094,242,545,synthetic
full_row,SYN0094,242,546,synthetic
full_row,SYN0094,242,547,synthetic
full_row,SYN0094,242,548,synthetic
full_row,SYN0094,242,549,synthetic
full_row,SYN0094,242,550,synthetic
full_row,SYN0094,242,551,synthetic
full_row,SYN0094,242,552,synthetic
full_row,SYN0094,242,553,synthetic
full_row,SYN0094,242,554,synthetic
full_row,SYN0094,242,555,synthetic
full_row,SYN0094,242,556,synthetic
full_row,SYN0094,242,557,synthetic
full_row,SYN0094,242,558,synthetic
full_row,SYN0094,242,559,synthetic
full_row,SYN0094,242,560,synthetic
full_row,SYN0094,242,561,synthetic
full_row,SYN0094,242,562,synthetic
full_row,SYN0094,242,563,synthetic
full_row,SYN0094,242,564,synthetic
full_row,SYN0094,242,565,synthetic
full_row,SYN0094,242,566,synthetic
full_row,SYN0094,242,567,synthetic
full_row,SYN0094,242,568,synthetic
full_row,SYN0094,242,569,synthetic
full_row,SYN0094,242,570,synthetic
full_row,SYN0094,242,571,synthetic
full_row,SYN0094,242,572,synthetic
full_row,SYN0094,242,573,synthetic
full_row,SYN0094,242,574,synthetic
full_row,SYN0094,242,575,synthetic
full_row,SYN0094,242,576,synthetic
full_row,SYN0094,242,577,synthetic
full_row,SYN0094,242,578,synthetic
full_row,SYN0094,242,579,synthetic
full_row,SYN0094,242,580,synthetic
full_row,SYN0094,242,581,synthetic
full_row,SYN0094,242,582,synthetic
full_row,SYN0094,242,583,synthetic
full_row,SYN0094,242,584,synthetic
full_row,SYN0094,242,585,synthetic
full_row,SYN0094,242,586,synthetic
full_row,SYN0094,242,587,synthetic
full_row,SYN0094,242,588,synthetic
full_row,SYN0094,242,589,synthetic
full_row,SYN0094,242,590,synthetic
full_row,SYN0094,242,591,synthetic
full_row,SYN0094,242,592,synthetic
full_row,SYN0094,242,593,synthetic
full_row,SYN0094,242,594,synthetic
full_row,SYN0094,242,595,synthetic
full_row,SYN0094,242,596,synthetic
full_row,SYN0094,242,597,synthetic
full_row,SYN0094,242,598,synthetic
full_row,SYN0094,242,599,synthetic
full_row,SYN0094,242,600,synthetic
full_row,SYN0094,242,601,synthetic
full_row,SYN0094,242,602,synthetic
full_row,SYN0094,242,603,synthetic
full_row,SYN0094,242,604,synthetic
full_row,SYN0094,242,605,synthetic
full_row,SYN0094,242,606,synthetic
full_row,SYN0094,242,607,synthetic
full_row,SYN0094,242,608,synthetic
full_row,SYN0094,242,609,synthetic
full_row,SYN0094,242,610,synthetic
full_row,SYN0094,242,611,synthetic
full_row,SYN0094,242,612,synthetic
full_row,SYN0094,242,613,synthetic
full_row,SYN0094,242,614,synthetic
full_row,SYN0094,242,615,synthetic
full_row,SYN0094,242,616,synthetic
full_row,SYN0094,242,617,synthetic
full_row,SYN0094,242,618,synthetic
full_row,SYN0094,242,619,synthetic
full_row,SYN0094,242,620,synthetic
full_row,SYN0094,242,621,synthetic
full_row,SYN0094,242,622,synthetic
full_row,SYN0094,242,623,synthetic
full_row,SYN0094,242,624,synthetic
full_row,SYN0094,242,625,synthetic
full_row,SYN0094,242,626,synthetic
full_row,SYN0094,242,627,synthetic
full_row,SYN0094,242,628,synthetic
full_row,SYN0094,242,629,synthetic
full_row,SYN0094,242,630,synthetic
full_row,SYN0094,242,631,synthetic
full_row,SYN0094,242,632,synthetic
full_row,SYN0094,242,633,synthetic
full_row,SYN0094,242,634,synthetic
full_row,SYN0094,242,635,synthetic
full_row,SYN0094,242,636,synthetic
full_row,SYN0094,242,637,synthetic
full_row,SYN0094,242,638,synthetic
full_row,SYN0094,242,639,synthetic
full_row,SYN0094,242,640,synthetic
full_row,SYN0094,242,641,synthetic
full_row,SYN0094,242,642,synthetic
full_row,SYN0094,242,643,synthetic
full_row,SYN0094,242,644,synthetic
full_row,SYN0094,242,645,synthetic
full_row,SYN0094,242,646,synthetic
full_row,SYN0094,242,647,synthetic
full_row,SYN0094,242,648,synthetic
full_row,SYN0094,242,649,synthetic
full_row,SYN0094,242,650,synthetic
full_row,SYN0094,242,651,synthetic
full_row,SYN0094,242,652,synthetic
full_row,SYN0094,242,653,synthetic
full_row,SYN0094,242,654,synthetic
full_row,SYN0094,242,655,synthetic
full_row,SYN0094,242,656,synthetic
full_row,SYN0094,242,657,synthetic
full_row,SYN0094,242,658,synthetic
full_row,SYN0094,242,659,synthetic
full_row,SYN0094,242,660,synthetic
full_row,SYN0094,242,661,synthetic
full_row,SYN0094,242,662,synthetic
full_row,SYN0094,242,663,synthetic
full_row,SYN0094,242,664,synthetic
full_row,SYN0094,242,665,synthetic
full_row,SYN0094,242,666,synthetic
full_row,SYN0094,242,667,synthetic
full_row,SYN0094,242,668,synthetic
full_row,SYN0094,242,669,synthetic
full_row,SYN0094,242,670,synthetic
full_row,SYN0094,242,671,synthetic
full_row,SYN0094,242,672,synthetic
full_row,SYN0094,242,673,synthetic
full_row,SYN0094,242,674,synthetic
full_row,SYN0094,242,675,synthetic
full_row,SYN0094,242,676,synthetic
full_row,SYN0094,242,677,synthetic
full_row,SYN0094,242,678,synthetic
full_row,SYN0094,242,679,synthetic
full_row,SYN0094,242,680,synthetic
full_row,SYN0094,242,681,synthetic
full_row,SYN0094,242,682,synthetic
full_row,SYN0094,242,683,synthetic
full_row,SYN0094,242,684,synthetic
full_row,SYN0094,242,685,synthetic
full_row,SYN0094,242,686,synthetic
full_row,SYN0094,242,687,synthetic
full_row,SYN0094,242,688,synthetic
full_row,SYN0094,242,689,synthetic
full_row,SYN0094,242,690,synthetic
full_row,SYN0094,242,691,synthetic
full_row,SYN0094,242,692,synthetic
full_row,SYN0094,242,693,synthetic
full_row,SYN0094,242,694,synthetic
full_row,SYN0094,242,695,synthetic
full_row,SYN0094,242,696,synthetic
full_row,SYN0094,242,697,synthetic
full_row,SYN0094,242,698,synthetic
full_row,SYN0094,242,699,synthetic
full_row,SYN0094,242,700,synthetic
full_row,SYN0094,242,701,synthetic
full_row,SYN0094,242,702,synthetic
full_row,SYN0094,242,703,synthetic
full_row,SYN0094,242,704,synthetic
full_row,SYN0094,242,705,synthetic
full_row,SYN0094,242,706,synthetic
full_row,SYN0094,242,707,synthetic
full_row,SYN0094,242,708,synthetic
full_row,SYN0094,242,709,synthetic
full_row,SYN0094,242,710,synthetic
full_row,SYN0094,242,711,synthetic
full_row,SYN0094,242,712,synthetic
full_row,SYN0094,242,713,synthetic
full_row,SYN0094,242,714,synthetic
full_row,SYN0094,242,715,synthetic
full_row,SYN0094,242,716,synthetic
full_row,SYN0094,242,717,synthetic
full_row,SYN0094,242,718,synthetic
full_row,SYN0094,242,719,synthetic
full_row,SYN0094,242,720,synthetic
full_row,SYN0094,242,721,synthetic
full_row,SYN0094,242,722,synthetic
full_row,SYN0094,242,723,synthetic
full_row,SYN0094,242,724,synthetic
full_row,SYN0094,242,725,synthetic
full_row,SYN0094,242,726,synthetic
full_row,SYN0094,242,727,synthetic
full_row,SYN0094,242,728,synthetic
full_row,SYN0094,242,729,synthetic
full_row,SYN0094,242,730,synthetic
full_row,SYN0094,242,731,synthetic
full_row,SYN0094,242,732,synthetic
full_row,SYN0094,242,733,synthetic
full_row,SYN0094,242,734,synthetic
full_row,SYN0094,242,735,synthetic
full_row,SYN0094,242,736,synthetic
full_row,SYN0094,242,737,synthetic
full_row,SYN0094,242,738,synthetic
full_row,SYN0094,242,739,synthetic
full_row,SYN0094,242,740,synthetic
full_row,SYN0094,242,741,synthetic
full_row,SYN0094,242,742,synthetic
full_row,SYN0094,242,743,synthetic
full_row,SYN0094,242,744,synthetic
full_row,SYN0094,242,745,synthetic
full_row,SYN0094,242,746,synthetic
full_row,SYN0094,242,747,synthetic
full_row,SYN0094,242,748,synthetic
full_row,SYN0094,242,749,synthetic
full_row,SYN0094,242,750,synthetic
full_row,SYN0094,242,751,synthetic
full_row,SYN0094,242,752,synthetic
full_row,SYN0094,242,753,synthetic
full_row,SYN0094,242,754,synthetic
full_row,SYN0094,242,755,synthetic
full_row,SYN0094,242,756,synthetic
full_row,SYN0094,242,757,synthetic
full_row,SYN0094,242,758,synthetic
full_row,SYN0094,242,759,synthetic
full_row,SYN0094,242,760,synthetic
full_row,SYN0094,242,761,synthetic
full_row,SYN0094,242,762,synthetic
full_row,SYN0094,242,763,synthetic
full_row,SYN0094,242,764,synthetic
full_row,SYN0094,242,765,synthetic
full_row,SYN0094,242,766,synthetic
full_row,SYN0094,242,767,synthetic
full_row,SYN0094,242,768,synthetic
full_row,SYN0094,242,769,synthetic
full_row,SYN0094,242,770,synthetic
full_row,SYN0094,242,771,synthetic
full_row,SYN0094,242,772,synthetic
full_row,SYN0094,242,773,synthetic
full_row,SYN0094,242,774,synthetic
full_row,SYN0094,242,775,synthetic
full_row,SYN0094,242,776,synthetic
full_row,SYN0094,242,777,synthetic
full_row,SYN0094,242,778,synthetic
full_row,SYN0094,242,779,synthetic
full_row,SYN0094,242,780,synthetic
full_row,SYN0094,242,781,synthetic
full_row,SYN0094,242,782,synthetic
full_row,SYN0094,242,783,synthetic
full_row,SYN0094,242,784,synthetic
full_row,SYN0094,242,785,synthetic
full_row,SYN0094,242,786,synthetic
full_row,SYN0094,242,787,synthetic
full_row,SYN0094,242,788,synthetic
full_row,SYN0094,242,789,synthetic
full_row,SYN0094,242,790,synthetic
full_row,SYN0094,242,791,synthetic
full_row,SYN0094,242,792,synthetic
full_row,SYN0094,242,793,synthetic
full_row,SYN0094,242,794,synthetic
full_row,SYN0094,242,795,synthetic
full_row,SYN0094,242,796,synthetic
full_row,SYN0094,242,797,synthetic
full_row,SYN0094,242,798,synthetic
full_row,SYN0094,242,799,synthetic
full_row,SYN0094,242,800,synthetic
full_row,SYN0094,242,801,synthetic
full_row,SYN0094,242,802,synthetic
full_row,SYN0094,242,803,synthetic
full_row,SYN0094,242,804,synthetic
full_row,SYN0094,242,805,synthetic
full_row,SYN0094,242,806,synthetic
full_row,SYN0094,242,807,synthetic
full_row,SYN0094,242,808,synthetic
full_row,SYN0094,242,809,synthetic
full_row,SYN0094,242,810,synthetic
full_row,SYN0094,242,811,synthetic
full_row,SYN0094,242,812,synthetic
full_row,SYN0094,242,813,synthetic
full_row,SYN0094,242,814,synthetic
full_row,SYN0094,242,815,synthetic
full_row,SYN0094,242,816,synthetic
full_row,SYN0094,242,817,synthetic
full_row,SYN0094,242,818,synthetic
full_row,SYN0094,242,819,synthetic
full_row,SYN0094,242,820,synthetic
full_row,SYN0094,242,821,synthetic
full_row,SYN0094,242,822,synthetic
full_row,SYN0094,242,823,synthetic
full_row,SYN0094,242,824,synthetic
full_row,SYN0094,242,825,synthetic
full_row,SYN0094,242,826,synthetic
full_row,SYN0094,242,827,synthetic
full_row,SYN0094,242,828,synthetic
full_row,SYN0094,242,829,synthetic
full_row,SYN0094,242,830,synthetic
full_row,SYN0094,242,831,synthetic
full_row,SYN0094,242,832,synthetic
full_row,SYN0094,242,833,synthetic
full_row,SYN0094,242,834,synthetic
full_row,SYN0094,242,835,synthetic
full_row,SYN0094,242,836,synthetic
full_row,SYN0094,242,837,synthetic
full_row,SYN0094,242,838,synthetic
full_row,SYN0094,242,839,synthetic
full_row,SYN0094,242,840,synthetic
full_row,SYN0094,242,841,synthetic
full_row,SYN0094,242,842,synthetic
full_row,SYN0094,242,843,synthetic
full_row,SYN0094,242,844,synthetic
full_row,SYN0094,242,845,synthetic
full_row,SYN0094,242,846,synthetic
full_row,SYN0094,242,847,synthetic
full_row,SYN0094,242,848,synthetic
full_row,SYN0094,242,849,synthetic
full_row,SYN0094,242,850,synthetic
full_row,SYN0094,242,851,synthetic
full_row,SYN0094,242,852,synthetic
full_row,SYN0094,242,853,synthetic
full_row,SYN0094,242,854,synthetic
full_row,SYN0094,242,855,synthetic
full_row,SYN0094,242,856,synthetic
full_row,SYN0094,242,857,synthetic
full_row,SYN0094,242,858,synthetic
full_row,SYN0094,242,859,synthetic
full_row,SYN0094,242,860,synthetic
full_row,SYN0094,242,861,synthetic
full_row,SYN0094,242,862,synthetic
full_row,SYN0094,242,863,synthetic
full_row,SYN0094,242,864,synthetic
full_row,SYN0094,242,865,synthetic
full_row,SYN0094,242,866,synthetic
full_row,SYN0094,242,867,synthetic
full_row,SYN0094,242,868,synthetic
full_row,SYN0094,242,869,synthetic
full_row,SYN0094,242,870,synthetic
full_row,SYN0094,242,871,synthetic
full_row,SYN0094,242,872,synthetic
full_row,SYN0094,242,873,synthetic
full_row,SYN0094,242,874,synthetic
full_row,SYN0094,242,875,synthetic
full_row,SYN0094,242,876,synthetic
full_row,SYN0094,242,877,synthetic
full_row,SYN0094,242,878,synthetic
full_row,SYN0094,242,879,synthetic
full_row,SYN0094,242,880,synthetic
full_row,SYN0094,242,881,synthetic
full_row,SYN0094,242,882,synthetic
full_row,SYN0094,242,883,synthetic
full_row,SYN0094,242,884,synthetic
full_row,SYN0094,242,885,synthetic
full_row,SYN0094,242,886,synthetic
full_row,SYN0094,242,887,synthetic
full_row,SYN0094,242,888,synthetic
full_row,SYN0094,242,889,synthetic
full_row,SYN0094,242,890,synthetic
full_row,SYN0094,242,891,synthetic
full_row,SYN0094,242,892,synthetic
full_row,SYN0094,242,893,synthetic
full_row,SYN0094,242,894,synthetic
full_row,SYN0094,242,895,synthetic
full_row,SYN0094,242,896,synthetic
full_row,SYN0094,242,897,synthetic
full_row,SYN0094,242,898,synthetic
full_row,SYN0094,242,899,synthetic
full_row,SYN0094,242,900,synthetic
full_row,SYN0094,242,901,synthetic
full_row,SYN0094,242,902,synthetic
full_row,SYN0094,242,903,synthetic
full_row,SYN0094,242,904,synthetic
full_row,SYN0094,242,905,synthetic
full_row,SYN0094,242,906,synthetic
full_row,SYN0094,242,907,synthetic
full_row,SYN0094,242,908,synthetic
full_row,SYN0094,242,909,synthetic
full_row,SYN0094,242,910,synthetic
full_row,SYN0094,242,911,synthetic
full_row,SYN0094,242,912,synthetic
full_row,SYN0094,242,913,synthetic
full_row,SYN0094,242,914,synthetic
full_row,SYN0094,242,915,synthetic
full_row,SYN0094,242,916,synthetic
full_row,SYN0094,242,917,synthetic
full_row,SYN0094,242,918,synthetic
full_row,SYN0094,242,919,synthetic
full_row,SYN0094,242,920,synthetic
full_row,SYN0094,242,921,synthetic
full_row,SYN0094,242,922,synthetic
full_row,SYN0094,242,923,synthetic
full_row,SYN0094,242,924,synthetic
full_row,SYN0094,242,925,synthetic
full_row,SYN0094,242,926,synthetic
full_row,SYN0094,242,927,synthetic
full_row,SYN0094,242,928,synthetic
full_row,SYN0094,242,929,synthetic
full_row,SYN0094,242,930,synthetic
full_row,SYN0094,242,931,synthetic
full_row,SYN0094,242,932,synthetic
full_row,SYN0094,242,933,synthetic
full_row,SYN0094,242,934,synthetic
full_row,SYN0094,242,935,synthetic
full_row,SYN0094,242,936,synthetic
full_row,SYN0094,242,937,synthetic
full_row,SYN0094,242,938,synthetic
full_row,SYN0094,242,939,synthetic
full_row,SYN0094,242,940,synthetic
full_row,SYN0094,242,941,synthetic
full_row,SYN0094,242,942,synthetic
full_row,SYN0094,242,943,synthetic
full_row,SYN0094,242,944,synthetic
full_row,SYN0094,242,945,synthetic
full_row,SYN0094,242,946,synthetic
full_row,SYN0094,242,947,synthetic
full_row,SYN0094,242,948,synthetic
full_row,SYN0094,242,949,synthetic
full_row,SYN0094,242,950,synthetic
full_row,SYN0094,242,951,synthetic
full_row,SYN0094,242,952,synthetic
full_row,SYN0094,242,953,synthetic
full_row,SYN0094,242,954,synthetic
full_row,SYN0094,242,955,synthetic
full_row,SYN0094,242,956,synthetic
full_row,SYN0094,242,957,synthetic
full_row,SYN0094,242,958,synthetic
full_row,SYN0094,242,959,synthetic
full_row,SYN0094,242,960,synthetic
full_row,SYN0094,242,961,synthetic
full_row,SYN0094,242,962,synthetic
full_row,SYN0094,242,963,synthetic
full_row,SYN0094,242,964,synthetic
full_row,SYN0094,242,965,synthetic
full_row,SYN0094,242,966,synthetic
full_row,SYN0094,242,967,synthetic
full_row,SYN0094,242,968,synthetic
full_row,SYN0094,242,969,synthetic
full_row,SYN0094,242,970,synthetic
full_row,SYN0094,242,971,synthetic
full_row,SYN0094,242,972,synthetic
full_row,SYN0094,242,973,synthetic
full_row,SYN0094,242,974,synthetic
full_row,SYN0094,242,975,synthetic
full_row,SYN0094,242,976,synthetic
full_row,SYN0094,242,977,synthetic
full_row,SYN0094,242,978,synthetic
full_row,SYN0094,242,979,synthetic
full_row,SYN0094,242,980,synthetic
full_row,SYN0094,242,981,synthetic
full_row,SYN0094,242,982,synthetic
full_row,SYN0094,242,983,synthetic
full_row,SYN0094,242,984,synthetic
full_row,SYN0094,242,985,synthetic
full_row,SYN0094,242,986,synthetic
full_row,SYN0094,242,987,synthetic
full_row,SYN0094,242,988,synthetic
full_row,SYN0094,242,989,synthetic
full_row,SYN0094,242,990,synthetic
full_row,SYN0094,242,991,synthetic
full_row,SYN0094,242,992,synthetic
full_row,SYN0094,242,993,synthetic
full_row,SYN0094,242,994,synthetic
full_row,SYN0094,242,995,synthetic
full_row,SYN0094,242,996,synthetic
full_row,SYN0094,242,997,synthetic
full_row,SYN0094,242,998,synthetic
full_row,SYN0094,242,999,synthetic
full_row,SYN0094,242,1000,synthetic
full_row,SYN0094,242,1001,synthetic
full_row,SYN0094,242,1002,synthetic
full_row,SYN0094,242,1003,synthetic
full_row,SYN0094,242,1004,synthetic
full_row,SYN0094,242,1005,synthetic
full_row,SYN0094,242,1006,synthetic
full_row,SYN0094,242,1007,synthetic
full_row,SYN0094,242,1008,synthetic
full_row,SYN0094,242,1009,synthetic
full_row,SYN0094,242,1010,synthetic
full_row,SYN0094,242,1011,synthetic
full_row,SYN0094,242,1012,synthetic
full_row,SYN0094,242,1013,synthetic
full_row,SYN0094,242,1014,synthetic
full_row,SYN0094,242,1015,synthetic
full_row,SYN0094,242,1016,synthetic
full_row,SYN0094,242,1017,synthetic
full_row,SYN0094,242,1018,synthetic
full_row,SYN0094,242,1019,synthetic
full_row,SYN0094,242,1020,synthetic
full_row,SYN0094,242,1021,synthetic
full_row,SYN0094,242,1022,synthetic
full_row,SYN0094,242,1023,synthetic
full_row,SYN0095,106,0,synthetic
full_row,SYN0095,106,1,synthetic
full_row,SYN0095,106,2,synthetic
full_row,SYN0095,106,3,synthetic
full_row,SYN0095,106,4,synthetic
full_row,SYN0095,106,5,synthetic
full_row,SYN0095,106,6,synthetic
full_row,SYN0095,106,7,synthetic
full_row,SYN0095,106,8,synthetic
full_row,SYN0095,106,9,synthetic
full_row,SYN0095,106,10,synthetic
full_row,SYN0095,106,11,synthetic
full_row,SYN0095,106,12,synthetic
full_row,SYN0095,106,13,synthetic
full_row,SYN0095,106,14,synthetic
full_row,SYN0095,106,15,synthetic
full_row,SYN0095,106,16,synthetic
full_row,SYN0095,106,17,synthetic
full_row,SYN0095,106,18,synthetic
full_row,SYN0095,106,19,synthetic
full_row,SYN0095,106,20,synthetic
full_row,SYN0095,106,21,synthetic
full_row,SYN0095,106,22,synthetic
full_row,SYN0095,106,23,synthetic
full_row,SYN0095,106,24,synthetic
full_row,SYN0095,106,25,synthetic
full_row,SYN0095,106,26,synthetic
full_row,SYN0095,106,27,synthetic
full_row,SYN0095,106,28,synthetic
full_row,SYN0095,106,29,synthetic
full_row,SYN0095,106,30,synthetic
full_row,SYN0095,106,31,synthetic
full_row,SYN0095,106,32,synthetic
full_row,SYN0095,106,33,synthetic
full_row,SYN0095,106,34,synthetic
full_row,SYN0095,106,35,synthetic
full_row,SYN0095,106,36,synthetic
full_row,SYN0095,106,37,synthetic
full_row,SYN0095,106,38,synthetic
full_row,SYN0095,106,39,synthetic
full_row,SYN0095,106,40,synthetic
full_row,SYN0095,106,41,synthetic
full_row,SYN0095,106,42,synthetic
full_row,SYN0095,106,43,synthetic
full_row,SYN0095,106,44,synthetic
full_row,SYN0095,106,45,synthetic
full_row,SYN0095,106,46,synthetic
full_row,SYN0095,106,47,synthetic
full_row,SYN0095,106,48,synthetic
full_row,SYN0095,106,49,synthetic
full_row,SYN0095,106,50,synthetic
full_row,SYN0095,106,51,synthetic
full_row,SYN0095,106,52,synthetic
full_row,SYN0095,106,53,synthetic
full_row,SYN0095,106,54,synthetic
full_row,SYN0095,106,55,synthetic
full_row,SYN0095,106,56,synthetic
full_row,SYN0095,106,57,synthetic
full_row,SYN0095,106,58,synthetic
full_row,SYN0095,106,59,synthetic
full_row,SYN0095,106,60,synthetic
full_row,SYN0095,106,61,synthetic
full_row,SYN0095,106,62,synthetic
full_row,SYN0095,106,63,synthetic
full_row,SYN0095,106,64,synthetic
full_row,SYN0095,106,65,synthetic
full_row,SYN0095,106,66,synthetic
full_row,SYN0095,106,67,synthetic
full_row,SYN0095,106,68,synthetic
full_row,SYN0095,106,69,synthetic
full_row,SYN0095,106,70,synthetic
full_row,SYN0095,106,71,synthetic
full_row,SYN0095,106,72,synthetic
full_row,SYN0095,106,73,synthetic
full_row,SYN0095,106,74,synthetic
full_row,SYN0095,106,75,synthetic
full_row,SYN0095,106,76,synthetic
full_row,SYN0095,106,77,synthetic
full_row,SYN0095,106,78,synthetic
full_row,SYN0095,106,79,synthetic
full_row,SYN0095,106,80,synthetic
full_row,SYN0095,106,81,synthetic
full_row,SYN0095,106,82,synthetic
full_row,SYN0095,106,83,synthetic
full_row,SYN0095,106,84,synthetic
full_row,SYN0095,106,85,synthetic
full_row,SYN0095,106,86,synthetic
full_row,SYN0095,106,87,synthetic
full_row,SYN0095,106,88,synthetic
full_row,SYN0095,106,89,synthetic
full_row,SYN0095,106,90,synthetic
full_row,SYN0095,106,91,synthetic
full_row,SYN0095,106,92,synthetic
full_row,SYN0095,106,93,synthetic
full_row,SYN0095,106,94,synthetic
full_row,SYN0095,106,95,synthetic
full_row,SYN0095,106,96,synthetic
full_row,SYN0095,106,97,synthetic
full_row,SYN0095,106,98,synthetic
full_row,SYN0095,106,99,synthetic
full_row,SYN0095,106,100,synthetic
full_row,SYN0095,106,101,synthetic
full_row,SYN0095,106,102,synthetic
full_row,SYN0095,106,103,synthetic
full_row,SYN0095,106,104,synthetic
full_row,SYN0095,106,105,synthetic
full_row,SYN0095,106,106,synthetic
full_row,SYN0095,106,107,synthetic
full_row,SYN0095,106,108,synthetic
full_row,SYN0095,106,109,synthetic
full_row,SYN0095,106,110,synthetic
full_row,SYN0095,106,111,synthetic
full_row,SYN0095,106,112,synthetic
full_row,SYN0095,106,113,synthetic
full_row,SYN0095,106,114,synthetic
full_row,SYN0095,106,115,synthetic
full_row,SYN0095,106,116,synthetic
full_row,SYN0095,106,117,synthetic
full_row,SYN0095,106,118,synthetic
full_row,SYN0095,106,119,synthetic
full_row,SYN0095,106,120,synthetic
full_row,SYN0095,106,121,synthetic
full_row,SYN0095,106,122,synthetic
full_row,SYN0095,106,123,synthetic
full_row,SYN0095,106,124,synthetic
full_row,SYN0095,106,125,synthetic
full_row,SYN0095,106,126,synthetic
full_row,SYN0095,106,127,synthetic
full_row,SYN0095,106,128,synthetic
full_row,SYN0095,106,129,synthetic
full_row,SYN0095,106,130,synthetic
full_row,SYN0095,106,131,synthetic
full_row,SYN0095,106,132,synthetic
full_row,SYN0095,106,133,synthetic
full_row,SYN0095,106,134,synthetic
full_row,SYN0095,106,135,synthetic
full_row,SYN0095,106,136,synthetic
full_row,SYN0095,106,137,synthetic
full_row,SYN0095,106,138,synthetic
full_row,SYN0095,106,139,synthetic
full_row,SYN0095,106,140,synthetic
full_row,SYN0095,106,141,synthetic
full_row,SYN0095,106,142,synthetic
full_row,SYN0095,106,143,synthetic
full_row,SYN0095,106,144,synthetic
full_row,SYN0095,106,145,synthetic
full_row,SYN0095,106,146,synthetic
full_row,SYN0095,106,147,synthetic
full_row,SYN0095,106,148,synthetic
full_row,SYN0095,106,149,synthetic
full_row,SYN0095,106,150,synthetic
full_row,SYN0095,106,151,synthetic
full_row,SYN0095,106,152,synthetic
full_row,SYN0095,106,153,synthetic
full_row,SYN0095,106,154,synthetic
full_row,SYN0095,106,155,synthetic
full_row,SYN0095,106,156,synthetic
full_row,SYN0095,106,157,synthetic
full_row,SYN0095,106,158,synthetic
full_row,SYN0095,106,159,synthetic
full_row,SYN0095,106,160,synthetic
full_row,SYN0095,106,161,synthetic
full_row,SYN0095,106,162,synthetic
full_row,SYN0095,106,163,synthetic
full_row,SYN0095,106,164,synthetic
full_row,SYN0095,106,165,synthetic
full_row,SYN0095,106,166,synthetic
full_row,SYN0095,106,167,synthetic
full_row,SYN0095,106,168,synthetic
full_row,SYN0095,106,169,synthetic
full_row,SYN0095,106,170,synthetic
full_row,SYN0095,106,171,synthetic
full_row,SYN0095,106,172,synthetic
full_row,SYN0095,106,173,synthetic
full_row,SYN0095,106,174,synthetic
full_row,SYN0095,106,175,synthetic
full_row,SYN0095,106,176,synthetic
full_row,SYN0095,106,177,synthetic
full_row,SYN0095,106,178,synthetic
full_row,SYN0095,106,179,synthetic
full_row,SYN0095,106,180,synthetic
full_row,SYN0095,106,181,synthetic
full_row,SYN0095,106,182,synthetic
full_row,SYN0095,106,183,synthetic
full_row,SYN0095,106,184,synthetic
full_row,SYN0095,106,185,synthetic
full_row,SYN0095,106,186,synthetic
full_row,SYN0095,106,187,synthetic
full_row,SYN0095,106,188,synthetic
full_row,SYN0095,106,189,synthetic
full_row,SYN0095,106,190,synthetic
full_row,SYN0095,106,191,synthetic
full_row,SYN0095,106,192,synthetic
full_row,SYN0095,106,193,synthetic
full_row,SYN0095,106,194,synthetic
full_row,SYN0095,106,195,synthetic
full_row,SYN0095,106,196,synthetic
full_row,SYN0095,106,197,synthetic
full_row,SYN0095,106,198,synthetic
full_row,SYN0095,106,199,synthetic
full_row,SYN0095,106,200,synthetic
full_row,SYN0095,106,201,synthetic
full_row,SYN0095,106,202,synthetic
full_row,SYN0095,106,203,synthetic
full_row,SYN0095,106,204,synthetic
full_row,SYN0095,106,205,synthetic
full_row,SYN0095,106,206,synthetic
full_row,SYN0095,106,207,synthetic
full_row,SYN0095,106,208,synthetic
full_row,SYN0095,106,209,synthetic
full_row,SYN0095,106,210,synthetic
full_row,SYN0095,106,211,synthetic
full_row,SYN0095,106,212,synthetic
full_row,SYN0095,106,213,synthetic
full_row,SYN0095,106,214,synthetic
full_row,SYN0095,106,215,synthetic
full_row,SYN0095,106,216,synthetic
full_row,SYN0095,106,217,synthetic
full_row,SYN0095,106,218,synthetic
full_row,SYN0095,106,219,synthetic
full_row,SYN0095,106,220,synthetic
full_row,SYN0095,106,221,synthetic
full_row,SYN0095,106,222,synthetic
full_row,SYN0095,106,223,synthetic
full_row,SYN0095,106,224,synthetic
full_row,SYN0095,106,225,synthetic
full_row,SYN0095,106,226,synthetic
full_row,SYN0095,106,227,synthetic
full_row,SYN0095,106,228,synthetic
full_row,SYN0095,106,229,synthetic
full_row,SYN0095,106,230,synthetic
full_row,SYN0095,106,231,synthetic
full_row,SYN0095,106,232,synthetic
full_row,SYN0095,106,233,synthetic
full_row,SYN0095,106,234,synthetic
full_row,SYN0095,106,235,synthetic
full_row,SYN0095,106,236,synthetic
full_row,SYN0095,106,237,synthetic
full_row,SYN0095,106,238,synthetic
full_row,SYN0095,106,239,synthetic
full_row,SYN0095,106,240,synthetic
full_row,SYN0095,106,241,synthetic
full_row,SYN0095,106,242,synthetic
full_row,SYN0095,106,243,synthetic
full_row,SYN0095,106,244,synthetic
full_row,SYN0095,106,245,synthetic
full_row,SYN0095,106,246,synthetic
full_row,SYN0095,106,247,synthetic
full_row,SYN0095,106,248,synthetic
full_row,SYN0095,106,249,synthetic
full_row,SYN0095,106,250,synthetic
full_row,SYN0095,106,251,synthetic
full_row,SYN0095,106,252,synthetic
full_row,SYN0095,106,253,synthetic
full_row,SYN0095,106,254,synthetic
full_row,SYN0095,106,255,synthetic
full_row,SYN0095,106,256,synthetic
full_row,SYN0095,106,257,synthetic
full_row,SYN0095,106,258,synthetic
full_row,SYN0095,106,259,synthetic
full_row,SYN0095,106,260,synthetic
full_row,SYN0095,106,261,synthetic
full_row,SYN0095,106,262,synthetic
full_row,SYN0095,106,263,synthetic
full_row,SYN0095,106,264,synthetic
full_row,SYN0095,106,265,synthetic
full_row,SYN0095,106,266,synthetic
full_row,SYN0095,106,267,synthetic
full_row,SYN0095,106,268,synthetic
full_row,SYN0095,106,269,synthetic
full_row,SYN0095,106,270,synthetic
full_row,SYN0095,106,271,synthetic
full_row,SYN0095,106,272,synthetic
full_row,SYN0095,106,273,synthetic
full_row,SYN0095,106,274,synthetic
full_row,SYN0095,106,275,synthetic
full_row,SYN0095,106,276,synthetic
full_row,SYN0095,106,277,synthetic
full_row,SYN0095,106,278,synthetic
full_row,SYN0095,106,279,synthetic
full_row,SYN0095,106,280,synthetic
full_row,SYN0095,106,281,synthetic
full_row,SYN0095,106,282,synthetic
full_row,SYN0095,106,283,synthetic
full_row,SYN0095,106,284,synthetic
full_row,SYN0095,106,285,synthetic
full_row,SYN0095,106,286,synthetic
full_row,SYN0095,106,287,synthetic
full_row,SYN0095,106,288,synthetic
full_row,SYN0095,106,289,synthetic
full_row,SYN0095,106,290,synthetic
full_row,SYN0095,106,291,synthetic
full_row,SYN0095,106,292,synthetic
full_row,SYN0095,106,293,synthetic
full_row,SYN0095,106,294,synthetic
full_row,SYN0095,106,295,synthetic
full_row,SYN0095,106,296,synthetic
full_row,SYN0095,106,297,synthetic
full_row,SYN0095,106,298,synthetic
full_row,SYN0095,106,299,synthetic
full_row,SYN0095,106,300,synthetic
full_row,SYN0095,106,301,synthetic
full_row,SYN0095,106,302,synthetic
full_row,SYN0095,106,303,synthetic
full_row,SYN0095,106,304,synthetic
full_row,SYN0095,106,305,synthetic
full_row,SYN0095,106,306,synthetic
full_row,SYN0095,106,307,synthetic
full_row,SYN0095,106,308,synthetic
full_row,SYN0095,106,309,synthetic
full_row,SYN0095,106,310,synthetic
full_row,SYN0095,106,311,synthetic
full_row,SYN0095,106,312,synthetic
full_row,SYN0095,106,313,synthetic
full_row,SYN0095,106,314,synthetic
full_row,SYN0095,106,315,synthetic
full_row,SYN0095,106,316,synthetic
full_row,SYN0095,106,317,synthetic
full_row,SYN0095,106,318,synthetic
full_row,SYN0095,106,319,synthetic
full_row,SYN0095,106,320,synthetic
full_row,SYN0095,106,321,synthetic
full_row,SYN0095,106,322,synthetic
full_row,SYN0095,106,323,synthetic
full_row,SYN0095,106,324,synthetic
full_row,SYN0095,106,325,synthetic
full_row,SYN0095,106,326,synthetic
full_row,SYN0095,106,327,synthetic
full_row,SYN0095,106,328,synthetic
full_row,SYN0095,106,329,synthetic
full_row,SYN0095,106,330,synthetic
full_row,SYN0095,106,331,synthetic
full_row,SYN0095,106,332,synthetic
full_row,SYN0095,106,333,synthetic
full_row,SYN0095,106,334,synthetic
full_row,SYN0095,106,335,synthetic
full_row,SYN0095,106,336,synthetic
full_row,SYN0095,106,337,synthetic
full_row,SYN0095,106,338,synthetic
full_row,SYN0095,106,339,synthetic
full_row,SYN0095,106,340,synthetic
full_row,SYN0095,106,341,synthetic
full_row,SYN0095,106,342,synthetic
full_row,SYN0095,106,343,synthetic
full_row,SYN0095,106,344,synthetic
full_row,SYN0095,106,345,synthetic
full_row,SYN0095,106,346,synthetic
full_row,SYN0095,106,347,synthetic
full_row,SYN0095,106,348,synthetic
full_row,SYN0095,106,349,synthetic
full_row,SYN0095,106,350,synthetic
full_row,SYN0095,106,351,synthetic
full_row,SYN0095,106,352,synthetic
full_row,SYN0095,106,353,synthetic
full_row,SYN0095,106,354,synthetic
full_row,SYN0095,106,355,synthetic
full_row,SYN0095,106,356,synthetic
full_row,SYN0095,106,357,synthetic
full_row,SYN0095,106,358,synthetic
full_row,SYN0095,106,359,synthetic
full_row,SYN0095,106,360,synthetic
full_row,SYN0095,106,361,synthetic
full_row,SYN0095,106,362,synthetic
full_row,SYN0095,106,363,synthetic
full_row,SYN0095,106,364,synthetic
full_row,SYN0095,106,365,synthetic
full_row,SYN0095,106,366,synthetic
full_row,SYN0095,106,367,synthetic
full_row,SYN0095,106,368,synthetic
full_row,SYN0095,106,369,synthetic
full_row,SYN0095,106,370,synthetic
full_row,SYN0095,106,371,synthetic
full_row,SYN0095,106,372,synthetic
full_row,SYN0095,106,373,synthetic
full_row,SYN0095,106,374,synthetic
full_row,SYN0095,106,375,synthetic
full_row,SYN0095,106,376,synthetic
full_row,SYN0095,106,377,synthetic
full_row,SYN0095,106,378,synthetic
full_row,SYN0095,106,379,synthetic
full_row,SYN0095,106,380,synthetic
full_row,SYN0095,106,381,synthetic
full_row,SYN0095,106,382,synthetic
full_row,SYN0095,106,383,synthetic
full_row,SYN0095,106,384,synthetic
full_row,SYN0095,106,385,synthetic
full_row,SYN0095,106,386,synthetic
full_row,SYN0095,106,387,synthetic
full_row,SYN0095,106,388,synthetic
full_row,SYN0095,106,389,synthetic
full_row,SYN0095,106,390,synthetic
full_row,SYN0095,106,391,synthetic
full_row,SYN0095,106,392,synthetic
full_row,SYN0095,106,393,synthetic
full_row,SYN0095,106,394,synthetic
full_row,SYN0095,106,395,synthetic
full_row,SYN0095,106,396,synthetic
full_row,SYN0095,106,397,synthetic
full_row,SYN0095,106,398,synthetic
full_row,SYN0095,106,399,synthetic
full_row,SYN0095,106,400,synthetic
full_row,SYN0095,106,401,synthetic
full_row,SYN0095,106,402,synthetic
full_row,SYN0095,106,403,synthetic
full_row,SYN0095,106,404,synthetic
full_row,SYN0095,106,405,synthetic
full_row,SYN0095,106,406,synthetic
full_row,SYN0095,106,407,synthetic
full_row,SYN0095,106,408,synthetic
full_row,SYN0095,106,409,synthetic
full_row,SYN0095,106,410,synthetic
full_row,SYN0095,106,411,synthetic
full_row,SYN0095,106,412,synthetic
full_row,SYN0095,106,413,synthetic
full_row,SYN0095,106,414,synthetic
full_row,SYN0095,106,415,synthetic
full_row,SYN0095,106,416,synthetic
full_row,SYN0095,106,417,synthetic
full_row,SYN0095,106,418,synthetic
full_row,SYN0095,106,419,synthetic
full_row,SYN0095,106,420,synthetic
full_row,SYN0095,106,421,synthetic
full_row,SYN0095,106,422,synthetic
full_row,SYN0095,106,423,synthetic
full_row,SYN0095,106,424,synthetic
full_row,SYN0095,106,425,synthetic
full_row,SYN0095,106,426,synthetic
full_row,SYN0095,106,427,synthetic
full_row,SYN0095,106,428,synthetic
full_row,SYN0095,106,429,synthetic
full_row,SYN0095,106,430,synthetic
full_row,SYN0095,106,431,synthetic
full_row,SYN0095,106,432,synthetic
full_row,SYN0095,106,433,synthetic
full_row,SYN0095,106,434,synthetic
full_row,SYN0095,106,435,synthetic
full_row,SYN0095,106,436,synthetic
full_row,SYN0095,106,437,synthetic
full_row,SYN0095,106,438,synthetic
full_row,SYN0095,106,439,synthetic
full_row,SYN0095,106,440,synthetic
full_row,SYN0095,106,441,synthetic
full_row,SYN0095,106,442,synthetic
full_row,SYN0095,106,443,synthetic
full_row,SYN0095,106,444,synthetic
full_row,SYN0095,106,445,synthetic
full_row,SYN0095,106,446,synthetic
full_row,SYN0095,106,447,synthetic
full_row,SYN0095,106,448,synthetic
full_row,SYN0095,106,449,synthetic
full_row,SYN0095,106,450,synthetic
full_row,SYN0095,106,451,synthetic
full_row,SYN0095,106,452,synthetic
full_row,SYN0095,106,453,synthetic
full_row,SYN0095,106,454,synthetic
full_row,SYN0095,106,455,synthetic
full_row,SYN0095,106,456,synthetic
full_row,SYN0095,106,457,synthetic
full_row,SYN0095,106,458,synthetic
full_row,SYN0095,106,459,synthetic
full_row,SYN0095,106,460,synthetic
full_row,SYN0095,106,461,synthetic
full_row,SYN0095,106,462,synthetic
full_row,SYN0095,106,463,synthetic
full_row,SYN0095,106,464,synthetic
full_row,SYN0095,106,465,synthetic
full_row,SYN0095,106,466,synthetic
full_row,SYN0095,106,467,synthetic
full_row,SYN0095,106,468,synthetic
full_row,SYN0095,106,469,synthetic
full_row,SYN0095,106,470,synthetic
full_row,SYN0095,106,471,synthetic
full_row,SYN0095,106,472,synthetic
full_row,SYN0095,106,473,synthetic
full_row,SYN0095,106,474,synthetic
full_row,SYN0095,106,475,synthetic
full_row,SYN0095,106,476,synthetic
full_row,SYN0095,106,477,synthetic
full_row,SYN0095,106,478,synthetic
full_row,SYN0095,106,479,synthetic
full_row,SYN0095,106,480,synthetic
full_row,SYN0095,106,481,synthetic
full_row,SYN0095,106,482,synthetic
full_row,SYN0095,106,483,synthetic
full_row,SYN0095,106,484,synthetic
full_row,SYN0095,106,485,synthetic
full_row,SYN0095,106,486,synthetic
full_row,SYN0095,106,487,synthetic
full_row,SYN0095,106,488,synthetic
full_row,SYN0095,106,489,synthetic
full_row,SYN0095,106,490,synthetic
full_row,SYN0095,106,491,synthetic
full_row,SYN0095,106,492,synthetic
full_row,SYN0095,106,493,synthetic
full_row,SYN0095,106,494,synthetic
full_row,SYN0095,106,495,synthetic
full_row,SYN0095,106,496,synthetic
full_row,SYN0095,106,497,synthetic
full_row,SYN0095,106,498,synthetic
full_row,SYN0095,106,499,synthetic
full_row,SYN0095,106,500,synthetic
full_row,SYN0095,106,501,synthetic
full_row,SYN0095,106,502,synthetic
full_row,SYN0095,106,503,synthetic
full_row,SYN0095,106,504,synthetic
full_row,SYN0095,106,505,synthetic
full_row,SYN0095,106,506,synthetic
full_row,SYN0095,106,507,synthetic
full_row,SYN0095,106,508,synthetic
full_row,SYN0095,106,509,synthetic
full_row,SYN0095,106,510,synthetic
full_row,SYN0095,106,511,synthetic
full_row,SYN0095,106,512,synthetic
full_row,SYN0095,106,513,synthetic
full_row,SYN0095,106,514,synthetic
full_row,SYN0095,106,515,synthetic
full_row,SYN0095,106,516,synthetic
full_row,SYN0095,106,517,synthetic
full_row,SYN0095,106,518,synthetic
full_row,SYN0095,106,519,synthetic
full_row,SYN0095,106,520,synthetic
full_row,SYN0095,106,521,synthetic
full_row,SYN0095,106,522,synthetic
full_row,SYN0095,106,523,synthetic
full_row,SYN0095,106,524,synthetic
full_row,SYN0095,106,525,synthetic
full_row,SYN0095,106,526,synthetic
full_row,SYN0095,106,527,synthetic
full_row,SYN0095,106,528,synthetic
full_row,SYN0095,106,529,synthetic
full_row,SYN0095,106,530,synthetic
full_row,SYN0095,106,531,synthetic
full_row,SYN0095,106,532,synthetic
full_row,SYN0095,106,533,synthetic
full_row,SYN0095,106,534,synthetic
full_row,SYN0095,106,535,synthetic
full_row,SYN0095,106,536,synthetic
full_row,SYN0095,106,537,synthetic
full_row,SYN0095,106,538,synthetic
full_row,SYN0095,106,539,synthetic
full_row,SYN0095,106,540,synthetic
full_row,SYN0095,106,541,synthetic
full_row,SYN0095,106,542,synthetic
full_row,SYN0095,106,543,synthetic
full_row,SYN0095,106,544,synthetic
full_row,SYN0095,106,545,synthetic
full_row,SYN0095,106,546,synthetic
full_row,SYN0095,106,547,synthetic
full_row,SYN0095,106,548,synthetic
full_row,SYN0095,106,549,synthetic
full_row,SYN0095,106,550,synthetic
full_row,SYN0095,106,551,synthetic
full_row,SYN0095,106,552,synthetic
full_row,SYN0095,106,553,synthetic
full_row,SYN0095,106,554,synthetic
full_row,SYN0095,106,555,synthetic
full_row,SYN0095,106,556,synthetic
full_row,SYN0095,106,557,synthetic
full_row,SYN0095,106,558,synthetic
full_row,SYN0095,106,559,synthetic
full_row,SYN0095,106,560,synthetic
full_row,SYN0095,106,561,synthetic
full_row,SYN0095,106,562,synthetic
full_row,SYN0095,106,563,synthetic
full_row,SYN0095,106,564,synthetic
full_row,SYN0095,106,565,synthetic
full_row,SYN0095,106,566,synthetic
full_row,SYN0095,106,567,synthetic
full_row,SYN0095,106,568,synthetic
full_row,SYN0095,106,569,synthetic
full_row,SYN0095,106,570,synthetic
full_row,SYN0095,106,571,synthetic
full_row,SYN0095,106,572,synthetic
full_row,SYN0095,106,573,synthetic
full_row,SYN0095,106,574,synthetic
full_row,SYN0095,106,575,synthetic
full_row,SYN0095,106,576,synthetic
full_row,SYN0095,106,577,synthetic
full_row,SYN0095,106,578,synthetic
full_row,SYN0095,106,579,synthetic
full_row,SYN0095,106,580,synthetic
full_row,SYN0095,106,581,synthetic
full_row,SYN0095,106,582,synthetic
full_row,SYN0095,106,583,synthetic
full_row,SYN0095,106,584,synthetic
full_row,SYN0095,106,585,synthetic
full_row,SYN0095,106,586,synthetic
full_row,SYN0095,106,587,synthetic
full_row,SYN0095,106,588,synthetic
full_row,SYN0095,106,589,synthetic
full_row,SYN0095,106,590,synthetic
full_row,SYN0095,106,591,synthetic
full_row,SYN0095,106,592,synthetic
full_row,SYN0095,106,593,synthetic
full_row,SYN0095,106,594,synthetic
full_row,SYN0095,106,595,synthetic
full_row,SYN0095,106,596,synthetic
full_row,SYN0095,106,597,synthetic
full_row,SYN0095,106,598,synthetic
full_row,SYN0095,106,599,synthetic
full_row,SYN0095,106,600,synthetic
full_row,SYN0095,106,601,synthetic
full_row,SYN0095,106,602,synthetic
full_row,SYN0095,106,603,synthetic
full_row,SYN0095,106,604,synthetic
full_row,SYN0095,106,605,synthetic
full_row,SYN0095,106,606,synthetic
full_row,SYN0095,106,607,synthetic
full_row,SYN0095,106,608,synthetic
full_row,SYN0095,106,609,synthetic
full_row,SYN0095,106,610,synthetic
full_row,SYN0095,106,611,synthetic
full_row,SYN0095,106,612,synthetic
full_row,SYN0095,106,613,synthetic
full_row,SYN0095,106,614,synthetic
full_row,SYN0095,106,615,synthetic
full_row,SYN0095,106,616,synthetic
full_row,SYN0095,106,617,synthetic
full_row,SYN0095,106,618,synthetic
full_row,SYN0095,106,619,synthetic
full_row,SYN0095,106,620,synthetic
full_row,SYN0095,106,621,synthetic
full_row,SYN0095,106,622,synthetic
full_row,SYN0095,106,623,synthetic
full_row,SYN0095,106,624,synthetic
full_row,SYN0095,106,625,synthetic
full_row,SYN0095,106,626,synthetic
full_row,SYN0095,106,627,synthetic
full_row,SYN0095,106,628,synthetic
full_row,SYN0095,106,629,synthetic
full_row,SYN0095,106,630,synthetic
full_row,SYN0095,106,631,synthetic
full_row,SYN0095,106,632,synthetic
full_row,SYN0095,106,633,synthetic
full_row,SYN0095,106,634,synthetic
full_row,SYN0095,106,635,synthetic
full_row,SYN0095,106,636,synthetic
full_row,SYN0095,106,637,synthetic
full_row,SYN0095,106,638,synthetic
full_row,SYN0095,106,639,synthetic
full_row,SYN0095,106,640,synthetic
full_row,SYN0095,106,641,synthetic
full_row,SYN0095,106,642,synthetic
full_row,SYN0095,106,643,synthetic
full_row,SYN0095,106,644,synthetic
full_row,SYN0095,106,645,synthetic
full_row,SYN0095,106,646,synthetic
full_row,SYN0095,106,647,synthetic
full_row,SYN0095,106,648,synthetic
full_row,SYN0095,106,649,synthetic
full_row,SYN0095,106,650,synthetic
full_row,SYN0095,106,651,synthetic
full_row,SYN0095,106,652,synthetic
full_row,SYN0095,106,653,synthetic
full_row,SYN0095,106,654,synthetic
full_row,SYN0095,106,655,synthetic
full_row,SYN0095,106,656,synthetic
full_row,SYN0095,106,657,synthetic
full_row,SYN0095,106,658,synthetic
full_row,SYN0095,106,659,synthetic
full_row,SYN0095,106,660,synthetic
full_row,SYN0095,106,661,synthetic
full_row,SYN0095,106,662,synthetic
full_row,SYN0095,106,663,synthetic
full_row,SYN0095,106,664,synthetic
full_row,SYN0095,106,665,synthetic
full_row,SYN0095,106,666,synthetic
full_row,SYN0095,106,667,synthetic
full_row,SYN0095,106,668,synthetic
full_row,SYN0095,106,669,synthetic
full_row,SYN0095,106,670,synthetic
full_row,SYN0095,106,671,synthetic
full_row,SYN0095,106,672,synthetic
full_row,SYN0095,106,673,synthetic
full_row,SYN0095,106,674,synthetic
full_row,SYN0095,106,675,synthetic
full_row,SYN0095,106,676,synthetic
full_row,SYN0095,106,677,synthetic
full_row,SYN0095,106,678,synthetic
full_row,SYN0095,106,679,synthetic
full_row,SYN0095,106,680,synthetic
full_row,SYN0095,106,681,synthetic
full_row,SYN0095,106,682,synthetic
full_row,SYN0095,106,683,synthetic
full_row,SYN0095,106,684,synthetic
full_row,SYN0095,106,685,synthetic
full_row,SYN0095,106,686,synthetic
full_row,SYN0095,106,687,synthetic
full_row,SYN0095,106,688,synthetic
full_row,SYN0095,106,689,synthetic
full_row,SYN0095,106,690,synthetic
full_row,SYN0095,106,691,synthetic
full_row,SYN0095,106,692,synthetic
full_row,SYN0095,106,693,synthetic
full_row,SYN0095,106,694,synthetic
full_row,SYN0095,106,695,synthetic
full_row,SYN0095,106,696,synthetic
full_row,SYN0095,106,697,synthetic
full_row,SYN0095,106,698,synthetic
full_row,SYN0095,106,699,synthetic
full_row,SYN0095,106,700,synthetic
full_row,SYN0095,106,701,synthetic
full_row,SYN0095,106,702,synthetic
full_row,SYN0095,106,703,synthetic
full_row,SYN0095,106,704,synthetic
full_row,SYN0095,106,705,synthetic
full_row,SYN0095,106,706,synthetic
full_row,SYN0095,106,707,synthetic
full_row,SYN0095,106,708,synthetic
full_row,SYN0095,106,709,synthetic
full_row,SYN0095,106,710,synthetic
full_row,SYN0095,106,711,synthetic
full_row,SYN0095,106,712,synthetic
full_row,SYN0095,106,713,synthetic
full_row,SYN0095,106,714,synthetic
full_row,SYN0095,106,715,synthetic
full_row,SYN0095,106,716,synthetic
full_row,SYN0095,106,717,synthetic
full_row,SYN0095,106,718,synthetic
full_row,SYN0095,106,719,synthetic
full_row,SYN0095,106,720,synthetic
full_row,SYN0095,106,721,synthetic
full_row,SYN0095,106,722,synthetic
full_row,SYN0095,106,723,synthetic
full_row,SYN0095,106,724,synthetic
full_row,SYN0095,106,725,synthetic
full_row,SYN0095,106,726,synthetic
full_row,SYN0095,106,727,synthetic
full_row,SYN0095,106,728,synthetic
full_row,SYN0095,106,729,synthetic
full_row,SYN0095,106,730,synthetic
full_row,SYN0095,106,731,synthetic
full_row,SYN0095,106,732,synthetic
full_row,SYN0095,106,733,synthetic
full_row,SYN0095,106,734,synthetic
full_row,SYN0095,106,735,synthetic
full_row,SYN0095,106,736,synthetic
full_row,SYN0095,106,737,synthetic
full_row,SYN0095,106,738,synthetic
full_row,SYN0095,106,739,synthetic
full_row,SYN0095,106,740,synthetic
full_row,SYN0095,106,741,synthetic
full_row,SYN0095,106,742,synthetic
full_row,SYN0095,106,743,synthetic
full_row,SYN0095,106,744,synthetic
full_row,SYN0095,106,745,synthetic
full_row,SYN0095,106,746,synthetic
full_row,SYN0095,106,747,synthetic
full_row,SYN0095,106,748,synthetic
full_row,SYN0095,106,749,synthetic
full_row,SYN0095,106,750,synthetic
full_row,SYN0095,106,751,synthetic
full_row,SYN0095,106,752,synthetic
full_row,SYN0095,106,753,synthetic
full_row,SYN0095,106,754,synthetic
full_row,SYN0095,106,755,synthetic
full_row,SYN0095,106,756,synthetic
full_row,SYN0095,106,757,synthetic
full_row,SYN0095,106,758,synthetic
full_row,SYN0095,106,759,synthetic
full_row,SYN0095,106,760,synthetic
full_row,SYN0095,106,761,synthetic
full_row,SYN0095,106,762,synthetic
full_row,SYN0095,106,763,synthetic
full_row,SYN0095,106,764,synthetic
full_row,SYN0095,106,765,synthetic
full_row,SYN0095,106,766,synthetic
full_row,SYN0095,106,767,synthetic
full_row,SYN0095,106,768,synthetic
full_row,SYN0095,106,769,synthetic
full_row,SYN0095,106,770,synthetic
full_row,SYN0095,106,771,synthetic
full_row,SYN0095,106,772,synthetic
full_row,SYN0095,106,773,synthetic
full_row,SYN0095,106,774,synthetic
full_row,SYN0095,106,775,synthetic
full_row,SYN0095,106,776,synthetic
full_row,SYN0095,106,777,synthetic
full_row,SYN0095,106,778,synthetic
full_row,SYN0095,106,779,synthetic
full_row,SYN0095,106,780,synthetic
full_row,SYN0095,106,781,synthetic
full_row,SYN0095,106,782,synthetic
full_row,SYN0095,106,783,synthetic
full_row,SYN0095,106,784,synthetic
full_row,SYN0095,106,785,synthetic
full_row,SYN0095,106,786,synthetic
full_row,SYN0095,106,787,synthetic
full_row,SYN0095,106,788,synthetic
full_row,SYN0095,106,789,synthetic
full_row,SYN0095,106,790,synthetic
full_row,SYN0095,106,791,synthetic
full_row,SYN0095,106,792,synthetic
full_row,SYN0095,106,793,synthetic
full_row,SYN0095,106,794,synthetic
full_row,SYN0095,106,795,synthetic
full_row,SYN0095,106,796,synthetic
full_row,SYN0095,106,797,synthetic
full_row,SYN0095,106,798,synthetic
full_row,SYN0095,106,799,synthetic
full_row,SYN0095,106,800,synthetic
full_row,SYN0095,106,801,synthetic
full_row,SYN0095,106,802,synthetic
full_row,SYN0095,106,803,synthetic
full_row,SYN0095,106,804,synthetic
full_row,SYN0095,106,805,synthetic
full_row,SYN0095,106,806,synthetic
full_row,SYN0095,106,807,synthetic
full_row,SYN0095,106,808,synthetic
full_row,SYN0095,106,809,synthetic
full_row,SYN0095,106,810,synthetic
full_row,SYN0095,106,811,synthetic
full_row,SYN0095,106,812,synthetic
full_row,SYN0095,106,813,synthetic
full_row,SYN0095,106,814,synthetic
full_row,SYN0095,106,815,synthetic
full_row,SYN0095,106,816,synthetic
full_row,SYN0095,106,817,synthetic
full_row,SYN0095,106,818,synthetic
full_row,SYN0095,106,819,synthetic
full_row,SYN0095,106,820,synthetic
full_row,SYN0095,106,821,synthetic
full_row,SYN0095,106,822,synthetic
full_row,SYN0095,106,823,synthetic
full_row,SYN0095,106,824,synthetic
full_row,SYN0095,106,825,synthetic
full_row,SYN0095,106,826,synthetic
full_row,SYN0095,106,827,synthetic
full_row,SYN0095,106,828,synthetic
full_row,SYN0095,106,829,synthetic
full_row,SYN0095,106,830,synthetic
full_row,SYN0095,106,831,synthetic
full_row,SYN0095,106,832,synthetic
full_row,SYN0095,106,833,synthetic
full_row,SYN0095,106,834,synthetic
full_row,SYN0095,106,835,synthetic
full_row,SYN0095,106,836,synthetic
full_row,SYN0095,106,837,synthetic
full_row,SYN0095,106,838,synthetic
full_row,SYN0095,106,839,synthetic
full_row,SYN0095,106,840,synthetic
full_row,SYN0095,106,841,synthetic
full_row,SYN0095,106,842,synthetic
full_row,SYN0095,106,843,synthetic
full_row,SYN0095,106,844,synthetic
full_row,SYN0095,106,845,synthetic
full_row,SYN0095,106,846,synthetic
full_row,SYN0095,106,847,synthetic
full_row,SYN0095,106,848,synthetic
full_row,SYN0095,106,849,synthetic
full_row,SYN0095,106,850,synthetic
full_row,SYN0095,106,851,synthetic
full_row,SYN0095,106,852,synthetic
full_row,SYN0095,106,853,synthetic
full_row,SYN0095,106,854,synthetic
full_row,SYN0095,106,855,synthetic
full_row,SYN0095,106,856,synthetic
full_row,SYN0095,106,857,synthetic
full_row,SYN0095,106,858,synthetic
full_row,SYN0095,106,859,synthetic
full_row,SYN0095,106,860,synthetic
full_row,SYN0095,106,861,synthetic
full_row,SYN0095,106,862,synthetic
full_row,SYN0095,106,863,synthetic
full_row,SYN0095,106,864,synthetic
full_row,SYN0095,106,865,synthetic
full_row,SYN0095,106,866,synthetic
full_row,SYN0095,106,867,synthetic
full_row,SYN0095,106,868,synthetic
full_row,SYN0095,106,869,synthetic
full_row,SYN0095,106,870,synthetic
full_row,SYN0095,106,871,synthetic
full_row,SYN0095,106,872,synthetic
full_row,SYN0095,106,873,synthetic
full_row,SYN0095,106,874,synthetic
full_row,SYN0095,106,875,synthetic
full_row,SYN0095,106,876,synthetic
full_row,SYN0095,106,877,synthetic
full_row,SYN0095,106,878,synthetic
full_row,SYN0095,106,879,synthetic
full_row,SYN0095,106,880,synthetic
full_row,SYN0095,106,881,synthetic
full_row,SYN0095,106,882,synthetic
full_row,SYN0095,106,883,synthetic
full_row,SYN0095,106,884,synthetic
full_row,SYN0095,106,885,synthetic
full_row,SYN0095,106,886,synthetic
full_row,SYN0095,106,887,synthetic
full_row,SYN0095,106,888,synthetic
full_row,SYN0095,106,889,synthetic
full_row,SYN0095,106,890,synthetic
full_row,SYN0095,106,891,synthetic
full_row,SYN0095,106,892,synthetic
full_row,SYN0095,106,893,synthetic
full_row,SYN0095,106,894,synthetic
full_row,SYN0095,106,895,synthetic
full_row,SYN0095,106,896,synthetic
full_row,SYN0095,106,897,synthetic
full_row,SYN0095,106,898,synthetic
full_row,SYN0095,106,899,synthetic
full_row,SYN0095,106,900,synthetic
full_row,SYN0095,106,901,synthetic
full_row,SYN0095,106,902,synthetic
full_row,SYN0095,106,903,synthetic
full_row,SYN0095,106,904,synthetic
full_row,SYN0095,106,905,synthetic
full_row,SYN0095,106,906,synthetic
full_row,SYN0095,106,907,synthetic
full_row,SYN0095,106,908,synthetic
full_row,SYN0095,106,909,synthetic
full_row,SYN0095,106,910,synthetic
full_row,SYN0095,106,911,synthetic
full_row,SYN0095,106,912,synthetic
full_row,SYN0095,106,913,synthetic
full_row,SYN0095,106,914,synthetic
full_row,SYN0095,106,915,synthetic
full_row,SYN0095,106,916,synthetic
full_row,SYN0095,106,917,synthetic
full_row,SYN0095,106,918,synthetic
full_row,SYN0095,106,919,synthetic
full_row,SYN0095,106,920,synthetic
full_row,SYN0095,106,921,synthetic
full_row,SYN0095,106,922,synthetic
full_row,SYN0095,106,923,synthetic
full_row,SYN0095,106,924,synthetic
full_row,SYN0095,106,925,synthetic
full_row,SYN0095,106,926,synthetic
full_row,SYN0095,106,927,synthetic
full_row,SYN0095,106,928,synthetic
full_row,SYN0095,106,929,synthetic
full_row,SYN0095,106,930,synthetic
full_row,SYN0095,106,931,synthetic
full_row,SYN0095,106,932,synthetic
full_row,SYN0095,106,933,synthetic
full_row,SYN0095,106,934,synthetic
full_row,SYN0095,106,935,synthetic
full_row,SYN0095,106,936,synthetic
full_row,SYN0095,106,937,synthetic
full_row,SYN0095,106,938,synthetic
full_row,SYN0095,106,939,synthetic
full_row,SYN0095,106,940,synthetic
full_row,SYN0095,106,941,synthetic
full_row,SYN0095,106,942,synthetic
full_row,SYN0095,106,943,synthetic
full_row,SYN0095,106,944,synthetic
full_row,SYN0095,106,945,synthetic
full_row,SYN0095,106,946,synthetic
full_row,SYN0095,106,947,synthetic
full_row,SYN0095,106,948,synthetic
full_row,SYN0095,106,949,synthetic
full_row,SYN0095,106,950,synthetic
full_row,SYN0095,106,951,synthetic
full_row,SYN0095,106,952,synthetic
full_row,SYN0095,106,953,synthetic
full_row,SYN0095,106,954,synthetic
full_row,SYN0095,106,955,synthetic
full_row,SYN0095,106,956,synthetic
full_row,SYN0095,106,957,synthetic
full_row,SYN0095,106,958,synthetic
full_row,SYN0095,106,959,synthetic
full_row,SYN0095,106,960,synthetic
full_row,SYN0095,106,961,synthetic
full_row,SYN0095,106,962,synthetic
full_row,SYN0095,106,963,synthetic
full_row,SYN0095,106,964,synthetic
full_row,SYN0095,106,965,synthetic
full_row,SYN0095,106,966,synthetic
full_row,SYN0095,106,967,synthetic
full_row,SYN0095,106,968,synthetic
full_row,SYN0095,106,969,synthetic
full_row,SYN0095,106,970,synthetic
full_row,SYN0095,106,971,synthetic
full_row,SYN0095,106,972,synthetic
full_row,SYN0095,106,973,synthetic
full_row,SYN0095,106,974,synthetic
full_row,SYN0095,106,975,synthetic
full_row,SYN0095,106,976,synthetic
full_row,SYN0095,106,977,synthetic
full_row,SYN0095,106,978,synthetic
full_row,SYN0095,106,979,synthetic
full_row,SYN0095,106,980,synthetic
full_row,SYN0095,106,981,synthetic
full_row,SYN0095,106,982,synthetic
full_row,SYN0095,106,983,synthetic
full_row,SYN0095,106,984,synthetic
full_row,SYN0095,106,985,synthetic
full_row,SYN0095,106,986,synthetic
full_row,SYN0095,106,987,synthetic
full_row,SYN0095,106,988,synthetic
full_row,SYN0095,106,989,synthetic
full_row,SYN0095,106,990,synthetic
full_row,SYN0095,106,991,synthetic
full_row,SYN0095,106,992,synthetic
full_row,SYN0095,106,993,synthetic
full_row,SYN0095,106,994,synthetic
full_row,SYN0095,106,995,synthetic
full_row,SYN0095,106,996,synthetic
full_row,SYN0095,106,997,synthetic
full_row,SYN0095,106,998,synthetic
full_row,SYN0095,106,999,synthetic
full_row,SYN0095,106,1000,synthetic
full_row,SYN0095,106,1001,synthetic
full_row,SYN0095,106,1002,synthetic
full_row,SYN0095,106,1003,synthetic
full_row,SYN0095,106,1004,synthetic
full_row,SYN0095,106,1005,synthetic
full_row,SYN0095,106,1006,synthetic
full_row,SYN0095,106,1007,synthetic
full_row,SYN0095,106,1008,synthetic
full_row,SYN0095,106,1009,synthetic
full_row,SYN0095,106,1010,synthetic
full_row,SYN0095,106,1011,synthetic
full_row,SYN0095,106,1012,synthetic
full_row,SYN0095,106,1013,synthetic
full_row,SYN0095,106,1014,synthetic
full_row,SYN0095,106,1015,synthetic
full_row,SYN0095,106,1016,synthetic
full_row,SYN0095,106,1017,synthetic
full_row,SYN0095,106,1018,synthetic
full_row,SYN0095,106,1019,synthetic
full_row,SYN0095,106,1020,synthetic
full_row,SYN0095,106,1021,synthetic
full_row,SYN0095,106,1022,synthetic
full_row,SYN0095,106,1023,synthetic
full_column,SYN0096,0,731,synthetic
full_column,SYN0096,1,731,synthetic
full_column,SYN0096,2,731,synthetic
full_column,SYN0096,3,731,synthetic
full_column,SYN0096,4,731,synthetic
full_column,SYN0096,5,731,synthetic
full_column,SYN0096,6,731,synthetic
full_column,SYN0096,7,731,synthetic
full_column,SYN0096,8,731,synthetic
full_column,SYN0096,9,731,synthetic
full_column,SYN0096,10,731,synthetic
full_column,SYN0096,11,731,synthetic
full_column,SYN0096,12,731,synthetic
full_column,SYN0096,13,731,synthetic
full_column,SYN0096,14,731,synthetic
full_column,SYN0096,15,731,synthetic
full_column,SYN0096,16,731,synthetic
full_column,SYN0096,17,731,synthetic
full_column,SYN0096,18,731,synthetic
full_column,SYN0096,19,731,synthetic
full_column,SYN0096,20,731,synthetic
full_column,SYN0096,21,731,synthetic
full_column,SYN0096,22,731,synthetic
full_column,SYN0096,23,731,synthetic
full_column,SYN0096,24,731,synthetic
full_column,SYN0096,25,731,synthetic
full_column,SYN0096,26,731,synthetic
full_column,SYN0096,27,731,synthetic
full_column,SYN0096,28,731,synthetic
full_column,SYN0096,29,731,synthetic
full_column,SYN0096,30,731,synthetic
full_column,SYN0096,31,731,synthetic
full_column,SYN0096,32,731,synthetic
full_column,SYN0096,33,731,synthetic
full_column,SYN0096,34,731,synthetic
full_column,SYN0096,35,731,synthetic
full_column,SYN0096,36,731,synthetic
full_column,SYN0096,37,731,synthetic
full_column,SYN0096,38,731,synthetic
full_column,SYN0096,39,731,synthetic
full_column,SYN0096,40,731,synthetic
full_column,SYN0096,41,731,synthetic
full_column,SYN0096,42,731,synthetic
full_column,SYN0096,43,731,synthetic
full_column,SYN0096,44,731,synthetic
full_column,SYN0096,45,731,synthetic
full_column,SYN0096,46,731,synthetic
full_column,SYN0096,47,731,synthetic
full_column,SYN0096,48,731,synthetic
full_column,SYN0096,49,731,synthetic
full_column,SYN0096,50,731,synthetic
full_column,SYN0096,51,731,synthetic
full_column,SYN0096,52,731,synthetic
full_column,SYN0096,53,731,synthetic
full_column,SYN0096,54,731,synthetic
full_column,SYN0096,55,731,synthetic
full_column,SYN0096,56,731,synthetic
full_column,SYN0096,57,731,synthetic
full_column,SYN0096,58,731,synthetic
full_column,SYN0096,59,731,synthetic
full_column,SYN0096,60,731,synthetic
full_column,SYN0096,61,731,synthetic
full_column,SYN0096,62,731,synthetic
full_column,SYN0096,63,731,synthetic
full_column,SYN0096,64,731,synthetic
full_column,SYN0096,65,731,synthetic
full_column,SYN0096,66,731,synthetic
full_column,SYN0096,67,731,synthetic
full_column,SYN0096,68,731,synthetic
full_column,SYN0096,69,731,synthetic
full_column,SYN0096,70,731,synthetic
full_column,SYN0096,71,731,synthetic
full_column,SYN0096,72,731,synthetic
full_column,SYN0096,73,731,synthetic
full_column,SYN0096,74,731,synthetic
full_column,SYN0096,75,731,synthetic
full_column,SYN0096,76,731,synthetic
full_column,SYN0096,77,731,synthetic
full_column,SYN0096,78,731,synthetic
full_column,SYN0096,79,731,synthetic
full_column,SYN0096,80,731,synthetic
full_column,SYN0096,81,731,synthetic
full_column,SYN0096,82,731,synthetic
full_column,SYN0096,83,731,synthetic
full_column,SYN0096,84,731,synthetic
full_column,SYN0096,85,731,synthetic
full_column,SYN0096,86,731,synthetic
full_column,SYN0096,87,731,synthetic
full_column,SYN0096,88,731,synthetic
full_column,SYN0096,89,731,synthetic
full_column,SYN0096,90,731,synthetic
full_column,SYN0096,91,731,synthetic
full_column,SYN0096,92,731,synthetic
full_column,SYN0096,93,731,synthetic
full_column,SYN0096,94,731,synthetic
full_column,SYN0096,95,731,synthetic
full_column,SYN0096,96,731,synthetic
full_column,SYN0096,97,731,synthetic
full_column,SYN0096,98,731,synthetic
full_column,SYN0096,99,731,synthetic
full_column,SYN0096,100,731,synthetic
full_column,SYN0096,101,731,synthetic
full_column,SYN0096,102,731,synthetic
full_column,SYN0096,103,731,synthetic
full_column,SYN0096,104,731,synthetic
full_column,SYN0096,105,731,synthetic
full_column,SYN0096,106,731,synthetic
full_column,SYN0096,107,731,synthetic
full_column,SYN0096,108,731,synthetic
full_column,SYN0096,109,731,synthetic
full_column,SYN0096,110,731,synthetic
full_column,SYN0096,111,731,synthetic
full_column,SYN0096,112,731,synthetic
full_column,SYN0096,113,731,synthetic
full_column,SYN0096,114,731,synthetic
full_column,SYN0096,115,731,synthetic
full_column,SYN0096,116,731,synthetic
full_column,SYN0096,117,731,synthetic
full_column,SYN0096,118,731,synthetic
full_column,SYN0096,119,731,synthetic
full_column,SYN0096,120,731,synthetic
full_column,SYN0096,121,731,synthetic
full_column,SYN0096,122,731,synthetic
full_column,SYN0096,123,731,synthetic
full_column,SYN0096,124,731,synthetic
full_column,SYN0096,125,731,synthetic
full_column,SYN0096,126,731,synthetic
full_column,SYN0096,127,731,synthetic
full_column,SYN0096,128,731,synthetic
full_column,SYN0096,129,731,synthetic
full_column,SYN0096,130,731,synthetic
full_column,SYN0096,131,731,synthetic
full_column,SYN0096,132,731,synthetic
full_column,SYN0096,133,731,synthetic
full_column,SYN0096,134,731,synthetic
full_column,SYN0096,135,731,synthetic
full_column,SYN0096,136,731,synthetic
full_column,SYN0096,137,731,synthetic
full_column,SYN0096,138,731,synthetic
full_column,SYN0096,139,731,synthetic
full_column,SYN0096,140,731,synthetic
full_column,SYN0096,141,731,synthetic
full_column,SYN0096,142,731,synthetic
full_column,SYN0096,143,731,synthetic
full_column,SYN0096,144,731,synthetic
full_column,SYN0096,145,731,synthetic
full_column,SYN0096,146,731,synthetic
full_column,SYN0096,147,731,synthetic
full_column,SYN0096,148,731,synthetic
full_column,SYN0096,149,731,synthetic
full_column,SYN0096,150,731,synthetic
full_column,SYN0096,151,731,synthetic
full_column,SYN0096,152,731,synthetic
full_column,SYN0096,153,731,synthetic
full_column,SYN0096,154,731,synthetic
full_column,SYN0096,155,731,synthetic
full_column,SYN0096,156,731,synthetic
full_column,SYN0096,157,731,synthetic
full_column,SYN0096,158,731,synthetic
full_column,SYN0096,159,731,synthetic
full_column,SYN0096,160,731,synthetic
full_column,SYN0096,161,731,synthetic
full_column,SYN0096,162,731,synthetic
full_column,SYN0096,163,731,synthetic
full_column,SYN0096,164,731,synthetic
full_column,SYN0096,165,731,synthetic
full_column,SYN0096,166,731,synthetic
full_column,SYN0096,167,731,synthetic
full_column,SYN0096,168,731,synthetic
full_column,SYN0096,169,731,synthetic
full_column,SYN0096,170,731,synthetic
full_column,SYN0096,171,731,synthetic
full_column,SYN0096,172,731,synthetic
full_column,SYN0096,173,731,synthetic
full_column,SYN0096,174,731,synthetic
full_column,SYN0096,175,731,synthetic
full_column,SYN0096,176,731,synthetic
full_column,SYN0096,177,731,synthetic
full_column,SYN0096,178,731,synthetic
full_column,SYN0096,179,731,synthetic
full_column,SYN0096,180,731,synthetic
full_column,SYN0096,181,731,synthetic
full_column,SYN0096,182,731,synthetic
full_column,SYN0096,183,731,synthetic
full_column,SYN0096,184,731,synthetic
full_column,SYN0096,185,731,synthetic
full_column,SYN0096,186,731,synthetic
full_column,SYN0096,187,731,synthetic
full_column,SYN0096,188,731,synthetic
full_column,SYN0096,189,731,synthetic
full_column,SYN0096,190,731,synthetic
full_column,SYN0096,191,731,synthetic
full_column,SYN0096,192,731,synthetic
full_column,SYN0096,193,731,synthetic
full_column,SYN0096,194,731,synthetic
full_column,SYN0096,195,731,synthetic
full_column,SYN0096,196,731,synthetic
full_column,SYN0096,197,731,synthetic
full_column,SYN0096,198,731,synthetic
full_column,SYN0096,199,731,synthetic
full_column,SYN0096,200,731,synthetic
full_column,SYN0096,201,731,synthetic
full_column,SYN0096,202,731,synthetic
full_column,SYN0096,203,731,synthetic
full_column,SYN0096,204,731,synthetic
full_column,SYN0096,205,731,synthetic
full_column,SYN0096,206,731,synthetic
full_column,SYN0096,207,731,synthetic
full_column,SYN0096,208,731,synthetic
full_column,SYN0096,209,731,synthetic
full_column,SYN0096,210,731,synthetic
full_column,SYN0096,211,731,synthetic
full_column,SYN0096,212,731,synthetic
full_column,SYN0096,213,731,synthetic
full_column,SYN0096,214,731,synthetic
full_column,SYN0096,215,731,synthetic
full_column,SYN0096,216,731,synthetic
full_column,SYN0096,217,731,synthetic
full_column,SYN0096,218,731,synthetic
full_column,SYN0096,219,731,synthetic
full_column,SYN0096,220,731,synthetic
full_column,SYN0096,221,731,synthetic
full_column,SYN0096,222,731,synthetic
full_column,SYN0096,223,731,synthetic
full_column,SYN0096,224,731,synthetic
full_column,SYN0096,225,731,synthetic
full_column,SYN0096,226,731,synthetic
full_column,SYN0096,227,731,synthetic
full_column,SYN0096,228,731,synthetic
full_column,SYN0096,229,731,synthetic
full_column,SYN0096,230,731,synthetic
full_column,SYN0096,231,731,synthetic
full_column,SYN0096,232,731,synthetic
full_column,SYN0096,233,731,synthetic
full_column,SYN0096,234,731,synthetic
full_column,SYN0096,235,731,synthetic
full_column,SYN0096,236,731,synthetic
full_column,SYN0096,237,731,synthetic
full_column,SYN0096,238,731,synthetic
full_column,SYN0096,239,731,synthetic
full_column,SYN0096,240,731,synthetic
full_column,SYN0096,241,731,synthetic
full_column,SYN0096,242,731,synthetic
full_column,SYN0096,243,731,synthetic
full_column,SYN0096,244,731,synthetic
full_column,SYN0096,245,731,synthetic
full_column,SYN0096,246,731,synthetic
full_column,SYN0096,247,731,synthetic
full_column,SYN0096,248,731,synthetic
full_column,SYN0096,249,731,synthetic
full_column,SYN0096,250,731,synthetic
full_column,SYN0096,251,731,synthetic
full_column,SYN0096,252,731,synthetic
full_column,SYN0096,253,731,synthetic
full_column,SYN0096,254,731,synthetic
full_column,SYN0096,255,731,synthetic
full_column,SYN0096,256,731,synthetic
full_column,SYN0096,257,731,synthetic
full_column,SYN0096,258,731,synthetic
full_column,SYN0096,259,731,synthetic
full_column,SYN0096,260,731,synthetic
full_column,SYN0096,261,731,synthetic
full_column,SYN0096,262,731,synthetic
full_column,SYN0096,263,731,synthetic
full_column,SYN0096,264,731,synthetic
full_column,SYN0096,265,731,synthetic
full_column,SYN0096,266,731,synthetic
full_column,SYN0096,267,731,synthetic
full_column,SYN0096,268,731,synthetic
full_column,SYN0096,269,731,synthetic
full_column,SYN0096,270,731,synthetic
full_column,SYN0096,271,731,synthetic
full_column,SYN0096,272,731,synthetic
full_column,SYN0096,273,731,synthetic
full_column,SYN0096,274,731,synthetic
full_column,SYN0096,275,731,synthetic
full_column,SYN0096,276,731,synthetic
full_column,SYN0096,277,731,synthetic
full_column,SYN0096,278,731,synthetic
full_column,SYN0096,279,731,synthetic
full_column,SYN0096,280,731,synthetic
full_column,SYN0096,281,731,synthetic
full_column,SYN0096,282,731,synthetic
full_column,SYN0096,283,731,synthetic
full_column,SYN0096,284,731,synthetic
full_column,SYN0096,285,731,synthetic
full_column,SYN0096,286,731,synthetic
full_column,SYN0096,287,731,synthetic
full_column,SYN0096,288,731,synthetic
full_column,SYN0096,289,731,synthetic
full_column,SYN0096,290,731,synthetic
full_column,SYN0096,291,731,synthetic
full_column,SYN0096,292,731,synthetic
full_column,SYN0096,293,731,synthetic
full_column,SYN0096,294,731,synthetic
full_column,SYN0096,295,731,synthetic
full_column,SYN0096,296,731,synthetic
full_column,SYN0096,297,731,synthetic
full_column,SYN0096,298,731,synthetic
full_column,SYN0096,299,731,synthetic
full_column,SYN0096,300,731,synthetic
full_column,SYN0096,301,731,synthetic
full_column,SYN0096,302,731,synthetic
full_column,SYN0096,303,731,synthetic
full_column,SYN0096,304,731,synthetic
full_column,SYN0096,305,731,synthetic
full_column,SYN0096,306,731,synthetic
full_column,SYN0096,307,731,synthetic
full_column,SYN0096,308,731,synthetic
full_column,SYN0096,309,731,synthetic
full_column,SYN0096,310,731,synthetic
full_column,SYN0096,311,731,synthetic
full_column,SYN0096,312,731,synthetic
full_column,SYN0096,313,731,synthetic
full_column,SYN0096,314,731,synthetic
full_column,SYN0096,315,731,synthetic
full_column,SYN0096,316,731,synthetic
full_column,SYN0096,317,731,synthetic
full_column,SYN0096,318,731,synthetic
full_column,SYN0096,319,731,synthetic
full_column,SYN0096,320,731,synthetic
full_column,SYN0096,321,731,synthetic
full_column,SYN0096,322,731,synthetic
full_column,SYN0096,323,731,synthetic
full_column,SYN0096,324,731,synthetic
full_column,SYN0096,325,731,synthetic
full_column,SYN0096,326,731,synthetic
full_column,SYN0096,327,731,synthetic
full_column,SYN0096,328,731,synthetic
full_column,SYN0096,329,731,synthetic
full_column,SYN0096,330,731,synthetic
full_column,SYN0096,331,731,synthetic
full_column,SYN0096,332,731,synthetic
full_column,SYN0096,333,731,synthetic
full_column,SYN0096,334,731,synthetic
full_column,SYN0096,335,731,synthetic
full_column,SYN0096,336,731,synthetic
full_column,SYN0096,337,731,synthetic
full_column,SYN0096,338,731,synthetic
full_column,SYN0096,339,731,synthetic
full_column,SYN0096,340,731,synthetic
full_column,SYN0096,341,731,synthetic
full_column,SYN0096,342,731,synthetic
full_column,SYN0096,343,731,synthetic
full_column,SYN0096,344,731,synthetic
full_column,SYN0096,345,731,synthetic
full_column,SYN0096,346,731,synthetic
full_column,SYN0096,347,731,synthetic
full_column,SYN0096,348,731,synthetic
full_column,SYN0096,349,731,synthetic
full_column,SYN0096,350,731,synthetic
full_column,SYN0096,351,731,synthetic
full_column,SYN0096,352,731,synthetic
full_column,SYN0096,353,731,synthetic
full_column,SYN0096,354,731,synthetic
full_column,SYN0096,355,731,synthetic
full_column,SYN0096,356,731,synthetic
full_column,SYN0096,357,731,synthetic
full_column,SYN0096,358,731,synthetic
full_column,SYN0096,359,731,synthetic
full_column,SYN0096,360,731,synthetic
full_column,SYN0096,361,731,synthetic
full_column,SYN0096,362,731,synthetic
full_column,SYN0096,363,731,synthetic
full_column,SYN0096,364,731,synthetic
full_column,SYN0096,365,731,synthetic
full_column,SYN0096,366,731,synthetic
full_column,SYN0096,367,731,synthetic
full_column,SYN0096,368,731,synthetic
full_column,SYN0096,369,731,synthetic
full_column,SYN0096,370,731,synthetic
full_column,SYN0096,371,731,synthetic
full_column,SYN0096,372,731,synthetic
full_column,SYN0096,373,731,synthetic
full_column,SYN0096,374,731,synthetic
full_column,SYN0096,375,731,synthetic
full_column,SYN0096,376,731,synthetic
full_column,SYN0096,377,731,synthetic
full_column,SYN0096,378,731,synthetic
full_column,SYN0096,379,731,synthetic
full_column,SYN0096,380,731,synthetic
full_column,SYN0096,381,731,synthetic
full_column,SYN0096,382,731,synthetic
full_column,SYN0096,383,731,synthetic
full_column,SYN0096,384,731,synthetic
full_column,SYN0096,385,731,synthetic
full_column,SYN0096,386,731,synthetic
full_column,SYN0096,387,731,synthetic
full_column,SYN0096,388,731,synthetic
full_column,SYN0096,389,731,synthetic
full_column,SYN0096,390,731,synthetic
full_column,SYN0096,391,731,synthetic
full_column,SYN0096,392,731,synthetic
full_column,SYN0096,393,731,synthetic
full_column,SYN0096,394,731,synthetic
full_column,SYN0096,395,731,synthetic
full_column,SYN0096,396,731,synthetic
full_column,SYN0096,397,731,synthetic
full_column,SYN0096,398,731,synthetic
full_column,SYN0096,399,731,synthetic
full_column,SYN0096,400,731,synthetic
full_column,SYN0096,401,731,synthetic
full_column,SYN0096,402,731,synthetic
full_column,SYN0096,403,731,synthetic
full_column,SYN0096,404,731,synthetic
full_column,SYN0096,405,731,synthetic
full_column,SYN0096,406,731,synthetic
full_column,SYN0096,407,731,synthetic
full_column,SYN0096,408,731,synthetic
full_column,SYN0096,409,731,synthetic
full_column,SYN0096,410,731,synthetic
full_column,SYN0096,411,731,synthetic
full_column,SYN0096,412,731,synthetic
full_column,SYN0096,413,731,synthetic
full_column,SYN0096,414,731,synthetic
full_column,SYN0096,415,731,synthetic
full_column,SYN0096,416,731,synthetic
full_column,SYN0096,417,731,synthetic
full_column,SYN0096,418,731,synthetic
full_column,SYN0096,419,731,synthetic
full_column,SYN0096,420,731,synthetic
full_column,SYN0096,421,731,synthetic
full_column,SYN0096,422,731,synthetic
full_column,SYN0096,423,731,synthetic
full_column,SYN0096,424,731,synthetic
full_column,SYN0096,425,731,synthetic
full_column,SYN0096,426,731,synthetic
full_column,SYN0096,427,731,synthetic
full_column,SYN0096,428,731,synthetic
full_column,SYN0096,429,731,synthetic
full_column,SYN0096,430,731,synthetic
full_column,SYN0096,431,731,synthetic
full_column,SYN0096,432,731,synthetic
full_column,SYN0096,433,731,synthetic
full_column,SYN0096,434,731,synthetic
full_column,SYN0096,435,731,synthetic
full_column,SYN0096,436,731,synthetic
full_column,SYN0096,437,731,synthetic
full_column,SYN0096,438,731,synthetic
full_column,SYN0096,439,731,synthetic
full_column,SYN0096,440,731,synthetic
full_column,SYN0096,441,731,synthetic
full_column,SYN0096,442,731,synthetic
full_column,SYN0096,443,731,synthetic
full_column,SYN0096,444,731,synthetic
full_column,SYN0096,445,731,synthetic
full_column,SYN0096,446,731,synthetic
full_column,SYN0096,447,731,synthetic
full_column,SYN0096,448,731,synthetic
full_column,SYN0096,449,731,synthetic
full_column,SYN0096,450,731,synthetic
full_column,SYN0096,451,731,synthetic
full_column,SYN0096,452,731,synthetic
full_column,SYN0096,453,731,synthetic
full_column,SYN0096,454,731,synthetic
full_column,SYN0096,455,731,synthetic
full_column,SYN0096,456,731,synthetic
full_column,SYN0096,457,731,synthetic
full_column,SYN0096,458,731,synthetic
full_column,SYN0096,459,731,synthetic
full_column,SYN0096,460,731,synthetic
full_column,SYN0096,461,731,synthetic
full_column,SYN0096,462,731,synthetic
full_column,SYN0096,463,731,synthetic
full_column,SYN0096,464,731,synthetic
full_column,SYN0096,465,731,synthetic
full_column,SYN0096,466,731,synthetic
full_column,SYN0096,467,731,synthetic
full_column,SYN0096,468,731,synthetic
full_column,SYN0096,469,731,synthetic
full_column,SYN0096,470,731,synthetic
full_column,SYN0096,471,731,synthetic
full_column,SYN0096,472,731,synthetic
full_column,SYN0096,473,731,synthetic
full_column,SYN0096,474,731,synthetic
full_column,SYN0096,475,731,synthetic
full_column,SYN0096,476,731,synthetic
full_column,SYN0096,477,731,synthetic
full_column,SYN0096,478,731,synthetic
full_column,SYN0096,479,731,synthetic
full_column,SYN0096,480,731,synthetic
full_column,SYN0096,481,731,synthetic
full_column,SYN0096,482,731,synthetic
full_column,SYN0096,483,731,synthetic
full_column,SYN0096,484,731,synthetic
full_column,SYN0096,485,731,synthetic
full_column,SYN0096,486,731,synthetic
full_column,SYN0096,487,731,synthetic
full_column,SYN0096,488,731,synthetic
full_column,SYN0096,489,731,synthetic
full_column,SYN0096,490,731,synthetic
full_column,SYN0096,491,731,synthetic
full_column,SYN0096,492,731,synthetic
full_column,SYN0096,493,731,synthetic
full_column,SYN0096,494,731,synthetic
full_column,SYN0096,495,731,synthetic
full_column,SYN0096,496,731,synthetic
full_column,SYN0096,497,731,synthetic
full_column,SYN0096,498,731,synthetic
full_column,SYN0096,499,731,synthetic
full_column,SYN0096,500,731,synthetic
full_column,SYN0096,501,731,synthetic
full_column,SYN0096,502,731,synthetic
full_column,SYN0096,503,731,synthetic
full_column,SYN0096,504,731,synthetic
full_column,SYN0096,505,731,synthetic
full_column,SYN0096,506,731,synthetic
full_column,SYN0096,507,731,synthetic
full_column,SYN0096,508,731,synthetic
full_column,SYN0096,509,731,synthetic
full_column,SYN0096,510,731,synthetic
full_column,SYN0096,511,731,synthetic
full_column,SYN0096,512,731,synthetic
full_column,SYN0096,513,731,synthetic
full_column,SYN0096,514,731,synthetic
full_column,SYN0096,515,731,synthetic
full_column,SYN0096,516,731,synthetic
full_column,SYN0096,517,731,synthetic
full_column,SYN0096,518,731,synthetic
full_column,SYN0096,519,731,synthetic
full_column,SYN0096,520,731,synthetic
full_column,SYN0096,521,731,synthetic
full_column,SYN0096,522,731,synthetic
full_column,SYN0096,523,731,synthetic
full_column,SYN0096,524,731,synthetic
full_column,SYN0096,525,731,synthetic
full_column,SYN0096,526,731,synthetic
full_column,SYN0096,527,731,synthetic
full_column,SYN0096,528,731,synthetic
full_column,SYN0096,529,731,synthetic
full_column,SYN0096,530,731,synthetic
full_column,SYN0096,531,731,synthetic
full_column,SYN0096,532,731,synthetic
full_column,SYN0096,533,731,synthetic
full_column,SYN0096,534,731,synthetic
full_column,SYN0096,535,731,synthetic
full_column,SYN0096,536,731,synthetic
full_column,SYN0096,537,731,synthetic
full_column,SYN0096,538,731,synthetic
full_column,SYN0096,539,731,synthetic
full_column,SYN0096,540,731,synthetic
full_column,SYN0096,541,731,synthetic
full_column,SYN0096,542,731,synthetic
full_column,SYN0096,543,731,synthetic
full_column,SYN0096,544,731,synthetic
full_column,SYN0096,545,731,synthetic
full_column,SYN0096,546,731,synthetic
full_column,SYN0096,547,731,synthetic
full_column,SYN0096,548,731,synthetic
full_column,SYN0096,549,731,synthetic
full_column,SYN0096,550,731,synthetic
full_column,SYN0096,551,731,synthetic
full_column,SYN0096,552,731,synthetic
full_column,SYN0096,553,731,synthetic
full_column,SYN0096,554,731,synthetic
full_column,SYN0096,555,731,synthetic
full_column,SYN0096,556,731,synthetic
full_column,SYN0096,557,731,synthetic
full_column,SYN0096,558,731,synthetic
full_column,SYN0096,559,731,synthetic
full_column,SYN0096,560,731,synthetic
full_column,SYN0096,561,731,synthetic
full_column,SYN0096,562,731,synthetic
full_column,SYN0096,563,731,synthetic
full_column,SYN0096,564,731,synthetic
full_column,SYN0096,565,731,synthetic
full_column,SYN0096,566,731,synthetic
full_column,SYN0096,567,731,synthetic
full_column,SYN0096,568,731,synthetic
full_column,SYN0096,569,731,synthetic
full_column,SYN0096,570,731,synthetic
full_column,SYN0096,571,731,synthetic
full_column,SYN0096,572,731,synthetic
full_column,SYN0096,573,731,synthetic
full_column,SYN0096,574,731,synthetic
full_column,SYN0096,575,731,synthetic
full_column,SYN0096,576,731,synthetic
full_column,SYN0096,577,731,synthetic
full_column,SYN0096,578,731,synthetic
full_column,SYN0096,579,731,synthetic
full_column,SYN0096,580,731,synthetic
full_column,SYN0096,581,731,synthetic
full_column,SYN0096,582,731,synthetic
full_column,SYN0096,583,731,synthetic
full_column,SYN0096,584,731,synthetic
full_column,SYN0096,585,731,synthetic
full_column,SYN0096,586,731,synthetic
full_column,SYN0096,587,731,synthetic
full_column,SYN0096,588,731,synthetic
full_column,SYN0096,589,731,synthetic
full_column,SYN0096,590,731,synthetic
full_column,SYN0096,591,731,synthetic
full_column,SYN0096,592,731,synthetic
full_column,SYN0096,593,731,synthetic
full_column,SYN0096,594,731,synthetic
full_column,SYN0096,595,731,synthetic
full_column,SYN0096,596,731,synthetic
full_column,SYN0096,597,731,synthetic
full_column,SYN0096,598,731,synthetic
full_column,SYN0096,599,731,synthetic
full_column,SYN0096,600,731,synthetic
full_column,SYN0096,601,731,synthetic
full_column,SYN0096,602,731,synthetic
full_column,SYN0096,603,731,synthetic
full_column,SYN0096,604,731,synthetic
full_column,SYN0096,605,731,synthetic
full_column,SYN0096,606,731,synthetic
full_column,SYN0096,607,731,synthetic
full_column,SYN0096,608,731,synthetic
full_column,SYN0096,609,731,synthetic
full_column,SYN0096,610,731,synthetic
full_column,SYN0096,611,731,synthetic
full_column,SYN0096,612,731,synthetic
full_column,SYN0096,613,731,synthetic
full_column,SYN0096,614,731,synthetic
full_column,SYN0096,615,731,synthetic
full_column,SYN0096,616,731,synthetic
full_column,SYN0096,617,731,synthetic
full_column,SYN0096,618,731,synthetic
full_column,SYN0096,619,731,synthetic
full_column,SYN0096,620,731,synthetic
full_column,SYN0096,621,731,synthetic
full_column,SYN0096,622,731,synthetic
full_column,SYN0096,623,731,synthetic
full_column,SYN0096,624,731,synthetic
full_column,SYN0096,625,731,synthetic
full_column,SYN0096,626,731,synthetic
full_column,SYN0096,627,731,synthetic
full_column,SYN0096,628,731,synthetic
full_column,SYN0096,629,731,synthetic
full_column,SYN0096,630,731,synthetic
full_column,SYN0096,631,731,synthetic
full_column,SYN0096,632,731,synthetic
full_column,SYN0096,633,731,synthetic
full_column,SYN0096,634,731,synthetic
full_column,SYN0096,635,731,synthetic
full_column,SYN0096,636,731,synthetic
full_column,SYN0096,637,731,synthetic
full_column,SYN0096,638,731,synthetic
full_column,SYN0096,639,731,synthetic
full_column,SYN0096,640,731,synthetic
full_column,SYN0096,641,731,synthetic
full_column,SYN0096,642,731,synthetic
full_column,SYN0096,643,731,synthetic
full_column,SYN0096,644,731,synthetic
full_column,SYN0096,645,731,synthetic
full_column,SYN0096,646,731,synthetic
full_column,SYN0096,647,731,synthetic
full_column,SYN0096,648,731,synthetic
full_column,SYN0096,649,731,synthetic
full_column,SYN0096,650,731,synthetic
full_column,SYN0096,651,731,synthetic
full_column,SYN0096,652,731,synthetic
full_column,SYN0096,653,731,synthetic
full_column,SYN0096,654,731,synthetic
full_column,SYN0096,655,731,synthetic
full_column,SYN0096,656,731,synthetic
full_column,SYN0096,657,731,synthetic
full_column,SYN0096,658,731,synthetic
full_column,SYN0096,659,731,synthetic
full_column,SYN0096,660,731,synthetic
full_column,SYN0096,661,731,synthetic
full_column,SYN0096,662,731,synthetic
full_column,SYN0096,663,731,synthetic
full_column,SYN0096,664,731,synthetic
full_column,SYN0096,665,731,synthetic
full_column,SYN0096,666,731,synthetic
full_column,SYN0096,667,731,synthetic
full_column,SYN0096,668,731,synthetic
full_column,SYN0096,669,731,synthetic
full_column,SYN0096,670,731,synthetic
full_column,SYN0096,671,731,synthetic
full_column,SYN0096,672,731,synthetic
full_column,SYN0096,673,731,synthetic
full_column,SYN0096,674,731,synthetic
full_column,SYN0096,675,731,synthetic
full_column,SYN0096,676,731,synthetic
full_column,SYN0096,677,731,synthetic
full_column,SYN0096,678,731,synthetic
full_column,SYN0096,679,731,synthetic
full_column,SYN0096,680,731,synthetic
full_column,SYN0096,681,731,synthetic
full_column,SYN0096,682,731,synthetic
full_column,SYN0096,683,731,synthetic
full_column,SYN0096,684,731,synthetic
full_column,SYN0096,685,731,synthetic
full_column,SYN0096,686,731,synthetic
full_column,SYN0096,687,731,synthetic
full_column,SYN0096,688,731,synthetic
full_column,SYN0096,689,731,synthetic
full_column,SYN0096,690,731,synthetic
full_column,SYN0096,691,731,synthetic
full_column,SYN0096,692,731,synthetic
full_column,SYN0096,693,731,synthetic
full_column,SYN0096,694,731,synthetic
full_column,SYN0096,695,731,synthetic
full_column,SYN0096,696,731,synthetic
full_column,SYN0096,697,731,synthetic
full_column,SYN0096,698,731,synthetic
full_column,SYN0096,699,731,synthetic
full_column,SYN0096,700,731,synthetic
full_column,SYN0096,701,731,synthetic
full_column,SYN0096,702,731,synthetic
full_column,SYN0096,703,731,synthetic
full_column,SYN0096,704,731,synthetic
full_column,SYN0096,705,731,synthetic
full_column,SYN0096,706,731,synthetic
full_column,SYN0096,707,731,synthetic
full_column,SYN0096,708,731,synthetic
full_column,SYN0096,709,731,synthetic
full_column,SYN0096,710,731,synthetic
full_column,SYN0096,711,731,synthetic
full_column,SYN0096,712,731,synthetic
full_column,SYN0096,713,731,synthetic
full_column,SYN0096,714,731,synthetic
full_column,SYN0096,715,731,synthetic
full_column,SYN0096,716,731,synthetic
full_column,SYN0096,717,731,synthetic
full_column,SYN0096,718,731,synthetic
full_column,SYN0096,719,731,synthetic
full_column,SYN0096,720,731,synthetic
full_column,SYN0096,721,731,synthetic
full_column,SYN0096,722,731,synthetic
full_column,SYN0096,723,731,synthetic
full_column,SYN0096,724,731,synthetic
full_column,SYN0096,725,731,synthetic
full_column,SYN0096,726,731,synthetic
full_column,SYN0096,727,731,synthetic
full_column,SYN0096,728,731,synthetic
full_column,SYN0096,729,731,synthetic
full_column,SYN0096,730,731,synthetic
full_column,SYN0096,731,731,synthetic
full_column,SYN0096,732,731,synthetic
full_column,SYN0096,733,731,synthetic
full_column,SYN0096,734,731,synthetic
full_column,SYN0096,735,731,synthetic
full_column,SYN0096,736,731,synthetic
full_column,SYN0096,737,731,synthetic
full_column,SYN0096,738,731,synthetic
full_column,SYN0096,739,731,synthetic
full_column,SYN0096,740,731,synthetic
full_column,SYN0096,741,731,synthetic
full_column,SYN0096,742,731,synthetic
full_column,SYN0096,743,731,synthetic
full_column,SYN0096,744,731,synthetic
full_column,SYN0096,745,731,synthetic
full_column,SYN0096,746,731,synthetic
full_column,SYN0096,747,731,synthetic
full_column,SYN0096,748,731,synthetic
full_column,SYN0096,749,731,synthetic
full_column,SYN0096,750,731,synthetic
full_column,SYN0096,751,731,synthetic
full_column,SYN0096,752,731,synthetic
full_column,SYN0096,753,731,synthetic
full_column,SYN0096,754,731,synthetic
full_column,SYN0096,755,731,synthetic
full_column,SYN0096,756,731,synthetic
full_column,SYN0096,757,731,synthetic
full_column,SYN0096,758,731,synthetic
full_column,SYN0096,759,731,synthetic
full_column,SYN0096,760,731,synthetic
full_column,SYN0096,761,731,synthetic
full_column,SYN0096,762,731,synthetic
full_column,SYN0096,763,731,synthetic
full_column,SYN0096,764,731,synthetic
full_column,SYN0096,765,731,synthetic
full_column,SYN0096,766,731,synthetic
full_column,SYN0096,767,731,synthetic
full_column,SYN0096,768,731,synthetic
full_column,SYN0096,769,731,synthetic
full_column,SYN0096,770,731,synthetic
full_column,SYN0096,771,731,synthetic
full_column,SYN0096,772,731,synthetic
full_column,SYN0096,773,731,synthetic
full_column,SYN0096,774,731,synthetic
full_column,SYN0096,775,731,synthetic
full_column,SYN0096,776,731,synthetic
full_column,SYN0096,777,731,synthetic
full_column,SYN0096,778,731,synthetic
full_column,SYN0096,779,731,synthetic
full_column,SYN0096,780,731,synthetic
full_column,SYN0096,781,731,synthetic
full_column,SYN0096,782,731,synthetic
full_column,SYN0096,783,731,synthetic
full_column,SYN0096,784,731,synthetic
full_column,SYN0096,785,731,synthetic
full_column,SYN0096,786,731,synthetic
full_column,SYN0096,787,731,synthetic
full_column,SYN0096,788,731,synthetic
full_column,SYN0096,789,731,synthetic
full_column,SYN0096,790,731,synthetic
full_column,SYN0096,791,731,synthetic
full_column,SYN0096,792,731,synthetic
full_column,SYN0096,793,731,synthetic
full_column,SYN0096,794,731,synthetic
full_column,SYN0096,795,731,synthetic
full_column,SYN0096,796,731,synthetic
full_column,SYN0096,797,731,synthetic
full_column,SYN0096,798,731,synthetic
full_column,SYN0096,799,731,synthetic
full_column,SYN0096,800,731,synthetic
full_column,SYN0096,801,731,synthetic
full_column,SYN0096,802,731,synthetic
full_column,SYN0096,803,731,synthetic
full_column,SYN0096,804,731,synthetic
full_column,SYN0096,805,731,synthetic
full_column,SYN0096,806,731,synthetic
full_column,SYN0096,807,731,synthetic
full_column,SYN0096,808,731,synthetic
full_column,SYN0096,809,731,synthetic
full_column,SYN0096,810,731,synthetic
full_column,SYN0096,811,731,synthetic
full_column,SYN0096,812,731,synthetic
full_column,SYN0096,813,731,synthetic
full_column,SYN0096,814,731,synthetic
full_column,SYN0096,815,731,synthetic
full_column,SYN0096,816,731,synthetic
full_column,SYN0096,817,731,synthetic
full_column,SYN0096,818,731,synthetic
full_column,SYN0096,819,731,synthetic
full_column,SYN0096,820,731,synthetic
full_column,SYN0096,821,731,synthetic
full_column,SYN0096,822,731,synthetic
full_column,SYN0096,823,731,synthetic
full_column,SYN0096,824,731,synthetic
full_column,SYN0096,825,731,synthetic
full_column,SYN0096,826,731,synthetic
full_column,SYN0096,827,731,synthetic
full_column,SYN0096,828,731,synthetic
full_column,SYN0096,829,731,synthetic
full_column,SYN0096,830,731,synthetic
full_column,SYN0096,831,731,synthetic
full_column,SYN0096,832,731,synthetic
full_column,SYN0096,833,731,synthetic
full_column,SYN0096,834,731,synthetic
full_column,SYN0096,835,731,synthetic
full_column,SYN0096,836,731,synthetic
full_column,SYN0096,837,731,synthetic
full_column,SYN0096,838,731,synthetic
full_column,SYN0096,839,731,synthetic
full_column,SYN0096,840,731,synthetic
full_column,SYN0096,841,731,synthetic
full_column,SYN0096,842,731,synthetic
full_column,SYN0096,843,731,synthetic
full_column,SYN0096,844,731,synthetic
full_column,SYN0096,845,731,synthetic
full_column,SYN0096,846,731,synthetic
full_column,SYN0096,847,731,synthetic
full_column,SYN0096,848,731,synthetic
full_column,SYN0096,849,731,synthetic
full_column,SYN0096,850,731,synthetic
full_column,SYN0096,851,731,synthetic
full_column,SYN0096,852,731,synthetic
full_column,SYN0096,853,731,synthetic
full_column,SYN0096,854,731,synthetic
full_column,SYN0096,855,731,synthetic
full_column,SYN0096,856,731,synthetic
full_column,SYN0096,857,731,synthetic
full_column,SYN0096,858,731,synthetic
full_column,SYN0096,859,731,synthetic
full_column,SYN0096,860,731,synthetic
full_column,SYN0096,861,731,synthetic
full_column,SYN0096,862,731,synthetic
full_column,SYN0096,863,731,synthetic
full_column,SYN0096,864,731,synthetic
full_column,SYN0096,865,731,synthetic
full_column,SYN0096,866,731,synthetic
full_column,SYN0096,867,731,synthetic
full_column,SYN0096,868,731,synthetic
full_column,SYN0096,869,731,synthetic
full_column,SYN0096,870,731,synthetic
full_column,SYN0096,871,731,synthetic
full_column,SYN0096,872,731,synthetic
full_column,SYN0096,873,731,synthetic
full_column,SYN0096,874,731,synthetic
full_column,SYN0096,875,731,synthetic
full_column,SYN0096,876,731,synthetic
full_column,SYN0096,877,731,synthetic
full_column,SYN0096,878,731,synthetic
full_column,SYN0096,879,731,synthetic
full_column,SYN0096,880,731,synthetic
full_column,SYN0096,881,731,synthetic
full_column,SYN0096,882,731,synthetic
full_column,SYN0096,883,731,synthetic
full_column,SYN0096,884,731,synthetic
full_column,SYN0096,885,731,synthetic
full_column,SYN0096,886,731,synthetic
full_column,SYN0096,887,731,synthetic
full_column,SYN0096,888,731,synthetic
full_column,SYN0096,889,731,synthetic
full_column,SYN0096,890,731,synthetic
full_column,SYN0096,891,731,synthetic
full_column,SYN0096,892,731,synthetic
full_column,SYN0096,893,731,synthetic
full_column,SYN0096,894,731,synthetic
full_column,SYN0096,895,731,synthetic
full_column,SYN0096,896,731,synthetic
full_column,SYN0096,897,731,synthetic
full_column,SYN0096,898,731,synthetic
full_column,SYN0096,899,731,synthetic
full_column,SYN0096,900,731,synthetic
full_column,SYN0096,901,731,synthetic
full_column,SYN0096,902,731,synthetic
full_column,SYN0096,903,731,synthetic
full_column,SYN0096,904,731,synthetic
full_column,SYN0096,905,731,synthetic
full_column,SYN0096,906,731,synthetic
full_column,SYN0096,907,731,synthetic
full_column,SYN0096,908,731,synthetic
full_column,SYN0096,909,731,synthetic
full_column,SYN0096,910,731,synthetic
full_column,SYN0096,911,731,synthetic
full_column,SYN0096,912,731,synthetic
full_column,SYN0096,913,731,synthetic
full_column,SYN0096,914,731,synthetic
full_column,SYN0096,915,731,synthetic
full_column,SYN0096,916,731,synthetic
full_column,SYN0096,917,731,synthetic
full_column,SYN0096,918,731,synthetic
full_column,SYN0096,919,731,synthetic
full_column,SYN0096,920,731,synthetic
full_column,SYN0096,921,731,synthetic
full_column,SYN0096,922,731,synthetic
full_column,SYN0096,923,731,synthetic
full_column,SYN0096,924,731,synthetic
full_column,SYN0096,925,731,synthetic
full_column,SYN0096,926,731,synthetic
full_column,SYN0096,927,731,synthetic
full_column,SYN0096,928,731,synthetic
full_column,SYN0096,929,731,synthetic
full_column,SYN0096,930,731,synthetic
full_column,SYN0096,931,731,synthetic
full_column,SYN0096,932,731,synthetic
full_column,SYN0096,933,731,synthetic
full_column,SYN0096,934,731,synthetic
full_column,SYN0096,935,731,synthetic
full_column,SYN0096,936,731,synthetic
full_column,SYN0096,937,731,synthetic
full_column,SYN0096,938,731,synthetic
full_column,SYN0096,939,731,synthetic
full_column,SYN0096,940,731,synthetic
full_column,SYN0096,941,731,synthetic
full_column,SYN0096,942,731,synthetic
full_column,SYN0096,943,731,synthetic
full_column,SYN0096,944,731,synthetic
full_column,SYN0096,945,731,synthetic
full_column,SYN0096,946,731,synthetic
full_column,SYN0096,947,731,synthetic
full_column,SYN0096,948,731,synthetic
full_column,SYN0096,949,731,synthetic
full_column,SYN0096,950,731,synthetic
full_column,SYN0096,951,731,synthetic
full_column,SYN0096,952,731,synthetic
full_column,SYN0096,953,731,synthetic
full_column,SYN0096,954,731,synthetic
full_column,SYN0096,955,731,synthetic
full_column,SYN0096,956,731,synthetic
full_column,SYN0096,957,731,synthetic
full_column,SYN0096,958,731,synthetic
full_column,SYN0096,959,731,synthetic
full_column,SYN0096,960,731,synthetic
full_column,SYN0096,961,731,synthetic
full_column,SYN0096,962,731,synthetic
full_column,SYN0096,963,731,synthetic
full_column,SYN0096,964,731,synthetic
full_column,SYN0096,965,731,synthetic
full_column,SYN0096,966,731,synthetic
full_column,SYN0096,967,731,synthetic
full_column,SYN0096,968,731,synthetic
full_column,SYN0096,969,731,synthetic
full_column,SYN0096,970,731,synthetic
full_column,SYN0096,971,731,synthetic
full_column,SYN0096,972,731,synthetic
full_column,SYN0096,973,731,synthetic
full_column,SYN0096,974,731,synthetic
full_column,SYN0096,975,731,synthetic
full_column,SYN0096,976,731,synthetic
full_column,SYN0096,977,731,synthetic
full_column,SYN0096,978,731,synthetic
full_column,SYN0096,979,731,synthetic
full_column,SYN0096,980,731,synthetic
full_column,SYN0096,981,731,synthetic
full_column,SYN0096,982,731,synthetic
full_column,SYN0096,983,731,synthetic
full_column,SYN0096,984,731,synthetic
full_column,SYN0096,985,731,synthetic
full_column,SYN0096,986,731,synthetic
full_column,SYN0096,987,731,synthetic
full_column,SYN0096,988,731,synthetic
full_column,SYN0096,989,731,synthetic
full_column,SYN0096,990,731,synthetic
full_column,SYN0096,991,731,synthetic
full_column,SYN0096,992,731,synthetic
full_column,SYN0096,993,731,synthetic
full_column,SYN0096,994,731,synthetic
full_column,SYN0096,995,731,synthetic
full_column,SYN0096,996,731,synthetic
full_column,SYN0096,997,731,synthetic
full_column,SYN0096,998,731,synthetic
full_column,SYN0096,999,731,synthetic
full_column,SYN0096,1000,731,synthetic
full_column,SYN0096,1001,731,synthetic
full_column,SYN0096,1002,731,synthetic
full_column,SYN0096,1003,731,synthetic
full_column,SYN0096,1004,731,synthetic
full_column,SYN0096,1005,731,synthetic
full_column,SYN0096,1006,731,synthetic
full_column,SYN0096,1007,731,synthetic
full_column,SYN0096,1008,731,synthetic
full_column,SYN0096,1009,731,synthetic
full_column,SYN0096,1010,731,synthetic
full_column,SYN0096,1011,731,synthetic
full_column,SYN0096,1012,731,synthetic
full_column,SYN0096,1013,731,synthetic
full_column,SYN0096,1014,731,synthetic
full_column,SYN0096,1015,731,synthetic
full_column,SYN0096,1016,731,synthetic
full_column,SYN0096,1017,731,synthetic
full_column,SYN0096,1018,731,synthetic
full_column,SYN0096,1019,731,synthetic
full_column,SYN0096,1020,731,synthetic
full_column,SYN0096,1021,731,synthetic
full_column,SYN0096,1022,731,synthetic
full_column,SYN0096,1023,731,synthetic
full_column,SYN0097,0,550,synthetic
full_column,SYN0097,1,550,synthetic
full_column,SYN0097,2,550,synthetic
full_column,SYN0097,3,550,synthetic
full_column,SYN0097,4,550,synthetic
full_column,SYN0097,5,550,synthetic
full_column,SYN0097,6,550,synthetic
full_column,SYN0097,7,550,synthetic
full_column,SYN0097,8,550,synthetic
full_column,SYN0097,9,550,synthetic
full_column,SYN0097,10,550,synthetic
full_column,SYN0097,11,550,synthetic
full_column,SYN0097,12,550,synthetic
full_column,SYN0097,13,550,synthetic
full_column,SYN0097,14,550,synthetic
full_column,SYN0097,15,550,synthetic
full_column,SYN0097,16,550,synthetic
full_column,SYN0097,17,550,synthetic
full_column,SYN0097,18,550,synthetic
full_column,SYN0097,19,550,synthetic
full_column,SYN0097,20,550,synthetic
full_column,SYN0097,21,550,synthetic
full_column,SYN0097,22,550,synthetic
full_column,SYN0097,23,550,synthetic
full_column,SYN0097,24,550,synthetic
full_column,SYN0097,25,550,synthetic
full_column,SYN0097,26,550,synthetic
full_column,SYN0097,27,550,synthetic
full_column,SYN0097,28,550,synthetic
full_column,SYN0097,29,550,synthetic
full_column,SYN0097,30,550,synthetic
full_column,SYN0097,31,550,synthetic
full_column,SYN0097,32,550,synthetic
full_column,SYN0097,33,550,synthetic
full_column,SYN0097,34,550,synthetic
full_column,SYN0097,35,550,synthetic
full_column,SYN0097,36,550,synthetic
full_column,SYN0097,37,550,synthetic
full_column,SYN0097,38,550,synthetic
full_column,SYN0097,39,550,synthetic
full_column,SYN0097,40,550,synthetic
full_column,SYN0097,41,550,synthetic
full_column,SYN0097,42,550,synthetic
full_column,SYN0097,43,550,synthetic
full_column,SYN0097,44,550,synthetic
full_column,SYN0097,45,550,synthetic
full_column,SYN0097,46,550,synthetic
full_column,SYN0097,47,550,synthetic
full_column,SYN0097,48,550,synthetic
full_column,SYN0097,49,550,synthetic
full_column,SYN0097,50,550,synthetic
full_column,SYN0097,51,550,synthetic
full_column,SYN0097,52,550,synthetic
full_column,SYN0097,53,550,synthetic
full_column,SYN0097,54,550,synthetic
full_column,SYN0097,55,550,synthetic
full_column,SYN0097,56,550,synthetic
full_column,SYN0097,57,550,synthetic
full_column,SYN0097,58,550,synthetic
full_column,SYN0097,59,550,synthetic
full_column,SYN0097,60,550,synthetic
full_column,SYN0097,61,550,synthetic
full_column,SYN0097,62,550,synthetic
full_column,SYN0097,63,550,synthetic
full_column,SYN0097,64,550,synthetic
full_column,SYN0097,65,550,synthetic
full_column,SYN0097,66,550,synthetic
full_column,SYN0097,67,550,synthetic
full_column,SYN0097,68,550,synthetic
full_column,SYN0097,69,550,synthetic
full_column,SYN0097,70,550,synthetic
full_column,SYN0097,71,550,synthetic
full_column,SYN0097,72,550,synthetic
full_column,SYN0097,73,550,synthetic
full_column,SYN0097,74,550,synthetic
full_column,SYN0097,75,550,synthetic
full_column,SYN0097,76,550,synthetic
full_column,SYN0097,77,550,synthetic
full_column,SYN0097,78,550,synthetic
full_column,SYN0097,79,550,synthetic
full_column,SYN0097,80,550,synthetic
full_column,SYN0097,81,550,synthetic
full_column,SYN0097,82,550,synthetic
full_column,SYN0097,83,550,synthetic
full_column,SYN0097,84,550,synthetic
full_column,SYN0097,85,550,synthetic
full_column,SYN0097,86,550,synthetic
full_column,SYN0097,87,550,synthetic
full_column,SYN0097,88,550,synthetic
full_column,SYN0097,89,550,synthetic
full_column,SYN0097,90,550,synthetic
full_column,SYN0097,91,550,synthetic
full_column,SYN0097,92,550,synthetic
full_column,SYN0097,93,550,synthetic
full_column,SYN0097,94,550,synthetic
full_column,SYN0097,95,550,synthetic
full_column,SYN0097,96,550,synthetic
full_column,SYN0097,97,550,synthetic
full_column,SYN0097,98,550,synthetic
full_column,SYN0097,99,550,synthetic
full_column,SYN0097,100,550,synthetic
full_column,SYN0097,101,550,synthetic
full_column,SYN0097,102,550,synthetic
full_column,SYN0097,103,550,synthetic
full_column,SYN0097,104,550,synthetic
full_column,SYN0097,105,550,synthetic
full_column,SYN0097,106,550,synthetic
full_column,SYN0097,107,550,synthetic
full_column,SYN0097,108,550,synthetic
full_column,SYN0097,109,550,synthetic
full_column,SYN0097,110,550,synthetic
full_column,SYN0097,111,550,synthetic
full_column,SYN0097,112,550,synthetic
full_column,SYN0097,113,550,synthetic
full_column,SYN0097,114,550,synthetic
full_column,SYN0097,115,550,synthetic
full_column,SYN0097,116,550,synthetic
full_column,SYN0097,117,550,synthetic
full_column,SYN0097,118,550,synthetic
full_column,SYN0097,119,550,synthetic
full_column,SYN0097,120,550,synthetic
full_column,SYN0097,121,550,synthetic
full_column,SYN0097,122,550,synthetic
full_column,SYN0097,123,550,synthetic
full_column,SYN0097,124,550,synthetic
full_column,SYN0097,125,550,synthetic
full_column,SYN0097,126,550,synthetic
full_column,SYN0097,127,550,synthetic
full_column,SYN0097,128,550,synthetic
full_column,SYN0097,129,550,synthetic
full_column,SYN0097,130,550,synthetic
full_column,SYN0097,131,550,synthetic
full_column,SYN0097,132,550,synthetic
full_column,SYN0097,133,550,synthetic
full_column,SYN0097,134,550,synthetic
full_column,SYN0097,135,550,synthetic
full_column,SYN0097,136,550,synthetic
full_column,SYN0097,137,550,synthetic
full_column,SYN0097,138,550,synthetic
full_column,SYN0097,139,550,synthetic
full_column,SYN0097,140,550,synthetic
full_column,SYN0097,141,550,synthetic
full_column,SYN0097,142,550,synthetic
full_column,SYN0097,143,550,synthetic
full_column,SYN0097,144,550,synthetic
full_column,SYN0097,145,550,synthetic
full_column,SYN0097,146,550,synthetic
full_column,SYN0097,147,550,synthetic
full_column,SYN0097,148,550,synthetic
full_column,SYN0097,149,550,synthetic
full_column,SYN0097,150,550,synthetic
full_column,SYN0097,151,550,synthetic
full_column,SYN0097,152,550,synthetic
full_column,SYN0097,153,550,synthetic
full_column,SYN0097,154,550,synthetic
full_column,SYN0097,155,550,synthetic
full_column,SYN0097,156,550,synthetic
full_column,SYN0097,157,550,synthetic
full_column,SYN0097,158,550,synthetic
full_column,SYN0097,159,550,synthetic
full_column,SYN0097,160,550,synthetic
full_column,SYN0097,161,550,synthetic
full_column,SYN0097,162,550,synthetic
full_column,SYN0097,163,550,synthetic
full_column,SYN0097,164,550,synthetic
full_column,SYN0097,165,550,synthetic
full_column,SYN0097,166,550,synthetic
full_column,SYN0097,167,550,synthetic
full_column,SYN0097,168,550,synthetic
full_column,SYN0097,169,550,synthetic
full_column,SYN0097,170,550,synthetic
full_column,SYN0097,171,550,synthetic
full_column,SYN0097,172,550,synthetic
full_column,SYN0097,173,550,synthetic
full_column,SYN0097,174,550,synthetic
full_column,SYN0097,175,550,synthetic
full_column,SYN0097,176,550,synthetic
full_column,SYN0097,177,550,synthetic
full_column,SYN0097,178,550,synthetic
full_column,SYN0097,179,550,synthetic
full_column,SYN0097,180,550,synthetic
full_column,SYN0097,181,550,synthetic
full_column,SYN0097,182,550,synthetic
full_column,SYN0097,183,550,synthetic
full_column,SYN0097,184,550,synthetic
full_column,SYN0097,185,550,synthetic
full_column,SYN0097,186,550,synthetic
full_column,SYN0097,187,550,synthetic
full_column,SYN0097,188,550,synthetic
full_column,SYN0097,189,550,synthetic
full_column,SYN0097,190,550,synthetic
full_column,SYN0097,191,550,synthetic
full_column,SYN0097,192,550,synthetic
full_column,SYN0097,193,550,synthetic
full_column,SYN0097,194,550,synthetic
full_column,SYN0097,195,550,synthetic
full_column,SYN0097,196,550,synthetic
full_column,SYN0097,197,550,synthetic
full_column,SYN0097,198,550,synthetic
full_column,SYN0097,199,550,synthetic
full_column,SYN0097,200,550,synthetic
full_column,SYN0097,201,550,synthetic
full_column,SYN0097,202,550,synthetic
full_column,SYN0097,203,550,synthetic
full_column,SYN0097,204,550,synthetic
full_column,SYN0097,205,550,synthetic
full_column,SYN0097,206,550,synthetic
full_column,SYN0097,207,550,synthetic
full_column,SYN0097,208,550,synthetic
full_column,SYN0097,209,550,synthetic
full_column,SYN0097,210,550,synthetic
full_column,SYN0097,211,550,synthetic
full_column,SYN0097,212,550,synthetic
full_column,SYN0097,213,550,synthetic
full_column,SYN0097,214,550,synthetic
full_column,SYN0097,215,550,synthetic
full_column,SYN0097,216,550,synthetic
full_column,SYN0097,217,550,synthetic
full_column,SYN0097,218,550,synthetic
full_column,SYN0097,219,550,synthetic
full_column,SYN0097,220,550,synthetic
full_column,SYN0097,221,550,synthetic
full_column,SYN0097,222,550,synthetic
full_column,SYN0097,223,550,synthetic
full_column,SYN0097,224,550,synthetic
full_column,SYN0097,225,550,synthetic
full_column,SYN0097,226,550,synthetic
full_column,SYN0097,227,550,synthetic
full_column,SYN0097,228,550,synthetic
full_column,SYN0097,229,550,synthetic
full_column,SYN0097,230,550,synthetic
full_column,SYN0097,231,550,synthetic
full_column,SYN0097,232,550,synthetic
full_column,SYN0097,233,550,synthetic
full_column,SYN0097,234,550,synthetic
full_column,SYN0097,235,550,synthetic
full_column,SYN0097,236,550,synthetic
full_column,SYN0097,237,550,synthetic
full_column,SYN0097,238,550,synthetic
full_column,SYN0097,239,550,synthetic
full_column,SYN0097,240,550,synthetic
full_column,SYN0097,241,550,synthetic
full_column,SYN0097,242,550,synthetic
full_column,SYN0097,243,550,synthetic
full_column,SYN0097,244,550,synthetic
full_column,SYN0097,245,550,synthetic
full_column,SYN0097,246,550,synthetic
full_column,SYN0097,247,550,synthetic
full_column,SYN0097,248,550,synthetic
full_column,SYN0097,249,550,synthetic
full_column,SYN0097,250,550,synthetic
full_column,SYN0097,251,550,synthetic
full_column,SYN0097,252,550,synthetic
full_column,SYN0097,253,550,synthetic
full_column,SYN0097,254,550,synthetic
full_column,SYN0097,255,550,synthetic
full_column,SYN0097,256,550,synthetic
full_column,SYN0097,257,550,synthetic
full_column,SYN0097,258,550,synthetic
full_column,SYN0097,259,550,synthetic
full_column,SYN0097,260,550,synthetic
full_column,SYN0097,261,550,synthetic
full_column,SYN0097,262,550,synthetic
full_column,SYN0097,263,550,synthetic
full_column,SYN0097,264,550,synthetic
full_column,SYN0097,265,550,synthetic
full_column,SYN0097,266,550,synthetic
full_column,SYN0097,267,550,synthetic
full_column,SYN0097,268,550,synthetic
full_column,SYN0097,269,550,synthetic
full_column,SYN0097,270,550,synthetic
full_column,SYN0097,271,550,synthetic
full_column,SYN0097,272,550,synthetic
full_column,SYN0097,273,550,synthetic
full_column,SYN0097,274,550,synthetic
full_column,SYN0097,275,550,synthetic
full_column,SYN0097,276,550,synthetic
full_column,SYN0097,277,550,synthetic
full_column,SYN0097,278,550,synthetic
full_column,SYN0097,279,550,synthetic
full_column,SYN0097,280,550,synthetic
full_column,SYN0097,281,550,synthetic
full_column,SYN0097,282,550,synthetic
full_column,SYN0097,283,550,synthetic
full_column,SYN0097,284,550,synthetic
full_column,SYN0097,285,550,synthetic
full_column,SYN0097,286,550,synthetic
full_column,SYN0097,287,550,synthetic
full_column,SYN0097,288,550,synthetic
full_column,SYN0097,289,550,synthetic
full_column,SYN0097,290,550,synthetic
full_column,SYN0097,291,550,synthetic
full_column,SYN0097,292,550,synthetic
full_column,SYN0097,293,550,synthetic
full_column,SYN0097,294,550,synthetic
full_column,SYN0097,295,550,synthetic
full_column,SYN0097,296,550,synthetic
full_column,SYN0097,297,550,synthetic
full_column,SYN0097,298,550,synthetic
full_column,SYN0097,299,550,synthetic
full_column,SYN0097,300,550,synthetic
full_column,SYN0097,301,550,synthetic
full_column,SYN0097,302,550,synthetic
full_column,SYN0097,303,550,synthetic
full_column,SYN0097,304,550,synthetic
full_column,SYN0097,305,550,synthetic
full_column,SYN0097,306,550,synthetic
full_column,SYN0097,307,550,synthetic
full_column,SYN0097,308,550,synthetic
full_column,SYN0097,309,550,synthetic
full_column,SYN0097,310,550,synthetic
full_column,SYN0097,311,550,synthetic
full_column,SYN0097,312,550,synthetic
full_column,SYN0097,313,550,synthetic
full_column,SYN0097,314,550,synthetic
full_column,SYN0097,315,550,synthetic
full_column,SYN0097,316,550,synthetic
full_column,SYN0097,317,550,synthetic
full_column,SYN0097,318,550,synthetic
full_column,SYN0097,319,550,synthetic
full_column,SYN0097,320,550,synthetic
full_column,SYN0097,321,550,synthetic
full_column,SYN0097,322,550,synthetic
full_column,SYN0097,323,550,synthetic
full_column,SYN0097,324,550,synthetic
full_column,SYN0097,325,550,synthetic
full_column,SYN0097,326,550,synthetic
full_column,SYN0097,327,550,synthetic
full_column,SYN0097,328,550,synthetic
full_column,SYN0097,329,550,synthetic
full_column,SYN0097,330,550,synthetic
full_column,SYN0097,331,550,synthetic
full_column,SYN0097,332,550,synthetic
full_column,SYN0097,333,550,synthetic
full_column,SYN0097,334,550,synthetic
full_column,SYN0097,335,550,synthetic
full_column,SYN0097,336,550,synthetic
full_column,SYN0097,337,550,synthetic
full_column,SYN0097,338,550,synthetic
full_column,SYN0097,339,550,synthetic
full_column,SYN0097,340,550,synthetic
full_column,SYN0097,341,550,synthetic
full_column,SYN0097,342,550,synthetic
full_column,SYN0097,343,550,synthetic
full_column,SYN0097,344,550,synthetic
full_column,SYN0097,345,550,synthetic
full_column,SYN0097,346,550,synthetic
full_column,SYN0097,347,550,synthetic
full_column,SYN0097,348,550,synthetic
full_column,SYN0097,349,550,synthetic
full_column,SYN0097,350,550,synthetic
full_column,SYN0097,351,550,synthetic
full_column,SYN0097,352,550,synthetic
full_column,SYN0097,353,550,synthetic
full_column,SYN0097,354,550,synthetic
full_column,SYN0097,355,550,synthetic
full_column,SYN0097,356,550,synthetic
full_column,SYN0097,357,550,synthetic
full_column,SYN0097,358,550,synthetic
full_column,SYN0097,359,550,synthetic
full_column,SYN0097,360,550,synthetic
full_column,SYN0097,361,550,synthetic
full_column,SYN0097,362,550,synthetic
full_column,SYN0097,363,550,synthetic
full_column,SYN0097,364,550,synthetic
full_column,SYN0097,365,550,synthetic
full_column,SYN0097,366,550,synthetic
full_column,SYN0097,367,550,synthetic
full_column,SYN0097,368,550,synthetic
full_column,SYN0097,369,550,synthetic
full_column,SYN0097,370,550,synthetic
full_column,SYN0097,371,550,synthetic
full_column,SYN0097,372,550,synthetic
full_column,SYN0097,373,550,synthetic
full_column,SYN0097,374,550,synthetic
full_column,SYN0097,375,550,synthetic
full_column,SYN0097,376,550,synthetic
full_column,SYN0097,377,550,synthetic
full_column,SYN0097,378,550,synthetic
full_column,SYN0097,379,550,synthetic
full_column,SYN0097,380,550,synthetic
full_column,SYN0097,381,550,synthetic
full_column,SYN0097,382,550,synthetic
full_column,SYN0097,383,550,synthetic
full_column,SYN0097,384,550,synthetic
full_column,SYN0097,385,550,synthetic
full_column,SYN0097,386,550,synthetic
full_column,SYN0097,387,550,synthetic
full_column,SYN0097,388,550,synthetic
full_column,SYN0097,389,550,synthetic
full_column,SYN0097,390,550,synthetic
full_column,SYN0097,391,550,synthetic
full_column,SYN0097,392,550,synthetic
full_column,SYN0097,393,550,synthetic
full_column,SYN0097,394,550,synthetic
full_column,SYN0097,395,550,synthetic
full_column,SYN0097,396,550,synthetic
full_column,SYN0097,397,550,synthetic
full_column,SYN0097,398,550,synthetic
full_column,SYN0097,399,550,synthetic
full_column,SYN0097,400,550,synthetic
full_column,SYN0097,401,550,synthetic
full_column,SYN0097,402,550,synthetic
full_column,SYN0097,403,550,synthetic
full_column,SYN0097,404,550,synthetic
full_column,SYN0097,405,550,synthetic
full_column,SYN0097,406,550,synthetic
full_column,SYN0097,407,550,synthetic
full_column,SYN0097,408,550,synthetic
full_column,SYN0097,409,550,synthetic
full_column,SYN0097,410,550,synthetic
full_column,SYN0097,411,550,synthetic
full_column,SYN0097,412,550,synthetic
full_column,SYN0097,413,550,synthetic
full_column,SYN0097,414,550,synthetic
full_column,SYN0097,415,550,synthetic
full_column,SYN0097,416,550,synthetic
full_column,SYN0097,417,550,synthetic
full_column,SYN0097,418,550,synthetic
full_column,SYN0097,419,550,synthetic
full_column,SYN0097,420,550,synthetic
full_column,SYN0097,421,550,synthetic
full_column,SYN0097,422,550,synthetic
full_column,SYN0097,423,550,synthetic
full_column,SYN0097,424,550,synthetic
full_column,SYN0097,425,550,synthetic
full_column,SYN0097,426,550,synthetic
full_column,SYN0097,427,550,synthetic
full_column,SYN0097,428,550,synthetic
full_column,SYN0097,429,550,synthetic
full_column,SYN0097,430,550,synthetic
full_column,SYN0097,431,550,synthetic
full_column,SYN0097,432,550,synthetic
full_column,SYN0097,433,550,synthetic
full_column,SYN0097,434,550,synthetic
full_column,SYN0097,435,550,synthetic
full_column,SYN0097,436,550,synthetic
full_column,SYN0097,437,550,synthetic
full_column,SYN0097,438,550,synthetic
full_column,SYN0097,439,550,synthetic
full_column,SYN0097,440,550,synthetic
full_column,SYN0097,441,550,synthetic
full_column,SYN0097,442,550,synthetic
full_column,SYN0097,443,550,synthetic
full_column,SYN0097,444,550,synthetic
full_column,SYN0097,445,550,synthetic
full_column,SYN0097,446,550,synthetic
full_column,SYN0097,447,550,synthetic
full_column,SYN0097,448,550,synthetic
full_column,SYN0097,449,550,synthetic
full_column,SYN0097,450,550,synthetic
full_column,SYN0097,451,550,synthetic
full_column,SYN0097,452,550,synthetic
full_column,SYN0097,453,550,synthetic
full_column,SYN0097,454,550,synthetic
full_column,SYN0097,455,550,synthetic
full_column,SYN0097,456,550,synthetic
full_column,SYN0097,457,550,synthetic
full_column,SYN0097,458,550,synthetic
full_column,SYN0097,459,550,synthetic
full_column,SYN0097,460,550,synthetic
full_column,SYN0097,461,550,synthetic
full_column,SYN0097,462,550,synthetic
full_column,SYN0097,463,550,synthetic
full_column,SYN0097,464,550,synthetic
full_column,SYN0097,465,550,synthetic
full_column,SYN0097,466,550,synthetic
full_column,SYN0097,467,550,synthetic
full_column,SYN0097,468,550,synthetic
full_column,SYN0097,469,550,synthetic
full_column,SYN0097,470,550,synthetic
full_column,SYN0097,471,550,synthetic
full_column,SYN0097,472,550,synthetic
full_column,SYN0097,473,550,synthetic
full_column,SYN0097,474,550,synthetic
full_column,SYN0097,475,550,synthetic
full_column,SYN0097,476,550,synthetic
full_column,SYN0097,477,550,synthetic
full_column,SYN0097,478,550,synthetic
full_column,SYN0097,479,550,synthetic
full_column,SYN0097,480,550,synthetic
full_column,SYN0097,481,550,synthetic
full_column,SYN0097,482,550,synthetic
full_column,SYN0097,483,550,synthetic
full_column,SYN0097,484,550,synthetic
full_column,SYN0097,485,550,synthetic
full_column,SYN0097,486,550,synthetic
full_column,SYN0097,487,550,synthetic
full_column,SYN0097,488,550,synthetic
full_column,SYN0097,489,550,synthetic
full_column,SYN0097,490,550,synthetic
full_column,SYN0097,491,550,synthetic
full_column,SYN0097,492,550,synthetic
full_column,SYN0097,493,550,synthetic
full_column,SYN0097,494,550,synthetic
full_column,SYN0097,495,550,synthetic
full_column,SYN0097,496,550,synthetic
full_column,SYN0097,497,550,synthetic
full_column,SYN0097,498,550,synthetic
full_column,SYN0097,499,550,synthetic
full_column,SYN0097,500,550,synthetic
full_column,SYN0097,501,550,synthetic
full_column,SYN0097,502,550,synthetic
full_column,SYN0097,503,550,synthetic
full_column,SYN0097,504,550,synthetic
full_column,SYN0097,505,550,synthetic
full_column,SYN0097,506,550,synthetic
full_column,SYN0097,507,550,synthetic
full_column,SYN0097,508,550,synthetic
full_column,SYN0097,509,550,synthetic
full_column,SYN0097,510,550,synthetic
full_column,SYN0097,511,550,synthetic
full_column,SYN0097,512,550,synthetic
full_column,SYN0097,513,550,synthetic
full_column,SYN0097,514,550,synthetic
full_column,SYN0097,515,550,synthetic
full_column,SYN0097,516,550,synthetic
full_column,SYN0097,517,550,synthetic
full_column,SYN0097,518,550,synthetic
full_column,SYN0097,519,550,synthetic
full_column,SYN0097,520,550,synthetic
full_column,SYN0097,521,550,synthetic
full_column,SYN0097,522,550,synthetic
full_column,SYN0097,523,550,synthetic
full_column,SYN0097,524,550,synthetic
full_column,SYN0097,525,550,synthetic
full_column,SYN0097,526,550,synthetic
full_column,SYN0097,527,550,synthetic
full_column,SYN0097,528,550,synthetic
full_column,SYN0097,529,550,synthetic
full_column,SYN0097,530,550,synthetic
full_column,SYN0097,531,550,synthetic
full_column,SYN0097,532,550,synthetic
full_column,SYN0097,533,550,synthetic
full_column,SYN0097,534,550,synthetic
full_column,SYN0097,535,550,synthetic
full_column,SYN0097,536,550,synthetic
full_column,SYN0097,537,550,synthetic
full_column,SYN0097,538,550,synthetic
full_column,SYN0097,539,550,synthetic
full_column,SYN0097,540,550,synthetic
full_column,SYN0097,541,550,synthetic
full_column,SYN0097,542,550,synthetic
full_column,SYN0097,543,550,synthetic
full_column,SYN0097,544,550,synthetic
full_column,SYN0097,545,550,synthetic
full_column,SYN0097,546,550,synthetic
full_column,SYN0097,547,550,synthetic
full_column,SYN0097,548,550,synthetic
full_column,SYN0097,549,550,synthetic
full_column,SYN0097,550,550,synthetic
full_column,SYN0097,551,550,synthetic
full_column,SYN0097,552,550,synthetic
full_column,SYN0097,553,550,synthetic
full_column,SYN0097,554,550,synthetic
full_column,SYN0097,555,550,synthetic
full_column,SYN0097,556,550,synthetic
full_column,SYN0097,557,550,synthetic
full_column,SYN0097,558,550,synthetic
full_column,SYN0097,559,550,synthetic
full_column,SYN0097,560,550,synthetic
full_column,SYN0097,561,550,synthetic
full_column,SYN0097,562,550,synthetic
full_column,SYN0097,563,550,synthetic
full_column,SYN0097,564,550,synthetic
full_column,SYN0097,565,550,synthetic
full_column,SYN0097,566,550,synthetic
full_column,SYN0097,567,550,synthetic
full_column,SYN0097,568,550,synthetic
full_column,SYN0097,569,550,synthetic
full_column,SYN0097,570,550,synthetic
full_column,SYN0097,571,550,synthetic
full_column,SYN0097,572,550,synthetic
full_column,SYN0097,573,550,synthetic
full_column,SYN0097,574,550,synthetic
full_column,SYN0097,575,550,synthetic
full_column,SYN0097,576,550,synthetic
full_column,SYN0097,577,550,synthetic
full_column,SYN0097,578,550,synthetic
full_column,SYN0097,579,550,synthetic
full_column,SYN0097,580,550,synthetic
full_column,SYN0097,581,550,synthetic
full_column,SYN0097,582,550,synthetic
full_column,SYN0097,583,550,synthetic
full_column,SYN0097,584,550,synthetic
full_column,SYN0097,585,550,synthetic
full_column,SYN0097,586,550,synthetic
full_column,SYN0097,587,550,synthetic
full_column,SYN0097,588,550,synthetic
full_column,SYN0097,589,550,synthetic
full_column,SYN0097,590,550,synthetic
full_column,SYN0097,591,550,synthetic
full_column,SYN0097,592,550,synthetic
full_column,SYN0097,593,550,synthetic
full_column,SYN0097,594,550,synthetic
full_column,SYN0097,595,550,synthetic
full_column,SYN0097,596,550,synthetic
full_column,SYN0097,597,550,synthetic
full_column,SYN0097,598,550,synthetic
full_column,SYN0097,599,550,synthetic
full_column,SYN0097,600,550,synthetic
full_column,SYN0097,601,550,synthetic
full_column,SYN0097,602,550,synthetic
full_column,SYN0097,603,550,synthetic
full_column,SYN0097,604,550,synthetic
full_column,SYN0097,605,550,synthetic
full_column,SYN0097,606,550,synthetic
full_column,SYN0097,607,550,synthetic
full_column,SYN0097,608,550,synthetic
full_column,SYN0097,609,550,synthetic
full_column,SYN0097,610,550,synthetic
full_column,SYN0097,611,550,synthetic
full_column,SYN0097,612,550,synthetic
full_column,SYN0097,613,550,synthetic
full_column,SYN0097,614,550,synthetic
full_column,SYN0097,615,550,synthetic
full_column,SYN0097,616,550,synthetic
full_column,SYN0097,617,550,synthetic
full_column,SYN0097,618,550,synthetic
full_column,SYN0097,619,550,synthetic
full_column,SYN0097,620,550,synthetic
full_column,SYN0097,621,550,synthetic
full_column,SYN0097,622,550,synthetic
full_column,SYN0097,623,550,synthetic
full_column,SYN0097,624,550,synthetic
full_column,SYN0097,625,550,synthetic
full_column,SYN0097,626,550,synthetic
full_column,SYN0097,627,550,synthetic
full_column,SYN0097,628,550,synthetic
full_column,SYN0097,629,550,synthetic
full_column,SYN0097,630,550,synthetic
full_column,SYN0097,631,550,synthetic
full_column,SYN0097,632,550,synthetic
full_column,SYN0097,633,550,synthetic
full_column,SYN0097,634,550,synthetic
full_column,SYN0097,635,550,synthetic
full_column,SYN0097,636,550,synthetic
full_column,SYN0097,637,550,synthetic
full_column,SYN0097,638,550,synthetic
full_column,SYN0097,639,550,synthetic
full_column,SYN0097,640,550,synthetic
full_column,SYN0097,641,550,synthetic
full_column,SYN0097,642,550,synthetic
full_column,SYN0097,643,550,synthetic
full_column,SYN0097,644,550,synthetic
full_column,SYN0097,645,550,synthetic
full_column,SYN0097,646,550,synthetic
full_column,SYN0097,647,550,synthetic
full_column,SYN0097,648,550,synthetic
full_column,SYN0097,649,550,synthetic
full_column,SYN0097,650,550,synthetic
full_column,SYN0097,651,550,synthetic
full_column,SYN0097,652,550,synthetic
full_column,SYN0097,653,550,synthetic
full_column,SYN0097,654,550,synthetic
full_column,SYN0097,655,550,synthetic
full_column,SYN0097,656,550,synthetic
full_column,SYN0097,657,550,synthetic
full_column,SYN0097,658,550,synthetic
full_column,SYN0097,659,550,synthetic
full_column,SYN0097,660,550,synthetic
full_column,SYN0097,661,550,synthetic
full_column,SYN0097,662,550,synthetic
full_column,SYN0097,663,550,synthetic
full_column,SYN0097,664,550,synthetic
full_column,SYN0097,665,550,synthetic
full_column,SYN0097,666,550,synthetic
full_column,SYN0097,667,550,synthetic
full_column,SYN0097,668,550,synthetic
full_column,SYN0097,669,550,synthetic
full_column,SYN0097,670,550,synthetic
full_column,SYN0097,671,550,synthetic
full_column,SYN0097,672,550,synthetic
full_column,SYN0097,673,550,synthetic
full_column,SYN0097,674,550,synthetic
full_column,SYN0097,675,550,synthetic
full_column,SYN0097,676,550,synthetic
full_column,SYN0097,677,550,synthetic
full_column,SYN0097,678,550,synthetic
full_column,SYN0097,679,550,synthetic
full_column,SYN0097,680,550,synthetic
full_column,SYN0097,681,550,synthetic
full_column,SYN0097,682,550,synthetic
full_column,SYN0097,683,550,synthetic
full_column,SYN0097,684,550,synthetic
full_column,SYN0097,685,550,synthetic
full_column,SYN0097,686,550,synthetic
full_column,SYN0097,687,550,synthetic
full_column,SYN0097,688,550,synthetic
full_column,SYN0097,689,550,synthetic
full_column,SYN0097,690,550,synthetic
full_column,SYN0097,691,550,synthetic
full_column,SYN0097,692,550,synthetic
full_column,SYN0097,693,550,synthetic
full_column,SYN0097,694,550,synthetic
full_column,SYN0097,695,550,synthetic
full_column,SYN0097,696,550,synthetic
full_column,SYN0097,697,550,synthetic
full_column,SYN0097,698,550,synthetic
full_column,SYN0097,699,550,synthetic
full_column,SYN0097,700,550,synthetic
full_column,SYN0097,701,550,synthetic
full_column,SYN0097,702,550,synthetic
full_column,SYN0097,703,550,synthetic
full_column,SYN0097,704,550,synthetic
full_column,SYN0097,705,550,synthetic
full_column,SYN0097,706,550,synthetic
full_column,SYN0097,707,550,synthetic
full_column,SYN0097,708,550,synthetic
full_column,SYN0097,709,550,synthetic
full_column,SYN0097,710,550,synthetic
full_column,SYN0097,711,550,synthetic
full_column,SYN0097,712,550,synthetic
full_column,SYN0097,713,550,synthetic
full_column,SYN0097,714,550,synthetic
full_column,SYN0097,715,550,synthetic
full_column,SYN0097,716,550,synthetic
full_column,SYN0097,717,550,synthetic
full_column,SYN0097,718,550,synthetic
full_column,SYN0097,719,550,synthetic
full_column,SYN0097,720,550,synthetic
full_column,SYN0097,721,550,synthetic
full_column,SYN0097,722,550,synthetic
full_column,SYN0097,723,550,synthetic
full_column,SYN0097,724,550,synthetic
full_column,SYN0097,725,550,synthetic
full_column,SYN0097,726,550,synthetic
full_column,SYN0097,727,550,synthetic
full_column,SYN0097,728,550,synthetic
full_column,SYN0097,729,550,synthetic
full_column,SYN0097,730,550,synthetic
full_column,SYN0097,731,550,synthetic
full_column,SYN0097,732,550,synthetic
full_column,SYN0097,733,550,synthetic
full_column,SYN0097,734,550,synthetic
full_column,SYN0097,735,550,synthetic
full_column,SYN0097,736,550,synthetic
full_column,SYN0097,737,550,synthetic
full_column,SYN0097,738,550,synthetic
full_column,SYN0097,739,550,synthetic
full_column,SYN0097,740,550,synthetic
full_column,SYN0097,741,550,synthetic
full_column,SYN0097,742,550,synthetic
full_column,SYN0097,743,550,synthetic
full_column,SYN0097,744,550,synthetic
full_column,SYN0097,745,550,synthetic
full_column,SYN0097,746,550,synthetic
full_column,SYN0097,747,550,synthetic
full_column,SYN0097,748,550,synthetic
full_column,SYN0097,749,550,synthetic
full_column,SYN0097,750,550,synthetic
full_column,SYN0097,751,550,synthetic
full_column,SYN0097,752,550,synthetic
full_column,SYN0097,753,550,synthetic
full_column,SYN0097,754,550,synthetic
full_column,SYN0097,755,550,synthetic
full_column,SYN0097,756,550,synthetic
full_column,SYN0097,757,550,synthetic
full_column,SYN0097,758,550,synthetic
full_column,SYN0097,759,550,synthetic
full_column,SYN0097,760,550,synthetic
full_column,SYN0097,761,550,synthetic
full_column,SYN0097,762,550,synthetic
full_column,SYN0097,763,550,synthetic
full_column,SYN0097,764,550,synthetic
full_column,SYN0097,765,550,synthetic
full_column,SYN0097,766,550,synthetic
full_column,SYN0097,767,550,synthetic
full_column,SYN0097,768,550,synthetic
full_column,SYN0097,769,550,synthetic
full_column,SYN0097,770,550,synthetic
full_column,SYN0097,771,550,synthetic
full_column,SYN0097,772,550,synthetic
full_column,SYN0097,773,550,synthetic
full_column,SYN0097,774,550,synthetic
full_column,SYN0097,775,550,synthetic
full_column,SYN0097,776,550,synthetic
full_column,SYN0097,777,550,synthetic
full_column,SYN0097,778,550,synthetic
full_column,SYN0097,779,550,synthetic
full_column,SYN0097,780,550,synthetic
full_column,SYN0097,781,550,synthetic
full_column,SYN0097,782,550,synthetic
full_column,SYN0097,783,550,synthetic
full_column,SYN0097,784,550,synthetic
full_column,SYN0097,785,550,synthetic
full_column,SYN0097,786,550,synthetic
full_column,SYN0097,787,550,synthetic
full_column,SYN0097,788,550,synthetic
full_column,SYN0097,789,550,synthetic
full_column,SYN0097,790,550,synthetic
full_column,SYN0097,791,550,synthetic
full_column,SYN0097,792,550,synthetic
full_column,SYN0097,793,550,synthetic
full_column,SYN0097,794,550,synthetic
full_column,SYN0097,795,550,synthetic
full_column,SYN0097,796,550,synthetic
full_column,SYN0097,797,550,synthetic
full_column,SYN0097,798,550,synthetic
full_column,SYN0097,799,550,synthetic
full_column,SYN0097,800,550,synthetic
full_column,SYN0097,801,550,synthetic
full_column,SYN0097,802,550,synthetic
full_column,SYN0097,803,550,synthetic
full_column,SYN0097,804,550,synthetic
full_column,SYN0097,805,550,synthetic
full_column,SYN0097,806,550,synthetic
full_column,SYN0097,807,550,synthetic
full_column,SYN0097,808,550,synthetic
full_column,SYN0097,809,550,synthetic
full_column,SYN0097,810,550,synthetic
full_column,SYN0097,811,550,synthetic
full_column,SYN0097,812,550,synthetic
full_column,SYN0097,813,550,synthetic
full_column,SYN0097,814,550,synthetic
full_column,SYN0097,815,550,synthetic
full_column,SYN0097,816,550,synthetic
full_column,SYN0097,817,550,synthetic
full_column,SYN0097,818,550,synthetic
full_column,SYN0097,819,550,synthetic
full_column,SYN0097,820,550,synthetic
full_column,SYN0097,821,550,synthetic
full_column,SYN0097,822,550,synthetic
full_column,SYN0097,823,550,synthetic
full_column,SYN0097,824,550,synthetic
full_column,SYN0097,825,550,synthetic
full_column,SYN0097,826,550,synthetic
full_column,SYN0097,827,550,synthetic
full_column,SYN0097,828,550,synthetic
full_column,SYN0097,829,550,synthetic
full_column,SYN0097,830,550,synthetic
full_column,SYN0097,831,550,synthetic
full_column,SYN0097,832,550,synthetic
full_column,SYN0097,833,550,synthetic
full_column,SYN0097,834,550,synthetic
full_column,SYN0097,835,550,synthetic
full_column,SYN0097,836,550,synthetic
full_column,SYN0097,837,550,synthetic
full_column,SYN0097,838,550,synthetic
full_column,SYN0097,839,550,synthetic
full_column,SYN0097,840,550,synthetic
full_column,SYN0097,841,550,synthetic
full_column,SYN0097,842,550,synthetic
full_column,SYN0097,843,550,synthetic
full_column,SYN0097,844,550,synthetic
full_column,SYN0097,845,550,synthetic
full_column,SYN0097,846,550,synthetic
full_column,SYN0097,847,550,synthetic
full_column,SYN0097,848,550,synthetic
full_column,SYN0097,849,550,synthetic
full_column,SYN0097,850,550,synthetic
full_column,SYN0097,851,550,synthetic
full_column,SYN0097,852,550,synthetic
full_column,SYN0097,853,550,synthetic
full_column,SYN0097,854,550,synthetic
full_column,SYN0097,855,550,synthetic
full_column,SYN0097,856,550,synthetic
full_column,SYN0097,857,550,synthetic
full_column,SYN0097,858,550,synthetic
full_column,SYN0097,859,550,synthetic
full_column,SYN0097,860,550,synthetic
full_column,SYN0097,861,550,synthetic
full_column,SYN0097,862,550,synthetic
full_column,SYN0097,863,550,synthetic
full_column,SYN0097,864,550,synthetic
full_column,SYN0097,865,550,synthetic
full_column,SYN0097,866,550,synthetic
full_column,SYN0097,867,550,synthetic
full_column,SYN0097,868,550,synthetic
full_column,SYN0097,869,550,synthetic
full_column,SYN0097,870,550,synthetic
full_column,SYN0097,871,550,synthetic
full_column,SYN0097,872,550,synthetic
full_column,SYN0097,873,550,synthetic
full_column,SYN0097,874,550,synthetic
full_column,SYN0097,875,550,synthetic
full_column,SYN0097,876,550,synthetic
full_column,SYN0097,877,550,synthetic
full_column,SYN0097,878,550,synthetic
full_column,SYN0097,879,550,synthetic
full_column,SYN0097,880,550,synthetic
full_column,SYN0097,881,550,synthetic
full_column,SYN0097,882,550,synthetic
full_column,SYN0097,883,550,synthetic
full_column,SYN0097,884,550,synthetic
full_column,SYN0097,885,550,synthetic
full_column,SYN0097,886,550,synthetic
full_column,SYN0097,887,550,synthetic
full_column,SYN0097,888,550,synthetic
full_column,SYN0097,889,550,synthetic
full_column,SYN0097,890,550,synthetic
full_column,SYN0097,891,550,synthetic
full_column,SYN0097,892,550,synthetic
full_column,SYN0097,893,550,synthetic
full_column,SYN0097,894,550,synthetic
full_column,SYN0097,895,550,synthetic
full_column,SYN0097,896,550,synthetic
full_column,SYN0097,897,550,synthetic
full_column,SYN0097,898,550,synthetic
full_column,SYN0097,899,550,synthetic
full_column,SYN0097,900,550,synthetic
full_column,SYN0097,901,550,synthetic
full_column,SYN0097,902,550,synthetic
full_column,SYN0097,903,550,synthetic
full_column,SYN0097,904,550,synthetic
full_column,SYN0097,905,550,synthetic
full_column,SYN0097,906,550,synthetic
full_column,SYN0097,907,550,synthetic
full_column,SYN0097,908,550,synthetic
full_column,SYN0097,909,550,synthetic
full_column,SYN0097,910,550,synthetic
full_column,SYN0097,911,550,synthetic
full_column,SYN0097,912,550,synthetic
full_column,SYN0097,913,550,synthetic
full_column,SYN0097,914,550,synthetic
full_column,SYN0097,915,550,synthetic
full_column,SYN0097,916,550,synthetic
full_column,SYN0097,917,550,synthetic
full_column,SYN0097,918,550,synthetic
full_column,SYN0097,919,550,synthetic
full_column,SYN0097,920,550,synthetic
full_column,SYN0097,921,550,synthetic
full_column,SYN0097,922,550,synthetic
full_column,SYN0097,923,550,synthetic
full_column,SYN0097,924,550,synthetic
full_column,SYN0097,925,550,synthetic
full_column,SYN0097,926,550,synthetic
full_column,SYN0097,927,550,synthetic
full_column,SYN0097,928,550,synthetic
full_column,SYN0097,929,550,synthetic
full_column,SYN0097,930,550,synthetic
full_column,SYN0097,931,550,synthetic
full_column,SYN0097,932,550,synthetic
full_column,SYN0097,933,550,synthetic
full_column,SYN0097,934,550,synthetic
full_column,SYN0097,935,550,synthetic
full_column,SYN0097,936,550,synthetic
full_column,SYN0097,937,550,synthetic
full_column,SYN0097,938,550,synthetic
full_column,SYN0097,939,550,synthetic
full_column,SYN0097,940,550,synthetic
full_column,SYN0097,941,550,synthetic
full_column,SYN0097,942,550,synthetic
full_column,SYN0097,943,550,synthetic
full_column,SYN0097,944,550,synthetic
full_column,SYN0097,945,550,synthetic
full_column,SYN0097,946,550,synthetic
full_column,SYN0097,947,550,synthetic
full_column,SYN0097,948,550,synthetic
full_column,SYN0097,949,550,synthetic
full_column,SYN0097,950,550,synthetic
full_column,SYN0097,951,550,synthetic
full_column,SYN0097,952,550,synthetic
full_column,SYN0097,953,550,synthetic
full_column,SYN0097,954,550,synthetic
full_column,SYN0097,955,550,synthetic
full_column,SYN0097,956,550,synthetic
full_column,SYN0097,957,550,synthetic
full_column,SYN0097,958,550,synthetic
full_column,SYN0097,959,550,synthetic
full_column,SYN0097,960,550,synthetic
full_column,SYN0097,961,550,synthetic
full_column,SYN0097,962,550,synthetic
full_column,SYN0097,963,550,synthetic
full_column,SYN0097,964,550,synthetic
full_column,SYN0097,965,550,synthetic
full_column,SYN0097,966,550,synthetic
full_column,SYN0097,967,550,synthetic
full_column,SYN0097,968,550,synthetic
full_column,SYN0097,969,550,synthetic
full_column,SYN0097,970,550,synthetic
full_column,SYN0097,971,550,synthetic
full_column,SYN0097,972,550,synthetic
full_column,SYN0097,973,550,synthetic
full_column,SYN0097,974,550,synthetic
full_column,SYN0097,975,550,synthetic
full_column,SYN0097,976,550,synthetic
full_column,SYN0097,977,550,synthetic
full_column,SYN0097,978,550,synthetic
full_column,SYN0097,979,550,synthetic
full_column,SYN0097,980,550,synthetic
full_column,SYN0097,981,550,synthetic
full_column,SYN0097,982,550,synthetic
full_column,SYN0097,983,550,synthetic
full_column,SYN0097,984,550,synthetic
full_column,SYN0097,985,550,synthetic
full_column,SYN0097,986,550,synthetic
full_column,SYN0097,987,550,synthetic
full_column,SYN0097,988,550,synthetic
full_column,SYN0097,989,550,synthetic
full_column,SYN0097,990,550,synthetic
full_column,SYN0097,991,550,synthetic
full_column,SYN0097,992,550,synthetic
full_column,SYN0097,993,550,synthetic
full_column,SYN0097,994,550,synthetic
full_column,SYN0097,995,550,synthetic
full_column,SYN0097,996,550,synthetic
full_column,SYN0097,997,550,synthetic
full_column,SYN0097,998,550,synthetic
full_column,SYN0097,999,550,synthetic
full_column,SYN0097,1000,550,synthetic
full_column,SYN0097,1001,550,synthetic
full_column,SYN0097,1002,550,synthetic
full_column,SYN0097,1003,550,synthetic
full_column,SYN0097,1004,550,synthetic
full_column,SYN0097,1005,550,synthetic
full_column,SYN0097,1006,550,synthetic
full_column,SYN0097,1007,550,synthetic
full_column,SYN0097,1008,550,synthetic
full_column,SYN0097,1009,550,synthetic
full_column,SYN0097,1010,550,synthetic
full_column,SYN0097,1011,550,synthetic
full_column,SYN0097,1012,550,synthetic
full_column,SYN0097,1013,550,synthetic
full_column,SYN0097,1014,550,synthetic
full_column,SYN0097,1015,550,synthetic
full_column,SYN0097,1016,550,synthetic
full_column,SYN0097,1017,550,synthetic
full_column,SYN0097,1018,550,synthetic
full_column,SYN0097,1019,550,synthetic
full_column,SYN0097,1020,550,synthetic
full_column,SYN0097,1021,550,synthetic
full_column,SYN0097,1022,550,synthetic
full_column,SYN0097,1023,550,synthetic
full_column,SYN0098,0,377,synthetic
full_column,SYN0098,1,377,synthetic
full_column,SYN0098,2,377,synthetic
full_column,SYN0098,3,377,synthetic
full_column,SYN0098,4,377,synthetic
full_column,SYN0098,5,377,synthetic
full_column,SYN0098,6,377,synthetic
full_column,SYN0098,7,377,synthetic
full_column,SYN0098,8,377,synthetic
full_column,SYN0098,9,377,synthetic
full_column,SYN0098,10,377,synthetic
full_column,SYN0098,11,377,synthetic
full_column,SYN0098,12,377,synthetic
full_column,SYN0098,13,377,synthetic
full_column,SYN0098,14,377,synthetic
full_column,SYN0098,15,377,synthetic
full_column,SYN0098,16,377,synthetic
full_column,SYN0098,17,377,synthetic
full_column,SYN0098,18,377,synthetic
full_column,SYN0098,19,377,synthetic
full_column,SYN0098,20,377,synthetic
full_column,SYN0098,21,377,synthetic
full_column,SYN0098,22,377,synthetic
full_column,SYN0098,23,377,synthetic
full_column,SYN0098,24,377,synthetic
full_column,SYN0098,25,377,synthetic
full_column,SYN0098,26,377,synthetic
full_column,SYN0098,27,377,synthetic
full_column,SYN0098,28,377,synthetic
full_column,SYN0098,29,377,synthetic
full_column,SYN0098,30,377,synthetic
full_column,SYN0098,31,377,synthetic
full_column,SYN0098,32,377,synthetic
full_column,SYN0098,33,377,synthetic
full_column,SYN0098,34,377,synthetic
full_column,SYN0098,35,377,synthetic
full_column,SYN0098,36,377,synthetic
full_column,SYN0098,37,377,synthetic
full_column,SYN0098,38,377,synthetic
full_column,SYN0098,39,377,synthetic
full_column,SYN0098,40,377,synthetic
full_column,SYN0098,41,377,synthetic
full_column,SYN0098,42,377,synthetic
full_column,SYN0098,43,377,synthetic
full_column,SYN0098,44,377,synthetic
full_column,SYN0098,45,377,synthetic
full_column,SYN0098,46,377,synthetic
full_column,SYN0098,47,377,synthetic
full_column,SYN0098,48,377,synthetic
full_column,SYN0098,49,377,synthetic
full_column,SYN0098,50,377,synthetic
full_column,SYN0098,51,377,synthetic
full_column,SYN0098,52,377,synthetic
full_column,SYN0098,53,377,synthetic
full_column,SYN0098,54,377,synthetic
full_column,SYN0098,55,377,synthetic
full_column,SYN0098,56,377,synthetic
full_column,SYN0098,57,377,synthetic
full_column,SYN0098,58,377,synthetic
full_column,SYN0098,59,377,synthetic
full_column,SYN0098,60,377,synthetic
full_column,SYN0098,61,377,synthetic
full_column,SYN0098,62,377,synthetic
full_column,SYN0098,63,377,synthetic
full_column,SYN0098,64,377,synthetic
full_column,SYN0098,65,377,synthetic
full_column,SYN0098,66,377,synthetic
full_column,SYN0098,67,377,synthetic
full_column,SYN0098,68,377,synthetic
full_column,SYN0098,69,377,synthetic
full_column,SYN0098,70,377,synthetic
full_column,SYN0098,71,377,synthetic
full_column,SYN0098,72,377,synthetic
full_column,SYN0098,73,377,synthetic
full_column,SYN0098,74,377,synthetic
full_column,SYN0098,75,377,synthetic
full_column,SYN0098,76,377,synthetic
full_column,SYN0098,77,377,synthetic
full_column,SYN0098,78,377,synthetic
full_column,SYN0098,79,377,synthetic
full_column,SYN0098,80,377,synthetic
full_column,SYN0098,81,377,synthetic
full_column,SYN0098,82,377,synthetic
full_column,SYN0098,83,377,synthetic
full_column,SYN0098,84,377,synthetic
full_column,SYN0098,85,377,synthetic
full_column,SYN0098,86,377,synthetic
full_column,SYN0098,87,377,synthetic
full_column,SYN0098,88,377,synthetic
full_column,SYN0098,89,377,synthetic
full_column,SYN0098,90,377,synthetic
full_column,SYN0098,91,377,synthetic
full_column,SYN0098,92,377,synthetic
full_column,SYN0098,93,377,synthetic
full_column,SYN0098,94,377,synthetic
full_column,SYN0098,95,377,synthetic
full_column,SYN0098,96,377,synthetic
full_column,SYN0098,97,377,synthetic
full_column,SYN0098,98,377,synthetic
full_column,SYN0098,99,377,synthetic
full_column,SYN0098,100,377,synthetic
full_column,SYN0098,101,377,synthetic
full_column,SYN0098,102,377,synthetic
full_column,SYN0098,103,377,synthetic
full_column,SYN0098,104,377,synthetic
full_column,SYN0098,105,377,synthetic
full_column,SYN0098,106,377,synthetic
full_column,SYN0098,107,377,synthetic
full_column,SYN0098,108,377,synthetic
full_column,SYN0098,109,377,synthetic
full_column,SYN0098,110,377,synthetic
full_column,SYN0098,111,377,synthetic
full_column,SYN0098,112,377,synthetic
full_column,SYN0098,113,377,synthetic
full_column,SYN0098,114,377,synthetic
full_column,SYN0098,115,377,synthetic
full_column,SYN0098,116,377,synthetic
full_column,SYN0098,117,377,synthetic
full_column,SYN0098,118,377,synthetic
full_column,SYN0098,119,377,synthetic
full_column,SYN0098,120,377,synthetic
full_column,SYN0098,121,377,synthetic
full_column,SYN0098,122,377,synthetic
full_column,SYN0098,123,377,synthetic
full_column,SYN0098,124,377,synthetic
full_column,SYN0098,125,377,synthetic
full_column,SYN0098,126,377,synthetic
full_column,SYN0098,127,377,synthetic
full_column,SYN0098,128,377,synthetic
full_column,SYN0098,129,377,synthetic
full_column,SYN0098,130,377,synthetic
full_column,SYN0098,131,377,synthetic
full_column,SYN0098,132,377,synthetic
full_column,SYN0098,133,377,synthetic
full_column,SYN0098,134,377,synthetic
full_column,SYN0098,135,377,synthetic
full_column,SYN0098,136,377,synthetic
full_column,SYN0098,137,377,synthetic
full_column,SYN0098,138,377,synthetic
full_column,SYN0098,139,377,synthetic
full_column,SYN0098,140,377,synthetic
full_column,SYN0098,141,377,synthetic
full_column,SYN0098,142,377,synthetic
full_column,SYN0098,143,377,synthetic
full_column,SYN0098,144,377,synthetic
full_column,SYN0098,145,377,synthetic
full_column,SYN0098,146,377,synthetic
full_column,SYN0098,147,377,synthetic
full_column,SYN0098,148,377,synthetic
full_column,SYN0098,149,377,synthetic
full_column,SYN0098,150,377,synthetic
full_column,SYN0098,151,377,synthetic
full_column,SYN0098,152,377,synthetic
full_column,SYN0098,153,377,synthetic
full_column,SYN0098,154,377,synthetic
full_column,SYN0098,155,377,synthetic
full_column,SYN0098,156,377,synthetic
full_column,SYN0098,157,377,synthetic
full_column,SYN0098,158,377,synthetic
full_column,SYN0098,159,377,synthetic
full_column,SYN0098,160,377,synthetic
full_column,SYN0098,161,377,synthetic
full_column,SYN0098,162,377,synthetic
full_column,SYN0098,163,377,synthetic
full_column,SYN0098,164,377,synthetic
full_column,SYN0098,165,377,synthetic
full_column,SYN0098,166,377,synthetic
full_column,SYN0098,167,377,synthetic
full_column,SYN0098,168,377,synthetic
full_column,SYN0098,169,377,synthetic
full_column,SYN0098,170,377,synthetic
full_column,SYN0098,171,377,synthetic
full_column,SYN0098,172,377,synthetic
full_column,SYN0098,173,377,synthetic
full_column,SYN0098,174,377,synthetic
full_column,SYN0098,175,377,synthetic
full_column,SYN0098,176,377,synthetic
full_column,SYN0098,177,377,synthetic
full_column,SYN0098,178,377,synthetic
full_column,SYN0098,179,377,synthetic
full_column,SYN0098,180,377,synthetic
full_column,SYN0098,181,377,synthetic
full_column,SYN0098,182,377,synthetic
full_column,SYN0098,183,377,synthetic
full_column,SYN0098,184,377,synthetic
full_column,SYN0098,185,377,synthetic
full_column,SYN0098,186,377,synthetic
full_column,SYN0098,187,377,synthetic
full_column,SYN0098,188,377,synthetic
full_column,SYN0098,189,377,synthetic
full_column,SYN0098,190,377,synthetic
full_column,SYN0098,191,377,synthetic
full_column,SYN0098,192,377,synthetic
full_column,SYN0098,193,377,synthetic
full_column,SYN0098,194,377,synthetic
full_column,SYN0098,195,377,synthetic
full_column,SYN0098,196,377,synthetic
full_column,SYN0098,197,377,synthetic
full_column,SYN0098,198,377,synthetic
full_column,SYN0098,199,377,synthetic
full_column,SYN0098,200,377,synthetic
full_column,SYN0098,201,377,synthetic
full_column,SYN0098,202,377,synthetic
full_column,SYN0098,203,377,synthetic
full_column,SYN0098,204,377,synthetic
full_column,SYN0098,205,377,synthetic
full_column,SYN0098,206,377,synthetic
full_column,SYN0098,207,377,synthetic
full_column,SYN0098,208,377,synthetic
full_column,SYN0098,209,377,synthetic
full_column,SYN0098,210,377,synthetic
full_column,SYN0098,211,377,synthetic
full_column,SYN0098,212,377,synthetic
full_column,SYN0098,213,377,synthetic
full_column,SYN0098,214,377,synthetic
full_column,SYN0098,215,377,synthetic
full_column,SYN0098,216,377,synthetic
full_column,SYN0098,217,377,synthetic
full_column,SYN0098,218,377,synthetic
full_column,SYN0098,219,377,synthetic
full_column,SYN0098,220,377,synthetic
full_column,SYN0098,221,377,synthetic
full_column,SYN0098,222,377,synthetic
full_column,SYN0098,223,377,synthetic
full_column,SYN0098,224,377,synthetic
full_column,SYN0098,225,377,synthetic
full_column,SYN0098,226,377,synthetic
full_column,SYN0098,227,377,synthetic
full_column,SYN0098,228,377,synthetic
full_column,SYN0098,229,377,synthetic
full_column,SYN0098,230,377,synthetic
full_column,SYN0098,231,377,synthetic
full_column,SYN0098,232,377,synthetic
full_column,SYN0098,233,377,synthetic
full_column,SYN0098,234,377,synthetic
full_column,SYN0098,235,377,synthetic
full_column,SYN0098,236,377,synthetic
full_column,SYN0098,237,377,synthetic
full_column,SYN0098,238,377,synthetic
full_column,SYN0098,239,377,synthetic
full_column,SYN0098,240,377,synthetic
full_column,SYN0098,241,377,synthetic
full_column,SYN0098,242,377,synthetic
full_column,SYN0098,243,377,synthetic
full_column,SYN0098,244,377,synthetic
full_column,SYN0098,245,377,synthetic
full_column,SYN0098,246,377,synthetic
full_column,SYN0098,247,377,synthetic
full_column,SYN0098,248,377,synthetic
full_column,SYN0098,249,377,synthetic
full_column,SYN0098,250,377,synthetic
full_column,SYN0098,251,377,synthetic
full_column,SYN0098,252,377,synthetic
full_column,SYN0098,253,377,synthetic
full_column,SYN0098,254,377,synthetic
full_column,SYN0098,255,377,synthetic
full_column,SYN0098,256,377,synthetic
full_column,SYN0098,257,377,synthetic
full_column,SYN0098,258,377,synthetic
full_column,SYN0098,259,377,synthetic
full_column,SYN0098,260,377,synthetic
full_column,SYN0098,261,377,synthetic
full_column,SYN0098,262,377,synthetic
full_column,SYN0098,263,377,synthetic
full_column,SYN0098,264,377,synthetic
full_column,SYN0098,265,377,synthetic
full_column,SYN0098,266,377,synthetic
full_column,SYN0098,267,377,synthetic
full_column,SYN0098,268,377,synthetic
full_column,SYN0098,269,377,synthetic
full_column,SYN0098,270,377,synthetic
full_column,SYN0098,271,377,synthetic
full_column,SYN0098,272,377,synthetic
full_column,SYN0098,273,377,synthetic
full_column,SYN0098,274,377,synthetic
full_column,SYN0098,275,377,synthetic
full_column,SYN0098,276,377,synthetic
full_column,SYN0098,277,377,synthetic
full_column,SYN0098,278,377,synthetic
full_column,SYN0098,279,377,synthetic
full_column,SYN0098,280,377,synthetic
full_column,SYN0098,281,377,synthetic
full_column,SYN0098,282,377,synthetic
full_column,SYN0098,283,377,synthetic
full_column,SYN0098,284,377,synthetic
full_column,SYN0098,285,377,synthetic
full_column,SYN0098,286,377,synthetic
full_column,SYN0098,287,377,synthetic
full_column,SYN0098,288,377,synthetic
full_column,SYN0098,289,377,synthetic
full_column,SYN0098,290,377,synthetic
full_column,SYN0098,291,377,synthetic
full_column,SYN0098,292,377,synthetic
full_column,SYN0098,293,377,synthetic
full_column,SYN0098,294,377,synthetic
full_column,SYN0098,295,377,synthetic
full_column,SYN0098,296,377,synthetic
full_column,SYN0098,297,377,synthetic
full_column,SYN0098,298,377,synthetic
full_column,SYN0098,299,377,synthetic
full_column,SYN0098,300,377,synthetic
full_column,SYN0098,301,377,synthetic
full_column,SYN0098,302,377,synthetic
full_column,SYN0098,303,377,synthetic
full_column,SYN0098,304,377,synthetic
full_column,SYN0098,305,377,synthetic
full_column,SYN0098,306,377,synthetic
full_column,SYN0098,307,377,synthetic
full_column,SYN0098,308,377,synthetic
full_column,SYN0098,309,377,synthetic
full_column,SYN0098,310,377,synthetic
full_column,SYN0098,311,377,synthetic
full_column,SYN0098,312,377,synthetic
full_column,SYN0098,313,377,synthetic
full_column,SYN0098,314,377,synthetic
full_column,SYN0098,315,377,synthetic
full_column,SYN0098,316,377,synthetic
full_column,SYN0098,317,377,synthetic
full_column,SYN0098,318,377,synthetic
full_column,SYN0098,319,377,synthetic
full_column,SYN0098,320,377,synthetic
full_column,SYN0098,321,377,synthetic
full_column,SYN0098,322,377,synthetic
full_column,SYN0098,323,377,synthetic
full_column,SYN0098,324,377,synthetic
full_column,SYN0098,325,377,synthetic
full_column,SYN0098,326,377,synthetic
full_column,SYN0098,327,377,synthetic
full_column,SYN0098,328,377,synthetic
full_column,SYN0098,329,377,synthetic
full_column,SYN0098,330,377,synthetic
full_column,SYN0098,331,377,synthetic
full_column,SYN0098,332,377,synthetic
full_column,SYN0098,333,377,synthetic
full_column,SYN0098,334,377,synthetic
full_column,SYN0098,335,377,synthetic
full_column,SYN0098,336,377,synthetic
full_column,SYN0098,337,377,synthetic
full_column,SYN0098,338,377,synthetic
full_column,SYN0098,339,377,synthetic
full_column,SYN0098,340,377,synthetic
full_column,SYN0098,341,377,synthetic
full_column,SYN0098,342,377,synthetic
full_column,SYN0098,343,377,synthetic
full_column,SYN0098,344,377,synthetic
full_column,SYN0098,345,377,synthetic
full_column,SYN0098,346,377,synthetic
full_column,SYN0098,347,377,synthetic
full_column,SYN0098,348,377,synthetic
full_column,SYN0098,349,377,synthetic
full_column,SYN0098,350,377,synthetic
full_column,SYN0098,351,377,synthetic
full_column,SYN0098,352,377,synthetic
full_column,SYN0098,353,377,synthetic
full_column,SYN0098,354,377,synthetic
full_column,SYN0098,355,377,synthetic
full_column,SYN0098,356,377,synthetic
full_column,SYN0098,357,377,synthetic
full_column,SYN0098,358,377,synthetic
full_column,SYN0098,359,377,synthetic
full_column,SYN0098,360,377,synthetic
full_column,SYN0098,361,377,synthetic
full_column,SYN0098,362,377,synthetic
full_column,SYN0098,363,377,synthetic
full_column,SYN0098,364,377,synthetic
full_column,SYN0098,365,377,synthetic
full_column,SYN0098,366,377,synthetic
full_column,SYN0098,367,377,synthetic
full_column,SYN0098,368,377,synthetic
full_column,SYN0098,369,377,synthetic
full_column,SYN0098,370,377,synthetic
full_column,SYN0098,371,377,synthetic
full_column,SYN0098,372,377,synthetic
full_column,SYN0098,373,377,synthetic
full_column,SYN0098,374,377,synthetic
full_column,SYN0098,375,377,synthetic
full_column,SYN0098,376,377,synthetic
full_column,SYN0098,377,377,synthetic
full_column,SYN0098,378,377,synthetic
full_column,SYN0098,379,377,synthetic
full_column,SYN0098,380,377,synthetic
full_column,SYN0098,381,377,synthetic
full_column,SYN0098,382,377,synthetic
full_column,SYN0098,383,377,synthetic
full_column,SYN0098,384,377,synthetic
full_column,SYN0098,385,377,synthetic
full_column,SYN0098,386,377,synthetic
full_column,SYN0098,387,377,synthetic
full_column,SYN0098,388,377,synthetic
full_column,SYN0098,389,377,synthetic
full_column,SYN0098,390,377,synthetic
full_column,SYN0098,391,377,synthetic
full_column,SYN0098,392,377,synthetic
full_column,SYN0098,393,377,synthetic
full_column,SYN0098,394,377,synthetic
full_column,SYN0098,395,377,synthetic
full_column,SYN0098,396,377,synthetic
full_column,SYN0098,397,377,synthetic
full_column,SYN0098,398,377,synthetic
full_column,SYN0098,399,377,synthetic
full_column,SYN0098,400,377,synthetic
full_column,SYN0098,401,377,synthetic
full_column,SYN0098,402,377,synthetic
full_column,SYN0098,403,377,synthetic
full_column,SYN0098,404,377,synthetic
full_column,SYN0098,405,377,synthetic
full_column,SYN0098,406,377,synthetic
full_column,SYN0098,407,377,synthetic
full_column,SYN0098,408,377,synthetic
full_column,SYN0098,409,377,synthetic
full_column,SYN0098,410,377,synthetic
full_column,SYN0098,411,377,synthetic
full_column,SYN0098,412,377,synthetic
full_column,SYN0098,413,377,synthetic
full_column,SYN0098,414,377,synthetic
full_column,SYN0098,415,377,synthetic
full_column,SYN0098,416,377,synthetic
full_column,SYN0098,417,377,synthetic
full_column,SYN0098,418,377,synthetic
full_column,SYN0098,419,377,synthetic
full_column,SYN0098,420,377,synthetic
full_column,SYN0098,421,377,synthetic
full_column,SYN0098,422,377,synthetic
full_column,SYN0098,423,377,synthetic
full_column,SYN0098,424,377,synthetic
full_column,SYN0098,425,377,synthetic
full_column,SYN0098,426,377,synthetic
full_column,SYN0098,427,377,synthetic
full_column,SYN0098,428,377,synthetic
full_column,SYN0098,429,377,synthetic
full_column,SYN0098,430,377,synthetic
full_column,SYN0098,431,377,synthetic
full_column,SYN0098,432,377,synthetic
full_column,SYN0098,433,377,synthetic
full_column,SYN0098,434,377,synthetic
full_column,SYN0098,435,377,synthetic
full_column,SYN0098,436,377,synthetic
full_column,SYN0098,437,377,synthetic
full_column,SYN0098,438,377,synthetic
full_column,SYN0098,439,377,synthetic
full_column,SYN0098,440,377,synthetic
full_column,SYN0098,441,377,synthetic
full_column,SYN0098,442,377,synthetic
full_column,SYN0098,443,377,synthetic
full_column,SYN0098,444,377,synthetic
full_column,SYN0098,445,377,synthetic
full_column,SYN0098,446,377,synthetic
full_column,SYN0098,447,377,synthetic
full_column,SYN0098,448,377,synthetic
full_column,SYN0098,449,377,synthetic
full_column,SYN0098,450,377,synthetic
full_column,SYN0098,451,377,synthetic
full_column,SYN0098,452,377,synthetic
full_column,SYN0098,453,377,synthetic
full_column,SYN0098,454,377,synthetic
full_column,SYN0098,455,377,synthetic
full_column,SYN0098,456,377,synthetic
full_column,SYN0098,457,377,synthetic
full_column,SYN0098,458,377,synthetic
full_column,SYN0098,459,377,synthetic
full_column,SYN0098,460,377,synthetic
full_column,SYN0098,461,377,synthetic
full_column,SYN0098,462,377,synthetic
full_column,SYN0098,463,377,synthetic
full_column,SYN0098,464,377,synthetic
full_column,SYN0098,465,377,synthetic
full_column,SYN0098,466,377,synthetic
full_column,SYN0098,467,377,synthetic
full_column,SYN0098,468,377,synthetic
full_column,SYN0098,469,377,synthetic
full_column,SYN0098,470,377,synthetic
full_column,SYN0098,471,377,synthetic
full_column,SYN0098,472,377,synthetic
full_column,SYN0098,473,377,synthetic
full_column,SYN0098,474,377,synthetic
full_column,SYN0098,475,377,synthetic
full_column,SYN0098,476,377,synthetic
full_column,SYN0098,477,377,synthetic
full_column,SYN0098,478,377,synthetic
full_column,SYN0098,479,377,synthetic
full_column,SYN0098,480,377,synthetic
full_column,SYN0098,481,377,synthetic
full_column,SYN0098,482,377,synthetic
full_column,SYN0098,483,377,synthetic
full_column,SYN0098,484,377,synthetic
full_column,SYN0098,485,377,synthetic
full_column,SYN0098,486,377,synthetic
full_column,SYN0098,487,377,synthetic
full_column,SYN0098,488,377,synthetic
full_column,SYN0098,489,377,synthetic
full_column,SYN0098,490,377,synthetic
full_column,SYN0098,491,377,synthetic
full_column,SYN0098,492,377,synthetic
full_column,SYN0098,493,377,synthetic
full_column,SYN0098,494,377,synthetic
full_column,SYN0098,495,377,synthetic
full_column,SYN0098,496,377,synthetic
full_column,SYN0098,497,377,synthetic
full_column,SYN0098,498,377,synthetic
full_column,SYN0098,499,377,synthetic
full_column,SYN0098,500,377,synthetic
full_column,SYN0098,501,377,synthetic
full_column,SYN0098,502,377,synthetic
full_column,SYN0098,503,377,synthetic
full_column,SYN0098,504,377,synthetic
full_column,SYN0098,505,377,synthetic
full_column,SYN0098,506,377,synthetic
full_column,SYN0098,507,377,synthetic
full_column,SYN0098,508,377,synthetic
full_column,SYN0098,509,377,synthetic
full_column,SYN0098,510,377,synthetic
full_column,SYN0098,511,377,synthetic
full_column,SYN0098,512,377,synthetic
full_column,SYN0098,513,377,synthetic
full_column,SYN0098,514,377,synthetic
full_column,SYN0098,515,377,synthetic
full_column,SYN0098,516,377,synthetic
full_column,SYN0098,517,377,synthetic
full_column,SYN0098,518,377,synthetic
full_column,SYN0098,519,377,synthetic
full_column,SYN0098,520,377,synthetic
full_column,SYN0098,521,377,synthetic
full_column,SYN0098,522,377,synthetic
full_column,SYN0098,523,377,synthetic
full_column,SYN0098,524,377,synthetic
full_column,SYN0098,525,377,synthetic
full_column,SYN0098,526,377,synthetic
full_column,SYN0098,527,377,synthetic
full_column,SYN0098,528,377,synthetic
full_column,SYN0098,529,377,synthetic
full_column,SYN0098,530,377,synthetic
full_column,SYN0098,531,377,synthetic
full_column,SYN0098,532,377,synthetic
full_column,SYN0098,533,377,synthetic
full_column,SYN0098,534,377,synthetic
full_column,SYN0098,535,377,synthetic
full_column,SYN0098,536,377,synthetic
full_column,SYN0098,537,377,synthetic
full_column,SYN0098,538,377,synthetic
full_column,SYN0098,539,377,synthetic
full_column,SYN0098,540,377,synthetic
full_column,SYN0098,541,377,synthetic
full_column,SYN0098,542,377,synthetic
full_column,SYN0098,543,377,synthetic
full_column,SYN0098,544,377,synthetic
full_column,SYN0098,545,377,synthetic
full_column,SYN0098,546,377,synthetic
full_column,SYN0098,547,377,synthetic
full_column,SYN0098,548,377,synthetic
full_column,SYN0098,549,377,synthetic
full_column,SYN0098,550,377,synthetic
full_column,SYN0098,551,377,synthetic
full_column,SYN0098,552,377,synthetic
full_column,SYN0098,553,377,synthetic
full_column,SYN0098,554,377,synthetic
full_column,SYN0098,555,377,synthetic
full_column,SYN0098,556,377,synthetic
full_column,SYN0098,557,377,synthetic
full_column,SYN0098,558,377,synthetic
full_column,SYN0098,559,377,synthetic
full_column,SYN0098,560,377,synthetic
full_column,SYN0098,561,377,synthetic
full_column,SYN0098,562,377,synthetic
full_column,SYN0098,563,377,synthetic
full_column,SYN0098,564,377,synthetic
full_column,SYN0098,565,377,synthetic
full_column,SYN0098,566,377,synthetic
full_column,SYN0098,567,377,synthetic
full_column,SYN0098,568,377,synthetic
full_column,SYN0098,569,377,synthetic
full_column,SYN0098,570,377,synthetic
full_column,SYN0098,571,377,synthetic
full_column,SYN0098,572,377,synthetic
full_column,SYN0098,573,377,synthetic
full_column,SYN0098,574,377,synthetic
full_column,SYN0098,575,377,synthetic
full_column,SYN0098,576,377,synthetic
full_column,SYN0098,577,377,synthetic
full_column,SYN0098,578,377,synthetic
full_column,SYN0098,579,377,synthetic
full_column,SYN0098,580,377,synthetic
full_column,SYN0098,581,377,synthetic
full_column,SYN0098,582,377,synthetic
full_column,SYN0098,583,377,synthetic
full_column,SYN0098,584,377,synthetic
full_column,SYN0098,585,377,synthetic
full_column,SYN0098,586,377,synthetic
full_column,SYN0098,587,377,synthetic
full_column,SYN0098,588,377,synthetic
full_column,SYN0098,589,377,synthetic
full_column,SYN0098,590,377,synthetic
full_column,SYN0098,591,377,synthetic
full_column,SYN0098,592,377,synthetic
full_column,SYN0098,593,377,synthetic
full_column,SYN0098,594,377,synthetic
full_column,SYN0098,595,377,synthetic
full_column,SYN0098,596,377,synthetic
full_column,SYN0098,597,377,synthetic
full_column,SYN0098,598,377,synthetic
full_column,SYN0098,599,377,synthetic
full_column,SYN0098,600,377,synthetic
full_column,SYN0098,601,377,synthetic
full_column,SYN0098,602,377,synthetic
full_column,SYN0098,603,377,synthetic
full_column,SYN0098,604,377,synthetic
full_column,SYN0098,605,377,synthetic
full_column,SYN0098,606,377,synthetic
full_column,SYN0098,607,377,synthetic
full_column,SYN0098,608,377,synthetic
full_column,SYN0098,609,377,synthetic
full_column,SYN0098,610,377,synthetic
full_column,SYN0098,611,377,synthetic
full_column,SYN0098,612,377,synthetic
full_column,SYN0098,613,377,synthetic
full_column,SYN0098,614,377,synthetic
full_column,SYN0098,615,377,synthetic
full_column,SYN0098,616,377,synthetic
full_column,SYN0098,617,377,synthetic
full_column,SYN0098,618,377,synthetic
full_column,SYN0098,619,377,synthetic
full_column,SYN0098,620,377,synthetic
full_column,SYN0098,621,377,synthetic
full_column,SYN0098,622,377,synthetic
full_column,SYN0098,623,377,synthetic
full_column,SYN0098,624,377,synthetic
full_column,SYN0098,625,377,synthetic
full_column,SYN0098,626,377,synthetic
full_column,SYN0098,627,377,synthetic
full_column,SYN0098,628,377,synthetic
full_column,SYN0098,629,377,synthetic
full_column,SYN0098,630,377,synthetic
full_column,SYN0098,631,377,synthetic
full_column,SYN0098,632,377,synthetic
full_column,SYN0098,633,377,synthetic
full_column,SYN0098,634,377,synthetic
full_column,SYN0098,635,377,synthetic
full_column,SYN0098,636,377,synthetic
full_column,SYN0098,637,377,synthetic
full_column,SYN0098,638,377,synthetic
full_column,SYN0098,639,377,synthetic
full_column,SYN0098,640,377,synthetic
full_column,SYN0098,641,377,synthetic
full_column,SYN0098,642,377,synthetic
full_column,SYN0098,643,377,synthetic
full_column,SYN0098,644,377,synthetic
full_column,SYN0098,645,377,synthetic
full_column,SYN0098,646,377,synthetic
full_column,SYN0098,647,377,synthetic
full_column,SYN0098,648,377,synthetic
full_column,SYN0098,649,377,synthetic
full_column,SYN0098,650,377,synthetic
full_column,SYN0098,651,377,synthetic
full_column,SYN0098,652,377,synthetic
full_column,SYN0098,653,377,synthetic
full_column,SYN0098,654,377,synthetic
full_column,SYN0098,655,377,synthetic
full_column,SYN0098,656,377,synthetic
full_column,SYN0098,657,377,synthetic
full_column,SYN0098,658,377,synthetic
full_column,SYN0098,659,377,synthetic
full_column,SYN0098,660,377,synthetic
full_column,SYN0098,661,377,synthetic
full_column,SYN0098,662,377,synthetic
full_column,SYN0098,663,377,synthetic
full_column,SYN0098,664,377,synthetic
full_column,SYN0098,665,377,synthetic
full_column,SYN0098,666,377,synthetic
full_column,SYN0098,667,377,synthetic
full_column,SYN0098,668,377,synthetic
full_column,SYN0098,669,377,synthetic
full_column,SYN0098,670,377,synthetic
full_column,SYN0098,671,377,synthetic
full_column,SYN0098,672,377,synthetic
full_column,SYN0098,673,377,synthetic
full_column,SYN0098,674,377,synthetic
full_column,SYN0098,675,377,synthetic
full_column,SYN0098,676,377,synthetic
full_column,SYN0098,677,377,synthetic
full_column,SYN0098,678,377,synthetic
full_column,SYN0098,679,377,synthetic
full_column,SYN0098,680,377,synthetic
full_column,SYN0098,681,377,synthetic
full_column,SYN0098,682,377,synthetic
full_column,SYN0098,683,377,synthetic
full_column,SYN0098,684,377,synthetic
full_column,SYN0098,685,377,synthetic
full_column,SYN0098,686,377,synthetic
full_column,SYN0098,687,377,synthetic
full_column,SYN0098,688,377,synthetic
full_column,SYN0098,689,377,synthetic
full_column,SYN0098,690,377,synthetic
full_column,SYN0098,691,377,synthetic
full_column,SYN0098,692,377,synthetic
full_column,SYN0098,693,377,synthetic
full_column,SYN0098,694,377,synthetic
full_column,SYN0098,695,377,synthetic
full_column,SYN0098,696,377,synthetic
full_column,SYN0098,697,377,synthetic
full_column,SYN0098,698,377,synthetic
full_column,SYN0098,699,377,synthetic
full_column,SYN0098,700,377,synthetic
full_column,SYN0098,701,377,synthetic
full_column,SYN0098,702,377,synthetic
full_column,SYN0098,703,377,synthetic
full_column,SYN0098,704,377,synthetic
full_column,SYN0098,705,377,synthetic
full_column,SYN0098,706,377,synthetic
full_column,SYN0098,707,377,synthetic
full_column,SYN0098,708,377,synthetic
full_column,SYN0098,709,377,synthetic
full_column,SYN0098,710,377,synthetic
full_column,SYN0098,711,377,synthetic
full_column,SYN0098,712,377,synthetic
full_column,SYN0098,713,377,synthetic
full_column,SYN0098,714,377,synthetic
full_column,SYN0098,715,377,synthetic
full_column,SYN0098,716,377,synthetic
full_column,SYN0098,717,377,synthetic
full_column,SYN0098,718,377,synthetic
full_column,SYN0098,719,377,synthetic
full_column,SYN0098,720,377,synthetic
full_column,SYN0098,721,377,synthetic
full_column,SYN0098,722,377,synthetic
full_column,SYN0098,723,377,synthetic
full_column,SYN0098,724,377,synthetic
full_column,SYN0098,725,377,synthetic
full_column,SYN0098,726,377,synthetic
full_column,SYN0098,727,377,synthetic
full_column,SYN0098,728,377,synthetic
full_column,SYN0098,729,377,synthetic
full_column,SYN0098,730,377,synthetic
full_column,SYN0098,731,377,synthetic
full_column,SYN0098,732,377,synthetic
full_column,SYN0098,733,377,synthetic
full_column,SYN0098,734,377,synthetic
full_column,SYN0098,735,377,synthetic
full_column,SYN0098,736,377,synthetic
full_column,SYN0098,737,377,synthetic
full_column,SYN0098,738,377,synthetic
full_column,SYN0098,739,377,synthetic
full_column,SYN0098,740,377,synthetic
full_column,SYN0098,741,377,synthetic
full_column,SYN0098,742,377,synthetic
full_column,SYN0098,743,377,synthetic
full_column,SYN0098,744,377,synthetic
full_column,SYN0098,745,377,synthetic
full_column,SYN0098,746,377,synthetic
full_column,SYN0098,747,377,synthetic
full_column,SYN0098,748,377,synthetic
full_column,SYN0098,749,377,synthetic
full_column,SYN0098,750,377,synthetic
full_column,SYN0098,751,377,synthetic
full_column,SYN0098,752,377,synthetic
full_column,SYN0098,753,377,synthetic
full_column,SYN0098,754,377,synthetic
full_column,SYN0098,755,377,synthetic
full_column,SYN0098,756,377,synthetic
full_column,SYN0098,757,377,synthetic
full_column,SYN0098,758,377,synthetic
full_column,SYN0098,759,377,synthetic
full_column,SYN0098,760,377,synthetic
full_column,SYN0098,761,377,synthetic
full_column,SYN0098,762,377,synthetic
full_column,SYN0098,763,377,synthetic
full_column,SYN0098,764,377,synthetic
full_column,SYN0098,765,377,synthetic
full_column,SYN0098,766,377,synthetic
full_column,SYN0098,767,377,synthetic
full_column,SYN0098,768,377,synthetic
full_column,SYN0098,769,377,synthetic
full_column,SYN0098,770,377,synthetic
full_column,SYN0098,771,377,synthetic
full_column,SYN0098,772,377,synthetic
full_column,SYN0098,773,377,synthetic
full_column,SYN0098,774,377,synthetic
full_column,SYN0098,775,377,synthetic
full_column,SYN0098,776,377,synthetic
full_column,SYN0098,777,377,synthetic
full_column,SYN0098,778,377,synthetic
full_column,SYN0098,779,377,synthetic
full_column,SYN0098,780,377,synthetic
full_column,SYN0098,781,377,synthetic
full_column,SYN0098,782,377,synthetic
full_column,SYN0098,783,377,synthetic
full_column,SYN0098,784,377,synthetic
full_column,SYN0098,785,377,synthetic
full_column,SYN0098,786,377,synthetic
full_column,SYN0098,787,377,synthetic
full_column,SYN0098,788,377,synthetic
full_column,SYN0098,789,377,synthetic
full_column,SYN0098,790,377,synthetic
full_column,SYN0098,791,377,synthetic
full_column,SYN0098,792,377,synthetic
full_column,SYN0098,793,377,synthetic
full_column,SYN0098,794,377,synthetic
full_column,SYN0098,795,377,synthetic
full_column,SYN0098,796,377,synthetic
full_column,SYN0098,797,377,synthetic
full_column,SYN0098,798,377,synthetic
full_column,SYN0098,799,377,synthetic
full_column,SYN0098,800,377,synthetic
full_column,SYN0098,801,377,synthetic
full_column,SYN0098,802,377,synthetic
full_column,SYN0098,803,377,synthetic
full_column,SYN0098,804,377,synthetic
full_column,SYN0098,805,377,synthetic
full_column,SYN0098,806,377,synthetic
full_column,SYN0098,807,377,synthetic
full_column,SYN0098,808,377,synthetic
full_column,SYN0098,809,377,synthetic
full_column,SYN0098,810,377,synthetic
full_column,SYN0098,811,377,synthetic
full_column,SYN0098,812,377,synthetic
full_column,SYN0098,813,377,synthetic
full_column,SYN0098,814,377,synthetic
full_column,SYN0098,815,377,synthetic
full_column,SYN0098,816,377,synthetic
full_column,SYN0098,817,377,synthetic
full_column,SYN0098,818,377,synthetic
full_column,SYN0098,819,377,synthetic
full_column,SYN0098,820,377,synthetic
full_column,SYN0098,821,377,synthetic
full_column,SYN0098,822,377,synthetic
full_column,SYN0098,823,377,synthetic
full_column,SYN0098,824,377,synthetic
full_column,SYN0098,825,377,synthetic
full_column,SYN0098,826,377,synthetic
full_column,SYN0098,827,377,synthetic
full_column,SYN0098,828,377,synthetic
full_column,SYN0098,829,377,synthetic
full_column,SYN0098,830,377,synthetic
full_column,SYN0098,831,377,synthetic
full_column,SYN0098,832,377,synthetic
full_column,SYN0098,833,377,synthetic
full_column,SYN0098,834,377,synthetic
full_column,SYN0098,835,377,synthetic
full_column,SYN0098,836,377,synthetic
full_column,SYN0098,837,377,synthetic
full_column,SYN0098,838,377,synthetic
full_column,SYN0098,839,377,synthetic
full_column,SYN0098,840,377,synthetic
full_column,SYN0098,841,377,synthetic
full_column,SYN0098,842,377,synthetic
full_column,SYN0098,843,377,synthetic
full_column,SYN0098,844,377,synthetic
full_column,SYN0098,845,377,synthetic
full_column,SYN0098,846,377,synthetic
full_column,SYN0098,847,377,synthetic
full_column,SYN0098,848,377,synthetic
full_column,SYN0098,849,377,synthetic
full_column,SYN0098,850,377,synthetic
full_column,SYN0098,851,377,synthetic
full_column,SYN0098,852,377,synthetic
full_column,SYN0098,853,377,synthetic
full_column,SYN0098,854,377,synthetic
full_column,SYN0098,855,377,synthetic
full_column,SYN0098,856,377,synthetic
full_column,SYN0098,857,377,synthetic
full_column,SYN0098,858,377,synthetic
full_column,SYN0098,859,377,synthetic
full_column,SYN0098,860,377,synthetic
full_column,SYN0098,861,377,synthetic
full_column,SYN0098,862,377,synthetic
full_column,SYN0098,863,377,synthetic
full_column,SYN0098,864,377,synthetic
full_column,SYN0098,865,377,synthetic
full_column,SYN0098,866,377,synthetic
full_column,SYN0098,867,377,synthetic
full_column,SYN0098,868,377,synthetic
full_column,SYN0098,869,377,synthetic
full_column,SYN0098,870,377,synthetic
full_column,SYN0098,871,377,synthetic
full_column,SYN0098,872,377,synthetic
full_column,SYN0098,873,377,synthetic
full_column,SYN0098,874,377,synthetic
full_column,SYN0098,875,377,synthetic
full_column,SYN0098,876,377,synthetic
full_column,SYN0098,877,377,synthetic
full_column,SYN0098,878,377,synthetic
full_column,SYN0098,879,377,synthetic
full_column,SYN0098,880,377,synthetic
full_column,SYN0098,881,377,synthetic
full_column,SYN0098,882,377,synthetic
full_column,SYN0098,883,377,synthetic
full_column,SYN0098,884,377,synthetic
full_column,SYN0098,885,377,synthetic
full_column,SYN0098,886,377,synthetic
full_column,SYN0098,887,377,synthetic
full_column,SYN0098,888,377,synthetic
full_column,SYN0098,889,377,synthetic
full_column,SYN0098,890,377,synthetic
full_column,SYN0098,891,377,synthetic
full_column,SYN0098,892,377,synthetic
full_column,SYN0098,893,377,synthetic
full_column,SYN0098,894,377,synthetic
full_column,SYN0098,895,377,synthetic
full_column,SYN0098,896,377,synthetic
full_column,SYN0098,897,377,synthetic
full_column,SYN0098,898,377,synthetic
full_column,SYN0098,899,377,synthetic
full_column,SYN0098,900,377,synthetic
full_column,SYN0098,901,377,synthetic
full_column,SYN0098,902,377,synthetic
full_column,SYN0098,903,377,synthetic
full_column,SYN0098,904,377,synthetic
full_column,SYN0098,905,377,synthetic
full_column,SYN0098,906,377,synthetic
full_column,SYN0098,907,377,synthetic
full_column,SYN0098,908,377,synthetic
full_column,SYN0098,909,377,synthetic
full_column,SYN0098,910,377,synthetic
full_column,SYN0098,911,377,synthetic
full_column,SYN0098,912,377,synthetic
full_column,SYN0098,913,377,synthetic
full_column,SYN0098,914,377,synthetic
full_column,SYN0098,915,377,synthetic
full_column,SYN0098,916,377,synthetic
full_column,SYN0098,917,377,synthetic
full_column,SYN0098,918,377,synthetic
full_column,SYN0098,919,377,synthetic
full_column,SYN0098,920,377,synthetic
full_column,SYN0098,921,377,synthetic
full_column,SYN0098,922,377,synthetic
full_column,SYN0098,923,377,synthetic
full_column,SYN0098,924,377,synthetic
full_column,SYN0098,925,377,synthetic
full_column,SYN0098,926,377,synthetic
full_column,SYN0098,927,377,synthetic
full_column,SYN0098,928,377,synthetic
full_column,SYN0098,929,377,synthetic
full_column,SYN0098,930,377,synthetic
full_column,SYN0098,931,377,synthetic
full_column,SYN0098,932,377,synthetic
full_column,SYN0098,933,377,synthetic
full_column,SYN0098,934,377,synthetic
full_column,SYN0098,935,377,synthetic
full_column,SYN0098,936,377,synthetic
full_column,SYN0098,937,377,synthetic
full_column,SYN0098,938,377,synthetic
full_column,SYN0098,939,377,synthetic
full_column,SYN0098,940,377,synthetic
full_column,SYN0098,941,377,synthetic
full_column,SYN0098,942,377,synthetic
full_column,SYN0098,943,377,synthetic
full_column,SYN0098,944,377,synthetic
full_column,SYN0098,945,377,synthetic
full_column,SYN0098,946,377,synthetic
full_column,SYN0098,947,377,synthetic
full_column,SYN0098,948,377,synthetic
full_column,SYN0098,949,377,synthetic
full_column,SYN0098,950,377,synthetic
full_column,SYN0098,951,377,synthetic
full_column,SYN0098,952,377,synthetic
full_column,SYN0098,953,377,synthetic
full_column,SYN0098,954,377,synthetic
full_column,SYN0098,955,377,synthetic
full_column,SYN0098,956,377,synthetic
full_column,SYN0098,957,377,synthetic
full_column,SYN0098,958,377,synthetic
full_column,SYN0098,959,377,synthetic
full_column,SYN0098,960,377,synthetic
full_column,SYN0098,961,377,synthetic
full_column,SYN0098,962,377,synthetic
full_column,SYN0098,963,377,synthetic
full_column,SYN0098,964,377,synthetic
full_column,SYN0098,965,377,synthetic
full_column,SYN0098,966,377,synthetic
full_column,SYN0098,967,377,synthetic
full_column,SYN0098,968,377,synthetic
full_column,SYN0098,969,377,synthetic
full_column,SYN0098,970,377,synthetic
full_column,SYN0098,971,377,synthetic
full_column,SYN0098,972,377,synthetic
full_column,SYN0098,973,377,synthetic
full_column,SYN0098,974,377,synthetic
full_column,SYN0098,975,377,synthetic
full_column,SYN0098,976,377,synthetic
full_column,SYN0098,977,377,synthetic
full_column,SYN0098,978,377,synthetic
full_column,SYN0098,979,377,synthetic
full_column,SYN0098,980,377,synthetic
full_column,SYN0098,981,377,synthetic
full_column,SYN0098,982,377,synthetic
full_column,SYN0098,983,377,synthetic
full_column,SYN0098,984,377,synthetic
full_column,SYN0098,985,377,synthetic
full_column,SYN0098,986,377,synthetic
full_column,SYN0098,987,377,synthetic
full_column,SYN0098,988,377,synthetic
full_column,SYN0098,989,377,synthetic
full_column,SYN0098,990,377,synthetic
full_column,SYN0098,991,377,synthetic
full_column,SYN0098,992,377,synthetic
full_column,SYN0098,993,377,synthetic
full_column,SYN0098,994,377,synthetic
full_column,SYN0098,995,377,synthetic
full_column,SYN0098,996,377,synthetic
full_column,SYN0098,997,377,synthetic
full_column,SYN0098,998,377,synthetic
full_column,SYN0098,999,377,synthetic
full_column,SYN0098,1000,377,synthetic
full_column,SYN0098,1001,377,synthetic
full_column,SYN0098,1002,377,synthetic
full_column,SYN0098,1003,377,synthetic
full_column,SYN0098,1004,377,synthetic
full_column,SYN0098,1005,377,synthetic
full_column,SYN0098,1006,377,synthetic
full_column,SYN0098,1007,377,synthetic
full_column,SYN0098,1008,377,synthetic
full_column,SYN0098,1009,377,synthetic
full_column,SYN0098,1010,377,synthetic
full_column,SYN0098,1011,377,synthetic
full_column,SYN0098,1012,377,synthetic
full_column,SYN0098,1013,377,synthetic
full_column,SYN0098,1014,377,synthetic
full_column,SYN0098,1015,377,synthetic
full_column,SYN0098,1016,377,synthetic
full_column,SYN0098,1017,377,synthetic
full_column,SYN0098,1018,377,synthetic
full_column,SYN0098,1019,377,synthetic
full_column,SYN0098,1020,377,synthetic
full_column,SYN0098,1021,377,synthetic
full_column,SYN0098,1022,377,synthetic
full_column,SYN0098,1023,377,synthetic
full_column,SYN0099,0,369,synthetic
full_column,SYN0099,1,369,synthetic
full_column,SYN0099,2,369,synthetic
full_column,SYN0099,3,369,synthetic
full_column,SYN0099,4,369,synthetic
full_column,SYN0099,5,369,synthetic
full_column,SYN0099,6,369,synthetic
full_column,SYN0099,7,369,synthetic
full_column,SYN0099,8,369,synthetic
full_column,SYN0099,9,369,synthetic
full_column,SYN0099,10,369,synthetic
full_column,SYN0099,11,369,synthetic
full_column,SYN0099,12,369,synthetic
full_column,SYN0099,13,369,synthetic
full_column,SYN0099,14,369,synthetic
full_column,SYN0099,15,369,synthetic
full_column,SYN0099,16,369,synthetic
full_column,SYN0099,17,369,synthetic
full_column,SYN0099,18,369,synthetic
full_column,SYN0099,19,369,synthetic
full_column,SYN0099,20,369,synthetic
full_column,SYN0099,21,369,synthetic
full_column,SYN0099,22,369,synthetic
full_column,SYN0099,23,369,synthetic
full_column,SYN0099,24,369,synthetic
full_column,SYN0099,25,369,synthetic
full_column,SYN0099,26,369,synthetic
full_column,SYN0099,27,369,synthetic
full_column,SYN0099,28,369,synthetic
full_column,SYN0099,29,369,synthetic
full_column,SYN0099,30,369,synthetic
full_column,SYN0099,31,369,synthetic
full_column,SYN0099,32,369,synthetic
full_column,SYN0099,33,369,synthetic
full_column,SYN0099,34,369,synthetic
full_column,SYN0099,35,369,synthetic
full_column,SYN0099,36,369,synthetic
full_column,SYN0099,37,369,synthetic
full_column,SYN0099,38,369,synthetic
full_column,SYN0099,39,369,synthetic
full_column,SYN0099,40,369,synthetic
full_column,SYN0099,41,369,synthetic
full_column,SYN0099,42,369,synthetic
full_column,SYN0099,43,369,synthetic
full_column,SYN0099,44,369,synthetic
full_column,SYN0099,45,369,synthetic
full_column,SYN0099,46,369,synthetic
full_column,SYN0099,47,369,synthetic
full_column,SYN0099,48,369,synthetic
full_column,SYN0099,49,369,synthetic
full_column,SYN0099,50,369,synthetic
full_column,SYN0099,51,369,synthetic
full_column,SYN0099,52,369,synthetic
full_column,SYN0099,53,369,synthetic
full_column,SYN0099,54,369,synthetic
full_column,SYN0099,55,369,synthetic
full_column,SYN0099,56,369,synthetic
full_column,SYN0099,57,369,synthetic
full_column,SYN0099,58,369,synthetic
full_column,SYN0099,59,369,synthetic
full_column,SYN0099,60,369,synthetic
full_column,SYN0099,61,369,synthetic
full_column,SYN0099,62,369,synthetic
full_column,SYN0099,63,369,synthetic
full_column,SYN0099,64,369,synthetic
full_column,SYN0099,65,369,synthetic
full_column,SYN0099,66,369,synthetic
full_column,SYN0099,67,369,synthetic
full_column,SYN0099,68,369,synthetic
full_column,SYN0099,69,369,synthetic
full_column,SYN0099,70,369,synthetic
full_column,SYN0099,71,369,synthetic
full_column,SYN0099,72,369,synthetic
full_column,SYN0099,73,369,synthetic
full_column,SYN0099,74,369,synthetic
full_column,SYN0099,75,369,synthetic
full_column,SYN0099,76,369,synthetic
full_column,SYN0099,77,369,synthetic
full_column,SYN0099,78,369,synthetic
full_column,SYN0099,79,369,synthetic
full_column,SYN0099,80,369,synthetic
full_column,SYN0099,81,369,synthetic
full_column,SYN0099,82,369,synthetic
full_column,SYN0099,83,369,synthetic
full_column,SYN0099,84,369,synthetic
full_column,SYN0099,85,369,synthetic
full_column,SYN0099,86,369,synthetic
full_column,SYN0099,87,369,synthetic
full_column,SYN0099,88,369,synthetic
full_column,SYN0099,89,369,synthetic
full_column,SYN0099,90,369,synthetic
full_column,SYN0099,91,369,synthetic
full_column,SYN0099,92,369,synthetic
full_column,SYN0099,93,369,synthetic
full_column,SYN0099,94,369,synthetic
full_column,SYN0099,95,369,synthetic
full_column,SYN0099,96,369,synthetic
full_column,SYN0099,97,369,synthetic
full_column,SYN0099,98,369,synthetic
full_column,SYN0099,99,369,synthetic
full_column,SYN0099,100,369,synthetic
full_column,SYN0099,101,369,synthetic
full_column,SYN0099,102,369,synthetic
full_column,SYN0099,103,369,synthetic
full_column,SYN0099,104,369,synthetic
full_column,SYN0099,105,369,synthetic
full_column,SYN0099,106,369,synthetic
full_column,SYN0099,107,369,synthetic
full_column,SYN0099,108,369,synthetic
full_column,SYN0099,109,369,synthetic
full_column,SYN0099,110,369,synthetic
full_column,SYN0099,111,369,synthetic
full_column,SYN0099,112,369,synthetic
full_column,SYN0099,113,369,synthetic
full_column,SYN0099,114,369,synthetic
full_column,SYN0099,115,369,synthetic
full_column,SYN0099,116,369,synthetic
full_column,SYN0099,117,369,synthetic
full_column,SYN0099,118,369,synthetic
full_column,SYN0099,119,369,synthetic
full_column,SYN0099,120,369,synthetic
full_column,SYN0099,121,369,synthetic
full_column,SYN0099,122,369,synthetic
full_column,SYN0099,123,369,synthetic
full_column,SYN0099,124,369,synthetic
full_column,SYN0099,125,369,synthetic
full_column,SYN0099,126,369,synthetic
full_column,SYN0099,127,369,synthetic
full_column,SYN0099,128,369,synthetic
full_column,SYN0099,129,369,synthetic
full_column,SYN0099,130,369,synthetic
full_column,SYN0099,131,369,synthetic
full_column,SYN0099,132,369,synthetic
full_column,SYN0099,133,369,synthetic
full_column,SYN0099,134,369,synthetic
full_column,SYN0099,135,369,synthetic
full_column,SYN0099,136,369,synthetic
full_column,SYN0099,137,369,synthetic
full_column,SYN0099,138,369,synthetic
full_column,SYN0099,139,369,synthetic
full_column,SYN0099,140,369,synthetic
full_column,SYN0099,141,369,synthetic
full_column,SYN0099,142,369,synthetic
full_column,SYN0099,143,369,synthetic
full_column,SYN0099,144,369,synthetic
full_column,SYN0099,145,369,synthetic
full_column,SYN0099,146,369,synthetic
full_column,SYN0099,147,369,synthetic
full_column,SYN0099,148,369,synthetic
full_column,SYN0099,149,369,synthetic
full_column,SYN0099,150,369,synthetic
full_column,SYN0099,151,369,synthetic
full_column,SYN0099,152,369,synthetic
full_column,SYN0099,153,369,synthetic
full_column,SYN0099,154,369,synthetic
full_column,SYN0099,155,369,synthetic
full_column,SYN0099,156,369,synthetic
full_column,SYN0099,157,369,synthetic
full_column,SYN0099,158,369,synthetic
full_column,SYN0099,159,369,synthetic
full_column,SYN0099,160,369,synthetic
full_column,SYN0099,161,369,synthetic
full_column,SYN0099,162,369,synthetic
full_column,SYN0099,163,369,synthetic
full_column,SYN0099,164,369,synthetic
full_column,SYN0099,165,369,synthetic
full_column,SYN0099,166,369,synthetic
full_column,SYN0099,167,369,synthetic
full_column,SYN0099,168,369,synthetic
full_column,SYN0099,169,369,synthetic
full_column,SYN0099,170,369,synthetic
full_column,SYN0099,171,369,synthetic
full_column,SYN0099,172,369,synthetic
full_column,SYN0099,173,369,synthetic
full_column,SYN0099,174,369,synthetic
full_column,SYN0099,175,369,synthetic
full_column,SYN0099,176,369,synthetic
full_column,SYN0099,177,369,synthetic
full_column,SYN0099,178,369,synthetic
full_column,SYN0099,179,369,synthetic
full_column,SYN0099,180,369,synthetic
full_column,SYN0099,181,369,synthetic
full_column,SYN0099,182,369,synthetic
full_column,SYN0099,183,369,synthetic
full_column,SYN0099,184,369,synthetic
full_column,SYN0099,185,369,synthetic
full_column,SYN0099,186,369,synthetic
full_column,SYN0099,187,369,synthetic
full_column,SYN0099,188,369,synthetic
full_column,SYN0099,189,369,synthetic
full_column,SYN0099,190,369,synthetic
full_column,SYN0099,191,369,synthetic
full_column,SYN0099,192,369,synthetic
full_column,SYN0099,193,369,synthetic
full_column,SYN0099,194,369,synthetic
full_column,SYN0099,195,369,synthetic
full_column,SYN0099,196,369,synthetic
full_column,SYN0099,197,369,synthetic
full_column,SYN0099,198,369,synthetic
full_column,SYN0099,199,369,synthetic
full_column,SYN0099,200,369,synthetic
full_column,SYN0099,201,369,synthetic
full_column,SYN0099,202,369,synthetic
full_column,SYN0099,203,369,synthetic
full_column,SYN0099,204,369,synthetic
full_column,SYN0099,205,369,synthetic
full_column,SYN0099,206,369,synthetic
full_column,SYN0099,207,369,synthetic
full_column,SYN0099,208,369,synthetic
full_column,SYN0099,209,369,synthetic
full_column,SYN0099,210,369,synthetic
full_column,SYN0099,211,369,synthetic
full_column,SYN0099,212,369,synthetic
full_column,SYN0099,213,369,synthetic
full_column,SYN0099,214,369,synthetic
full_column,SYN0099,215,369,synthetic
full_column,SYN0099,216,369,synthetic
full_column,SYN0099,217,369,synthetic
full_column,SYN0099,218,369,synthetic
full_column,SYN0099,219,369,synthetic
full_column,SYN0099,220,369,synthetic
full_column,SYN0099,221,369,synthetic
full_column,SYN0099,222,369,synthetic
full_column,SYN0099,223,369,synthetic
full_column,SYN0099,224,369,synthetic
full_column,SYN0099,225,369,synthetic
full_column,SYN0099,226,369,synthetic
full_column,SYN0099,227,369,synthetic
full_column,SYN0099,228,369,synthetic
full_column,SYN0099,229,369,synthetic
full_column,SYN0099,230,369,synthetic
full_column,SYN0099,231,369,synthetic
full_column,SYN0099,232,369,synthetic
full_column,SYN0099,233,369,synthetic
full_column,SYN0099,234,369,synthetic
full_column,SYN0099,235,369,synthetic
full_column,SYN0099,236,369,synthetic
full_column,SYN0099,237,369,synthetic
full_column,SYN0099,238,369,synthetic
full_column,SYN0099,239,369,synthetic
full_column,SYN0099,240,369,synthetic
full_column,SYN0099,241,369,synthetic
full_column,SYN0099,242,369,synthetic
full_column,SYN0099,243,369,synthetic
full_column,SYN0099,244,369,synthetic
full_column,SYN0099,245,369,synthetic
full_column,SYN0099,246,369,synthetic
full_column,SYN0099,247,369,synthetic
full_column,SYN0099,248,369,synthetic
full_column,SYN0099,249,369,synthetic
full_column,SYN0099,250,369,synthetic
full_column,SYN0099,251,369,synthetic
full_column,SYN0099,252,369,synthetic
full_column,SYN0099,253,369,synthetic
full_column,SYN0099,254,369,synthetic
full_column,SYN0099,255,369,synthetic
full_column,SYN0099,256,369,synthetic
full_column,SYN0099,257,369,synthetic
full_column,SYN0099,258,369,synthetic
full_column,SYN0099,259,369,synthetic
full_column,SYN0099,260,369,synthetic
full_column,SYN0099,261,369,synthetic
full_column,SYN0099,262,369,synthetic
full_column,SYN0099,263,369,synthetic
full_column,SYN0099,264,369,synthetic
full_column,SYN0099,265,369,synthetic
full_column,SYN0099,266,369,synthetic
full_column,SYN0099,267,369,synthetic
full_column,SYN0099,268,369,synthetic
full_column,SYN0099,269,369,synthetic
full_column,SYN0099,270,369,synthetic
full_column,SYN0099,271,369,synthetic
full_column,SYN0099,272,369,synthetic
full_column,SYN0099,273,369,synthetic
full_column,SYN0099,274,369,synthetic
full_column,SYN0099,275,369,synthetic
full_column,SYN0099,276,369,synthetic
full_column,SYN0099,277,369,synthetic
full_column,SYN0099,278,369,synthetic
full_column,SYN0099,279,369,synthetic
full_column,SYN0099,280,369,synthetic
full_column,SYN0099,281,369,synthetic
full_column,SYN0099,282,369,synthetic
full_column,SYN0099,283,369,synthetic
full_column,SYN0099,284,369,synthetic
full_column,SYN0099,285,369,synthetic
full_column,SYN0099,286,369,synthetic
full_column,SYN0099,287,369,synthetic
full_column,SYN0099,288,369,synthetic
full_column,SYN0099,289,369,synthetic
full_column,SYN0099,290,369,synthetic
full_column,SYN0099,291,369,synthetic
full_column,SYN0099,292,369,synthetic
full_column,SYN0099,293,369,synthetic
full_column,SYN0099,294,369,synthetic
full_column,SYN0099,295,369,synthetic
full_column,SYN0099,296,369,synthetic
full_column,SYN0099,297,369,synthetic
full_column,SYN0099,298,369,synthetic
full_column,SYN0099,299,369,synthetic
full_column,SYN0099,300,369,synthetic
full_column,SYN0099,301,369,synthetic
full_column,SYN0099,302,369,synthetic
full_column,SYN0099,303,369,synthetic
full_column,SYN0099,304,369,synthetic
full_column,SYN0099,305,369,synthetic
full_column,SYN0099,306,369,synthetic
full_column,SYN0099,307,369,synthetic
full_column,SYN0099,308,369,synthetic
full_column,SYN0099,309,369,synthetic
full_column,SYN0099,310,369,synthetic
full_column,SYN0099,311,369,synthetic
full_column,SYN0099,312,369,synthetic
full_column,SYN0099,313,369,synthetic
full_column,SYN0099,314,369,synthetic
full_column,SYN0099,315,369,synthetic
full_column,SYN0099,316,369,synthetic
full_column,SYN0099,317,369,synthetic
full_column,SYN0099,318,369,synthetic
full_column,SYN0099,319,369,synthetic
full_column,SYN0099,320,369,synthetic
full_column,SYN0099,321,369,synthetic
full_column,SYN0099,322,369,synthetic
full_column,SYN0099,323,369,synthetic
full_column,SYN0099,324,369,synthetic
full_column,SYN0099,325,369,synthetic
full_column,SYN0099,326,369,synthetic
full_column,SYN0099,327,369,synthetic
full_column,SYN0099,328,369,synthetic
full_column,SYN0099,329,369,synthetic
full_column,SYN0099,330,369,synthetic
full_column,SYN0099,331,369,synthetic
full_column,SYN0099,332,369,synthetic
full_column,SYN0099,333,369,synthetic
full_column,SYN0099,334,369,synthetic
full_column,SYN0099,335,369,synthetic
full_column,SYN0099,336,369,synthetic
full_column,SYN0099,337,369,synthetic
full_column,SYN0099,338,369,synthetic
full_column,SYN0099,339,369,synthetic
full_column,SYN0099,340,369,synthetic
full_column,SYN0099,341,369,synthetic
full_column,SYN0099,342,369,synthetic
full_column,SYN0099,343,369,synthetic
full_column,SYN0099,344,369,synthetic
full_column,SYN0099,345,369,synthetic
full_column,SYN0099,346,369,synthetic
full_column,SYN0099,347,369,synthetic
full_column,SYN0099,348,369,synthetic
full_column,SYN0099,349,369,synthetic
full_column,SYN0099,350,369,synthetic
full_column,SYN0099,351,369,synthetic
full_column,SYN0099,352,369,synthetic
full_column,SYN0099,353,369,synthetic
full_column,SYN0099,354,369,synthetic
full_column,SYN0099,355,369,synthetic
full_column,SYN0099,356,369,synthetic
full_column,SYN0099,357,369,synthetic
full_column,SYN0099,358,369,synthetic
full_column,SYN0099,359,369,synthetic
full_column,SYN0099,360,369,synthetic
full_column,SYN0099,361,369,synthetic
full_column,SYN0099,362,369,synthetic
full_column,SYN0099,363,369,synthetic
full_column,SYN0099,364,369,synthetic
full_column,SYN0099,365,369,synthetic
full_column,SYN0099,366,369,synthetic
full_column,SYN0099,367,369,synthetic
full_column,SYN0099,368,369,synthetic
full_column,SYN0099,369,369,synthetic
full_column,SYN0099,370,369,synthetic
full_column,SYN0099,371,369,synthetic
full_column,SYN0099,372,369,synthetic
full_column,SYN0099,373,369,synthetic
full_column,SYN0099,374,369,synthetic
full_column,SYN0099,375,369,synthetic
full_column,SYN0099,376,369,synthetic
full_column,SYN0099,377,369,synthetic
full_column,SYN0099,378,369,synthetic
full_column,SYN0099,379,369,synthetic
full_column,SYN0099,380,369,synthetic
full_column,SYN0099,381,369,synthetic
full_column,SYN0099,382,369,synthetic
full_column,SYN0099,383,369,synthetic
full_column,SYN0099,384,369,synthetic
full_column,SYN0099,385,369,synthetic
full_column,SYN0099,386,369,synthetic
full_column,SYN0099,387,369,synthetic
full_column,SYN0099,388,369,synthetic
full_column,SYN0099,389,369,synthetic
full_column,SYN0099,390,369,synthetic
full_column,SYN0099,391,369,synthetic
full_column,SYN0099,392,369,synthetic
full_column,SYN0099,393,369,synthetic
full_column,SYN0099,394,369,synthetic
full_column,SYN0099,395,369,synthetic
full_column,SYN0099,396,369,synthetic
full_column,SYN0099,397,369,synthetic
full_column,SYN0099,398,369,synthetic
full_column,SYN0099,399,369,synthetic
full_column,SYN0099,400,369,synthetic
full_column,SYN0099,401,369,synthetic
full_column,SYN0099,402,369,synthetic
full_column,SYN0099,403,369,synthetic
full_column,SYN0099,404,369,synthetic
full_column,SYN0099,405,369,synthetic
full_column,SYN0099,406,369,synthetic
full_column,SYN0099,407,369,synthetic
full_column,SYN0099,408,369,synthetic
full_column,SYN0099,409,369,synthetic
full_column,SYN0099,410,369,synthetic
full_column,SYN0099,411,369,synthetic
full_column,SYN0099,412,369,synthetic
full_column,SYN0099,413,369,synthetic
full_column,SYN0099,414,369,synthetic
full_column,SYN0099,415,369,synthetic
full_column,SYN0099,416,369,synthetic
full_column,SYN0099,417,369,synthetic
full_column,SYN0099,418,369,synthetic
full_column,SYN0099,419,369,synthetic
full_column,SYN0099,420,369,synthetic
full_column,SYN0099,421,369,synthetic
full_column,SYN0099,422,369,synthetic
full_column,SYN0099,423,369,synthetic
full_column,SYN0099,424,369,synthetic
full_column,SYN0099,425,369,synthetic
full_column,SYN0099,426,369,synthetic
full_column,SYN0099,427,369,synthetic
full_column,SYN0099,428,369,synthetic
full_column,SYN0099,429,369,synthetic
full_column,SYN0099,430,369,synthetic
full_column,SYN0099,431,369,synthetic
full_column,SYN0099,432,369,synthetic
full_column,SYN0099,433,369,synthetic
full_column,SYN0099,434,369,synthetic
full_column,SYN0099,435,369,synthetic
full_column,SYN0099,436,369,synthetic
full_column,SYN0099,437,369,synthetic
full_column,SYN0099,438,369,synthetic
full_column,SYN0099,439,369,synthetic
full_column,SYN0099,440,369,synthetic
full_column,SYN0099,441,369,synthetic
full_column,SYN0099,442,369,synthetic
full_column,SYN0099,443,369,synthetic
full_column,SYN0099,444,369,synthetic
full_column,SYN0099,445,369,synthetic
full_column,SYN0099,446,369,synthetic
full_column,SYN0099,447,369,synthetic
full_column,SYN0099,448,369,synthetic
full_column,SYN0099,449,369,synthetic
full_column,SYN0099,450,369,synthetic
full_column,SYN0099,451,369,synthetic
full_column,SYN0099,452,369,synthetic
full_column,SYN0099,453,369,synthetic
full_column,SYN0099,454,369,synthetic
full_column,SYN0099,455,369,synthetic
full_column,SYN0099,456,369,synthetic
full_column,SYN0099,457,369,synthetic
full_column,SYN0099,458,369,synthetic
full_column,SYN0099,459,369,synthetic
full_column,SYN0099,460,369,synthetic
full_column,SYN0099,461,369,synthetic
full_column,SYN0099,462,369,synthetic
full_column,SYN0099,463,369,synthetic
full_column,SYN0099,464,369,synthetic
full_column,SYN0099,465,369,synthetic
full_column,SYN0099,466,369,synthetic
full_column,SYN0099,467,369,synthetic
full_column,SYN0099,468,369,synthetic
full_column,SYN0099,469,369,synthetic
full_column,SYN0099,470,369,synthetic
full_column,SYN0099,471,369,synthetic
full_column,SYN0099,472,369,synthetic
full_column,SYN0099,473,369,synthetic
full_column,SYN0099,474,369,synthetic
full_column,SYN0099,475,369,synthetic
full_column,SYN0099,476,369,synthetic
full_column,SYN0099,477,369,synthetic
full_column,SYN0099,478,369,synthetic
full_column,SYN0099,479,369,synthetic
full_column,SYN0099,480,369,synthetic
full_column,SYN0099,481,369,synthetic
full_column,SYN0099,482,369,synthetic
full_column,SYN0099,483,369,synthetic
full_column,SYN0099,484,369,synthetic
full_column,SYN0099,485,369,synthetic
full_column,SYN0099,486,369,synthetic
full_column,SYN0099,487,369,synthetic
full_column,SYN0099,488,369,synthetic
full_column,SYN0099,489,369,synthetic
full_column,SYN0099,490,369,synthetic
full_column,SYN0099,491,369,synthetic
full_column,SYN0099,492,369,synthetic
full_column,SYN0099,493,369,synthetic
full_column,SYN0099,494,369,synthetic
full_column,SYN0099,495,369,synthetic
full_column,SYN0099,496,369,synthetic
full_column,SYN0099,497,369,synthetic
full_column,SYN0099,498,369,synthetic
full_column,SYN0099,499,369,synthetic
full_column,SYN0099,500,369,synthetic
full_column,SYN0099,501,369,synthetic
full_column,SYN0099,502,369,synthetic
full_column,SYN0099,503,369,synthetic
full_column,SYN0099,504,369,synthetic
full_column,SYN0099,505,369,synthetic
full_column,SYN0099,506,369,synthetic
full_column,SYN0099,507,369,synthetic
full_column,SYN0099,508,369,synthetic
full_column,SYN0099,509,369,synthetic
full_column,SYN0099,510,369,synthetic
full_column,SYN0099,511,369,synthetic
full_column,SYN0099,512,369,synthetic
full_column,SYN0099,513,369,synthetic
full_column,SYN0099,514,369,synthetic
full_column,SYN0099,515,369,synthetic
full_column,SYN0099,516,369,synthetic
full_column,SYN0099,517,369,synthetic
full_column,SYN0099,518,369,synthetic
full_column,SYN0099,519,369,synthetic
full_column,SYN0099,520,369,synthetic
full_column,SYN0099,521,369,synthetic
full_column,SYN0099,522,369,synthetic
full_column,SYN0099,523,369,synthetic
full_column,SYN0099,524,369,synthetic
full_column,SYN0099,525,369,synthetic
full_column,SYN0099,526,369,synthetic
full_column,SYN0099,527,369,synthetic
full_column,SYN0099,528,369,synthetic
full_column,SYN0099,529,369,synthetic
full_column,SYN0099,530,369,synthetic
full_column,SYN0099,531,369,synthetic
full_column,SYN0099,532,369,synthetic
full_column,SYN0099,533,369,synthetic
full_column,SYN0099,534,369,synthetic
full_column,SYN0099,535,369,synthetic
full_column,SYN0099,536,369,synthetic
full_column,SYN0099,537,369,synthetic
full_column,SYN0099,538,369,synthetic
full_column,SYN0099,539,369,synthetic
full_column,SYN0099,540,369,synthetic
full_column,SYN0099,541,369,synthetic
full_column,SYN0099,542,369,synthetic
full_column,SYN0099,543,369,synthetic
full_column,SYN0099,544,369,synthetic
full_column,SYN0099,545,369,synthetic
full_column,SYN0099,546,369,synthetic
full_column,SYN0099,547,369,synthetic
full_column,SYN0099,548,369,synthetic
full_column,SYN0099,549,369,synthetic
full_column,SYN0099,550,369,synthetic
full_column,SYN0099,551,369,synthetic
full_column,SYN0099,552,369,synthetic
full_column,SYN0099,553,369,synthetic
full_column,SYN0099,554,369,synthetic
full_column,SYN0099,555,369,synthetic
full_column,SYN0099,556,369,synthetic
full_column,SYN0099,557,369,synthetic
full_column,SYN0099,558,369,synthetic
full_column,SYN0099,559,369,synthetic
full_column,SYN0099,560,369,synthetic
full_column,SYN0099,561,369,synthetic
full_column,SYN0099,562,369,synthetic
full_column,SYN0099,563,369,synthetic
full_column,SYN0099,564,369,synthetic
full_column,SYN0099,565,369,synthetic
full_column,SYN0099,566,369,synthetic
full_column,SYN0099,567,369,synthetic
full_column,SYN0099,568,369,synthetic
full_column,SYN0099,569,369,synthetic
full_column,SYN0099,570,369,synthetic
full_column,SYN0099,571,369,synthetic
full_column,SYN0099,572,369,synthetic
full_column,SYN0099,573,369,synthetic
full_column,SYN0099,574,369,synthetic
full_column,SYN0099,575,369,synthetic
full_column,SYN0099,576,369,synthetic
full_column,SYN0099,577,369,synthetic
full_column,SYN0099,578,369,synthetic
full_column,SYN0099,579,369,synthetic
full_column,SYN0099,580,369,synthetic
full_column,SYN0099,581,369,synthetic
full_column,SYN0099,582,369,synthetic
full_column,SYN0099,583,369,synthetic
full_column,SYN0099,584,369,synthetic
full_column,SYN0099,585,369,synthetic
full_column,SYN0099,586,369,synthetic
full_column,SYN0099,587,369,synthetic
full_column,SYN0099,588,369,synthetic
full_column,SYN0099,589,369,synthetic
full_column,SYN0099,590,369,synthetic
full_column,SYN0099,591,369,synthetic
full_column,SYN0099,592,369,synthetic
full_column,SYN0099,593,369,synthetic
full_column,SYN0099,594,369,synthetic
full_column,SYN0099,595,369,synthetic
full_column,SYN0099,596,369,synthetic
full_column,SYN0099,597,369,synthetic
full_column,SYN0099,598,369,synthetic
full_column,SYN0099,599,369,synthetic
full_column,SYN0099,600,369,synthetic
full_column,SYN0099,601,369,synthetic
full_column,SYN0099,602,369,synthetic
full_column,SYN0099,603,369,synthetic
full_column,SYN0099,604,369,synthetic
full_column,SYN0099,605,369,synthetic
full_column,SYN0099,606,369,synthetic
full_column,SYN0099,607,369,synthetic
full_column,SYN0099,608,369,synthetic
full_column,SYN0099,609,369,synthetic
full_column,SYN0099,610,369,synthetic
full_column,SYN0099,611,369,synthetic
full_column,SYN0099,612,369,synthetic
full_column,SYN0099,613,369,synthetic
full_column,SYN0099,614,369,synthetic
full_column,SYN0099,615,369,synthetic
full_column,SYN0099,616,369,synthetic
full_column,SYN0099,617,369,synthetic
full_column,SYN0099,618,369,synthetic
full_column,SYN0099,619,369,synthetic
full_column,SYN0099,620,369,synthetic
full_column,SYN0099,621,369,synthetic
full_column,SYN0099,622,369,synthetic
full_column,SYN0099,623,369,synthetic
full_column,SYN0099,624,369,synthetic
full_column,SYN0099,625,369,synthetic
full_column,SYN0099,626,369,synthetic
full_column,SYN0099,627,369,synthetic
full_column,SYN0099,628,369,synthetic
full_column,SYN0099,629,369,synthetic
full_column,SYN0099,630,369,synthetic
full_column,SYN0099,631,369,synthetic
full_column,SYN0099,632,369,synthetic
full_column,SYN0099,633,369,synthetic
full_column,SYN0099,634,369,synthetic
full_column,SYN0099,635,369,synthetic
full_column,SYN0099,636,369,synthetic
full_column,SYN0099,637,369,synthetic
full_column,SYN0099,638,369,synthetic
full_column,SYN0099,639,369,synthetic
full_column,SYN0099,640,369,synthetic
full_column,SYN0099,641,369,synthetic
full_column,SYN0099,642,369,synthetic
full_column,SYN0099,643,369,synthetic
full_column,SYN0099,644,369,synthetic
full_column,SYN0099,645,369,synthetic
full_column,SYN0099,646,369,synthetic
full_column,SYN0099,647,369,synthetic
full_column,SYN0099,648,369,synthetic
full_column,SYN0099,649,369,synthetic
full_column,SYN0099,650,369,synthetic
full_column,SYN0099,651,369,synthetic
full_column,SYN0099,652,369,synthetic
full_column,SYN0099,653,369,synthetic
full_column,SYN0099,654,369,synthetic
full_column,SYN0099,655,369,synthetic
full_column,SYN0099,656,369,synthetic
full_column,SYN0099,657,369,synthetic
full_column,SYN0099,658,369,synthetic
full_column,SYN0099,659,369,synthetic
full_column,SYN0099,660,369,synthetic
full_column,SYN0099,661,369,synthetic
full_column,SYN0099,662,369,synthetic
full_column,SYN0099,663,369,synthetic
full_column,SYN0099,664,369,synthetic
full_column,SYN0099,665,369,synthetic
full_column,SYN0099,666,369,synthetic
full_column,SYN0099,667,369,synthetic
full_column,SYN0099,668,369,synthetic
full_column,SYN0099,669,369,synthetic
full_column,SYN0099,670,369,synthetic
full_column,SYN0099,671,369,synthetic
full_column,SYN0099,672,369,synthetic
full_column,SYN0099,673,369,synthetic
full_column,SYN0099,674,369,synthetic
full_column,SYN0099,675,369,synthetic
full_column,SYN0099,676,369,synthetic
full_column,SYN0099,677,369,synthetic
full_column,SYN0099,678,369,synthetic
full_column,SYN0099,679,369,synthetic
full_column,SYN0099,680,369,synthetic
full_column,SYN0099,681,369,synthetic
full_column,SYN0099,682,369,synthetic
full_column,SYN0099,683,369,synthetic
full_column,SYN0099,684,369,synthetic
full_column,SYN0099,685,369,synthetic
full_column,SYN0099,686,369,synthetic
full_column,SYN0099,687,369,synthetic
full_column,SYN0099,688,369,synthetic
full_column,SYN0099,689,369,synthetic
full_column,SYN0099,690,369,synthetic
full_column,SYN0099,691,369,synthetic
full_column,SYN0099,692,369,synthetic
full_column,SYN0099,693,369,synthetic
full_column,SYN0099,694,369,synthetic
full_column,SYN0099,695,369,synthetic
full_column,SYN0099,696,369,synthetic
full_column,SYN0099,697,369,synthetic
full_column,SYN0099,698,369,synthetic
full_column,SYN0099,699,369,synthetic
full_column,SYN0099,700,369,synthetic
full_column,SYN0099,701,369,synthetic
full_column,SYN0099,702,369,synthetic
full_column,SYN0099,703,369,synthetic
full_column,SYN0099,704,369,synthetic
full_column,SYN0099,705,369,synthetic
full_column,SYN0099,706,369,synthetic
full_column,SYN0099,707,369,synthetic
full_column,SYN0099,708,369,synthetic
full_column,SYN0099,709,369,synthetic
full_column,SYN0099,710,369,synthetic
full_column,SYN0099,711,369,synthetic
full_column,SYN0099,712,369,synthetic
full_column,SYN0099,713,369,synthetic
full_column,SYN0099,714,369,synthetic
full_column,SYN0099,715,369,synthetic
full_column,SYN0099,716,369,synthetic
full_column,SYN0099,717,369,synthetic
full_column,SYN0099,718,369,synthetic
full_column,SYN0099,719,369,synthetic
full_column,SYN0099,720,369,synthetic
full_column,SYN0099,721,369,synthetic
full_column,SYN0099,722,369,synthetic
full_column,SYN0099,723,369,synthetic
full_column,SYN0099,724,369,synthetic
full_column,SYN0099,725,369,synthetic
full_column,SYN0099,726,369,synthetic
full_column,SYN0099,727,369,synthetic
full_column,SYN0099,728,369,synthetic
full_column,SYN0099,729,369,synthetic
full_column,SYN0099,730,369,synthetic
full_column,SYN0099,731,369,synthetic
full_column,SYN0099,732,369,synthetic
full_column,SYN0099,733,369,synthetic
full_column,SYN0099,734,369,synthetic
full_column,SYN0099,735,369,synthetic
full_column,SYN0099,736,369,synthetic
full_column,SYN0099,737,369,synthetic
full_column,SYN0099,738,369,synthetic
full_column,SYN0099,739,369,synthetic
full_column,SYN0099,740,369,synthetic
full_column,SYN0099,741,369,synthetic
full_column,SYN0099,742,369,synthetic
full_column,SYN0099,743,369,synthetic
full_column,SYN0099,744,369,synthetic
full_column,SYN0099,745,369,synthetic
full_column,SYN0099,746,369,synthetic
full_column,SYN0099,747,369,synthetic
full_column,SYN0099,748,369,synthetic
full_column,SYN0099,749,369,synthetic
full_column,SYN0099,750,369,synthetic
full_column,SYN0099,751,369,synthetic
full_column,SYN0099,752,369,synthetic
full_column,SYN0099,753,369,synthetic
full_column,SYN0099,754,369,synthetic
full_column,SYN0099,755,369,synthetic
full_column,SYN0099,756,369,synthetic
full_column,SYN0099,757,369,synthetic
full_column,SYN0099,758,369,synthetic
full_column,SYN0099,759,369,synthetic
full_column,SYN0099,760,369,synthetic
full_column,SYN0099,761,369,synthetic
full_column,SYN0099,762,369,synthetic
full_column,SYN0099,763,369,synthetic
full_column,SYN0099,764,369,synthetic
full_column,SYN0099,765,369,synthetic
full_column,SYN0099,766,369,synthetic
full_column,SYN0099,767,369,synthetic
full_column,SYN0099,768,369,synthetic
full_column,SYN0099,769,369,synthetic
full_column,SYN0099,770,369,synthetic
full_column,SYN0099,771,369,synthetic
full_column,SYN0099,772,369,synthetic
full_column,SYN0099,773,369,synthetic
full_column,SYN0099,774,369,synthetic
full_column,SYN0099,775,369,synthetic
full_column,SYN0099,776,369,synthetic
full_column,SYN0099,777,369,synthetic
full_column,SYN0099,778,369,synthetic
full_column,SYN0099,779,369,synthetic
full_column,SYN0099,780,369,synthetic
full_column,SYN0099,781,369,synthetic
full_column,SYN0099,782,369,synthetic
full_column,SYN0099,783,369,synthetic
full_column,SYN0099,784,369,synthetic
full_column,SYN0099,785,369,synthetic
full_column,SYN0099,786,369,synthetic
full_column,SYN0099,787,369,synthetic
full_column,SYN0099,788,369,synthetic
full_column,SYN0099,789,369,synthetic
full_column,SYN0099,790,369,synthetic
full_column,SYN0099,791,369,synthetic
full_column,SYN0099,792,369,synthetic
full_column,SYN0099,793,369,synthetic
full_column,SYN0099,794,369,synthetic
full_column,SYN0099,795,369,synthetic
full_column,SYN0099,796,369,synthetic
full_column,SYN0099,797,369,synthetic
full_column,SYN0099,798,369,synthetic
full_column,SYN0099,799,369,synthetic
full_column,SYN0099,800,369,synthetic
full_column,SYN0099,801,369,synthetic
full_column,SYN0099,802,369,synthetic
full_column,SYN0099,803,369,synthetic
full_column,SYN0099,804,369,synthetic
full_column,SYN0099,805,369,synthetic
full_column,SYN0099,806,369,synthetic
full_column,SYN0099,807,369,synthetic
full_column,SYN0099,808,369,synthetic
full_column,SYN0099,809,369,synthetic
full_column,SYN0099,810,369,synthetic
full_column,SYN0099,811,369,synthetic
full_column,SYN0099,812,369,synthetic
full_column,SYN0099,813,369,synthetic
full_column,SYN0099,814,369,synthetic
full_column,SYN0099,815,369,synthetic
full_column,SYN0099,816,369,synthetic
full_column,SYN0099,817,369,synthetic
full_column,SYN0099,818,369,synthetic
full_column,SYN0099,819,369,synthetic
full_column,SYN0099,820,369,synthetic
full_column,SYN0099,821,369,synthetic
full_column,SYN0099,822,369,synthetic
full_column,SYN0099,823,369,synthetic
full_column,SYN0099,824,369,synthetic
full_column,SYN0099,825,369,synthetic
full_column,SYN0099,826,369,synthetic
full_column,SYN0099,827,369,synthetic
full_column,SYN0099,828,369,synthetic
full_column,SYN0099,829,369,synthetic
full_column,SYN0099,830,369,synthetic
full_column,SYN0099,831,369,synthetic
full_column,SYN0099,832,369,synthetic
full_column,SYN0099,833,369,synthetic
full_column,SYN0099,834,369,synthetic
full_column,SYN0099,835,369,synthetic
full_column,SYN0099,836,369,synthetic
full_column,SYN0099,837,369,synthetic
full_column,SYN0099,838,369,synthetic
full_column,SYN0099,839,369,synthetic
full_column,SYN0099,840,369,synthetic
full_column,SYN0099,841,369,synthetic
full_column,SYN0099,842,369,synthetic
full_column,SYN0099,843,369,synthetic
full_column,SYN0099,844,369,synthetic
full_column,SYN0099,845,369,synthetic
full_column,SYN0099,846,369,synthetic
full_column,SYN0099,847,369,synthetic
full_column,SYN0099,848,369,synthetic
full_column,SYN0099,849,369,synthetic
full_column,SYN0099,850,369,synthetic
full_column,SYN0099,851,369,synthetic
full_column,SYN0099,852,369,synthetic
full_column,SYN0099,853,369,synthetic
full_column,SYN0099,854,369,synthetic
full_column,SYN0099,855,369,synthetic
full_column,SYN0099,856,369,synthetic
full_column,SYN0099,857,369,synthetic
full_column,SYN0099,858,369,synthetic
full_column,SYN0099,859,369,synthetic
full_column,SYN0099,860,369,synthetic
full_column,SYN0099,861,369,synthetic
full_column,SYN0099,862,369,synthetic
full_column,SYN0099,863,369,synthetic
full_column,SYN0099,864,369,synthetic
full_column,SYN0099,865,369,synthetic
full_column,SYN0099,866,369,synthetic
full_column,SYN0099,867,369,synthetic
full_column,SYN0099,868,369,synthetic
full_column,SYN0099,869,369,synthetic
full_column,SYN0099,870,369,synthetic
full_column,SYN0099,871,369,synthetic
full_column,SYN0099,872,369,synthetic
full_column,SYN0099,873,369,synthetic
full_column,SYN0099,874,369,synthetic
full_column,SYN0099,875,369,synthetic
full_column,SYN0099,876,369,synthetic
full_column,SYN0099,877,369,synthetic
full_column,SYN0099,878,369,synthetic
full_column,SYN0099,879,369,synthetic
full_column,SYN0099,880,369,synthetic
full_column,SYN0099,881,369,synthetic
full_column,SYN0099,882,369,synthetic
full_column,SYN0099,883,369,synthetic
full_column,SYN0099,884,369,synthetic
full_column,SYN0099,885,369,synthetic
full_column,SYN0099,886,369,synthetic
full_column,SYN0099,887,369,synthetic
full_column,SYN0099,888,369,synthetic
full_column,SYN0099,889,369,synthetic
full_column,SYN0099,890,369,synthetic
full_column,SYN0099,891,369,synthetic
full_column,SYN0099,892,369,synthetic
full_column,SYN0099,893,369,synthetic
full_column,SYN0099,894,369,synthetic
full_column,SYN0099,895,369,synthetic
full_column,SYN0099,896,369,synthetic
full_column,SYN0099,897,369,synthetic
full_column,SYN0099,898,369,synthetic
full_column,SYN0099,899,369,synthetic
full_column,SYN0099,900,369,synthetic
full_column,SYN0099,901,369,synthetic
full_column,SYN0099,902,369,synthetic
full_column,SYN0099,903,369,synthetic
full_column,SYN0099,904,369,synthetic
full_column,SYN0099,905,369,synthetic
full_column,SYN0099,906,369,synthetic
full_column,SYN0099,907,369,synthetic
full_column,SYN0099,908,369,synthetic
full_column,SYN0099,909,369,synthetic
full_column,SYN0099,910,369,synthetic
full_column,SYN0099,911,369,synthetic
full_column,SYN0099,912,369,synthetic
full_column,SYN0099,913,369,synthetic
full_column,SYN0099,914,369,synthetic
full_column,SYN0099,915,369,synthetic
full_column,SYN0099,916,369,synthetic
full_column,SYN0099,917,369,synthetic
full_column,SYN0099,918,369,synthetic
full_column,SYN0099,919,369,synthetic
full_column,SYN0099,920,369,synthetic
full_column,SYN0099,921,369,synthetic
full_column,SYN0099,922,369,synthetic
full_column,SYN0099,923,369,synthetic
full_column,SYN0099,924,369,synthetic
full_column,SYN0099,925,369,synthetic
full_column,SYN0099,926,369,synthetic
full_column,SYN0099,927,369,synthetic
full_column,SYN0099,928,369,synthetic
full_column,SYN0099,929,369,synthetic
full_column,SYN0099,930,369,synthetic
full_column,SYN0099,931,369,synthetic
full_column,SYN0099,932,369,synthetic
full_column,SYN0099,933,369,synthetic
full_column,SYN0099,934,369,synthetic
full_column,SYN0099,935,369,synthetic
full_column,SYN0099,936,369,synthetic
full_column,SYN0099,937,369,synthetic
full_column,SYN0099,938,369,synthetic
full_column,SYN0099,939,369,synthetic
full_column,SYN0099,940,369,synthetic
full_column,SYN0099,941,369,synthetic
full_column,SYN0099,942,369,synthetic
full_column,SYN0099,943,369,synthetic
full_column,SYN0099,944,369,synthetic
full_column,SYN0099,945,369,synthetic
full_column,SYN0099,946,369,synthetic
full_column,SYN0099,947,369,synthetic
full_column,SYN0099,948,369,synthetic
full_column,SYN0099,949,369,synthetic
full_column,SYN0099,950,369,synthetic
full_column,SYN0099,951,369,synthetic
full_column,SYN0099,952,369,synthetic
full_column,SYN0099,953,369,synthetic
full_column,SYN0099,954,369,synthetic
full_column,SYN0099,955,369,synthetic
full_column,SYN0099,956,369,synthetic
full_column,SYN0099,957,369,synthetic
full_column,SYN0099,958,369,synthetic
full_column,SYN0099,959,369,synthetic
full_column,SYN0099,960,369,synthetic
full_column,SYN0099,961,369,synthetic
full_column,SYN0099,962,369,synthetic
full_column,SYN0099,963,369,synthetic
full_column,SYN0099,964,369,synthetic
full_column,SYN0099,965,369,synthetic
full_column,SYN0099,966,369,synthetic
full_column,SYN0099,967,369,synthetic
full_column,SYN0099,968,369,synthetic
full_column,SYN0099,969,369,synthetic
full_column,SYN0099,970,369,synthetic
full_column,SYN0099,971,369,synthetic
full_column,SYN0099,972,369,synthetic
full_column,SYN0099,973,369,synthetic
full_column,SYN0099,974,369,synthetic
full_column,SYN0099,975,369,synthetic
full_column,SYN0099,976,369,synthetic
full_column,SYN0099,977,369,synthetic
full_column,SYN0099,978,369,synthetic
full_column,SYN0099,979,369,synthetic
full_column,SYN0099,980,369,synthetic
full_column,SYN0099,981,369,synthetic
full_column,SYN0099,982,369,synthetic
full_column,SYN0099,983,369,synthetic
full_column,SYN0099,984,369,synthetic
full_column,SYN0099,985,369,synthetic
full_column,SYN0099,986,369,synthetic
full_column,SYN0099,987,369,synthetic
full_column,SYN0099,988,369,synthetic
full_column,SYN0099,989,369,synthetic
full_column,SYN0099,990,369,synthetic
full_column,SYN0099,991,369,synthetic
full_column,SYN0099,992,369,synthetic
full_column,SYN0099,993,369,synthetic
full_column,SYN0099,994,369,synthetic
full_column,SYN0099,995,369,synthetic
full_column,SYN0099,996,369,synthetic
full_column,SYN0099,997,369,synthetic
full_column,SYN0099,998,369,synthetic
full_column,SYN0099,999,369,synthetic
full_column,SYN0099,1000,369,synthetic
full_column,SYN0099,1001,369,synthetic
full_column,SYN0099,1002,369,synthetic
full_column,SYN0099,1003,369,synthetic
full_column,SYN0099,1004,369,synthetic
full_column,SYN0099,1005,369,synthetic
full_column,SYN0099,1006,369,synthetic
full_column,SYN0099,1007,369,synthetic
full_column,SYN0099,1008,369,synthetic
full_column,SYN0099,1009,369,synthetic
full_column,SYN0099,1010,369,synthetic
full_column,SYN0099,1011,369,synthetic
full_column,SYN0099,1012,369,synthetic
full_column,SYN0099,1013,369,synthetic
full_column,SYN0099,1014,369,synthetic
full_column,SYN0099,1015,369,synthetic
full_column,SYN0099,1016,369,synthetic
full_column,SYN0099,1017,369,synthetic
full_column,SYN0099,1018,369,synthetic
full_column,SYN0099,1019,369,synthetic
full_column,SYN0099,1020,369,synthetic
full_column,SYN0099,1021,369,synthetic
full_column,SYN0099,1022,369,synthetic
full_column,SYN0099,1023,369,synthetic
full_column,SYN0100,0,37,synthetic
full_column,SYN0100,1,37,synthetic
full_column,SYN0100,2,37,synthetic
full_column,SYN0100,3,37,synthetic
full_column,SYN0100,4,37,synthetic
full_column,SYN0100,5,37,synthetic
full_column,SYN0100,6,37,synthetic
full_column,SYN0100,7,37,synthetic
full_column,SYN0100,8,37,synthetic
full_column,SYN0100,9,37,synthetic
full_column,SYN0100,10,37,synthetic
full_column,SYN0100,11,37,synthetic
full_column,SYN0100,12,37,synthetic
full_column,SYN0100,13,37,synthetic
full_column,SYN0100,14,37,synthetic
full_column,SYN0100,15,37,synthetic
full_column,SYN0100,16,37,synthetic
full_column,SYN0100,17,37,synthetic
full_column,SYN0100,18,37,synthetic
full_column,SYN0100,19,37,synthetic
full_column,SYN0100,20,37,synthetic
full_column,SYN0100,21,37,synthetic
full_column,SYN0100,22,37,synthetic
full_column,SYN0100,23,37,synthetic
full_column,SYN0100,24,37,synthetic
full_column,SYN0100,25,37,synthetic
full_column,SYN0100,26,37,synthetic
full_column,SYN0100,27,37,synthetic
full_column,SYN0100,28,37,synthetic
full_column,SYN0100,29,37,synthetic
full_column,SYN0100,30,37,synthetic
full_column,SYN0100,31,37,synthetic
full_column,SYN0100,32,37,synthetic
full_column,SYN0100,33,37,synthetic
full_column,SYN0100,34,37,synthetic
full_column,SYN0100,35,37,synthetic
full_column,SYN0100,36,37,synthetic
full_column,SYN0100,37,37,synthetic
full_column,SYN0100,38,37,synthetic
full_column,SYN0100,39,37,synthetic
full_column,SYN0100,40,37,synthetic
full_column,SYN0100,41,37,synthetic
full_column,SYN0100,42,37,synthetic
full_column,SYN0100,43,37,synthetic
full_column,SYN0100,44,37,synthetic
full_column,SYN0100,45,37,synthetic
full_column,SYN0100,46,37,synthetic
full_column,SYN0100,47,37,synthetic
full_column,SYN0100,48,37,synthetic
full_column,SYN0100,49,37,synthetic
full_column,SYN0100,50,37,synthetic
full_column,SYN0100,51,37,synthetic
full_column,SYN0100,52,37,synthetic
full_column,SYN0100,53,37,synthetic
full_column,SYN0100,54,37,synthetic
full_column,SYN0100,55,37,synthetic
full_column,SYN0100,56,37,synthetic
full_column,SYN0100,57,37,synthetic
full_column,SYN0100,58,37,synthetic
full_column,SYN0100,59,37,synthetic
full_column,SYN0100,60,37,synthetic
full_column,SYN0100,61,37,synthetic
full_column,SYN0100,62,37,synthetic
full_column,SYN0100,63,37,synthetic
full_column,SYN0100,64,37,synthetic
full_column,SYN0100,65,37,synthetic
full_column,SYN0100,66,37,synthetic
full_column,SYN0100,67,37,synthetic
full_column,SYN0100,68,37,synthetic
full_column,SYN0100,69,37,synthetic
full_column,SYN0100,70,37,synthetic
full_column,SYN0100,71,37,synthetic
full_column,SYN0100,72,37,synthetic
full_column,SYN0100,73,37,synthetic
full_column,SYN0100,74,37,synthetic
full_column,SYN0100,75,37,synthetic
full_column,SYN0100,76,37,synthetic
full_column,SYN0100,77,37,synthetic
full_column,SYN0100,78,37,synthetic
full_column,SYN0100,79,37,synthetic
full_column,SYN0100,80,37,synthetic
full_column,SYN0100,81,37,synthetic
full_column,SYN0100,82,37,synthetic
full_column,SYN0100,83,37,synthetic
full_column,SYN0100,84,37,synthetic
full_column,SYN0100,85,37,synthetic
full_column,SYN0100,86,37,synthetic
full_column,SYN0100,87,37,synthetic
full_column,SYN0100,88,37,synthetic
full_column,SYN0100,89,37,synthetic
full_column,SYN0100,90,37,synthetic
full_column,SYN0100,91,37,synthetic
full_column,SYN0100,92,37,synthetic
full_column,SYN0100,93,37,synthetic
full_column,SYN0100,94,37,synthetic
full_column,SYN0100,95,37,synthetic
full_column,SYN0100,96,37,synthetic
full_column,SYN0100,97,37,synthetic
full_column,SYN0100,98,37,synthetic
full_column,SYN0100,99,37,synthetic
full_column,SYN0100,100,37,synthetic
full_column,SYN0100,101,37,synthetic
full_column,SYN0100,102,37,synthetic
full_column,SYN0100,103,37,synthetic
full_column,SYN0100,104,37,synthetic
full_column,SYN0100,105,37,synthetic
full_column,SYN0100,106,37,synthetic
full_column,SYN0100,107,37,synthetic
full_column,SYN0100,108,37,synthetic
full_column,SYN0100,109,37,synthetic
full_column,SYN0100,110,37,synthetic
full_column,SYN0100,111,37,synthetic
full_column,SYN0100,112,37,synthetic
full_column,SYN0100,113,37,synthetic
full_column,SYN0100,114,37,synthetic
full_column,SYN0100,115,37,synthetic
full_column,SYN0100,116,37,synthetic
full_column,SYN0100,117,37,synthetic
full_column,SYN0100,118,37,synthetic
full_column,SYN0100,119,37,synthetic
full_column,SYN0100,120,37,synthetic
full_column,SYN0100,121,37,synthetic
full_column,SYN0100,122,37,synthetic
full_column,SYN0100,123,37,synthetic
full_column,SYN0100,124,37,synthetic
full_column,SYN0100,125,37,synthetic
full_column,SYN0100,126,37,synthetic
full_column,SYN0100,127,37,synthetic
full_column,SYN0100,128,37,synthetic
full_column,SYN0100,129,37,synthetic
full_column,SYN0100,130,37,synthetic
full_column,SYN0100,131,37,synthetic
full_column,SYN0100,132,37,synthetic
full_column,SYN0100,133,37,synthetic
full_column,SYN0100,134,37,synthetic
full_column,SYN0100,135,37,synthetic
full_column,SYN0100,136,37,synthetic
full_column,SYN0100,137,37,synthetic
full_column,SYN0100,138,37,synthetic
full_column,SYN0100,139,37,synthetic
full_column,SYN0100,140,37,synthetic
full_column,SYN0100,141,37,synthetic
full_column,SYN0100,142,37,synthetic
full_column,SYN0100,143,37,synthetic
full_column,SYN0100,144,37,synthetic
full_column,SYN0100,145,37,synthetic
full_column,SYN0100,146,37,synthetic
full_column,SYN0100,147,37,synthetic
full_column,SYN0100,148,37,synthetic
full_column,SYN0100,149,37,synthetic
full_column,SYN0100,150,37,synthetic
full_column,SYN0100,151,37,synthetic
full_column,SYN0100,152,37,synthetic
full_column,SYN0100,153,37,synthetic
full_column,SYN0100,154,37,synthetic
full_column,SYN0100,155,37,synthetic
full_column,SYN0100,156,37,synthetic
full_column,SYN0100,157,37,synthetic
full_column,SYN0100,158,37,synthetic
full_column,SYN0100,159,37,synthetic
full_column,SYN0100,160,37,synthetic
full_column,SYN0100,161,37,synthetic
full_column,SYN0100,162,37,synthetic
full_column,SYN0100,163,37,synthetic
full_column,SYN0100,164,37,synthetic
full_column,SYN0100,165,37,synthetic
full_column,SYN0100,166,37,synthetic
full_column,SYN0100,167,37,synthetic
full_column,SYN0100,168,37,synthetic
full_column,SYN0100,169,37,synthetic
full_column,SYN0100,170,37,synthetic
full_column,SYN0100,171,37,synthetic
full_column,SYN0100,172,37,synthetic
full_column,SYN0100,173,37,synthetic
full_column,SYN0100,174,37,synthetic
full_column,SYN0100,175,37,synthetic
full_column,SYN0100,176,37,synthetic
full_column,SYN0100,177,37,synthetic
full_column,SYN0100,178,37,synthetic
full_column,SYN0100,179,37,synthetic
full_column,SYN0100,180,37,synthetic
full_column,SYN0100,181,37,synthetic
full_column,SYN0100,182,37,synthetic
full_column,SYN0100,183,37,synthetic
full_column,SYN0100,184,37,synthetic
full_column,SYN0100,185,37,synthetic
full_column,SYN0100,186,37,synthetic
full_column,SYN0100,187,37,synthetic
full_column,SYN0100,188,37,synthetic
full_column,SYN0100,189,37,synthetic
full_column,SYN0100,190,37,synthetic
full_column,SYN0100,191,37,synthetic
full_column,SYN0100,192,37,synthetic
full_column,SYN0100,193,37,synthetic
full_column,SYN0100,194,37,synthetic
full_column,SYN0100,195,37,synthetic
full_column,SYN0100,196,37,synthetic
full_column,SYN0100,197,37,synthetic
full_column,SYN0100,198,37,synthetic
full_column,SYN0100,199,37,synthetic
full_column,SYN0100,200,37,synthetic
full_column,SYN0100,201,37,synthetic
full_column,SYN0100,202,37,synthetic
full_column,SYN0100,203,37,synthetic
full_column,SYN0100,204,37,synthetic
full_column,SYN0100,205,37,synthetic
full_column,SYN0100,206,37,synthetic
full_column,SYN0100,207,37,synthetic
full_column,SYN0100,208,37,synthetic
full_column,SYN0100,209,37,synthetic
full_column,SYN0100,210,37,synthetic
full_column,SYN0100,211,37,synthetic
full_column,SYN0100,212,37,synthetic
full_column,SYN0100,213,37,synthetic
full_column,SYN0100,214,37,synthetic
full_column,SYN0100,215,37,synthetic
full_column,SYN0100,216,37,synthetic
full_column,SYN0100,217,37,synthetic
full_column,SYN0100,218,37,synthetic
full_column,SYN0100,219,37,synthetic
full_column,SYN0100,220,37,synthetic
full_column,SYN0100,221,37,synthetic
full_column,SYN0100,222,37,synthetic
full_column,SYN0100,223,37,synthetic
full_column,SYN0100,224,37,synthetic
full_column,SYN0100,225,37,synthetic
full_column,SYN0100,226,37,synthetic
full_column,SYN0100,227,37,synthetic
full_column,SYN0100,228,37,synthetic
full_column,SYN0100,229,37,synthetic
full_column,SYN0100,230,37,synthetic
full_column,SYN0100,231,37,synthetic
full_column,SYN0100,232,37,synthetic
full_column,SYN0100,233,37,synthetic
full_column,SYN0100,234,37,synthetic
full_column,SYN0100,235,37,synthetic
full_column,SYN0100,236,37,synthetic
full_column,SYN0100,237,37,synthetic
full_column,SYN0100,238,37,synthetic
full_column,SYN0100,239,37,synthetic
full_column,SYN0100,240,37,synthetic
full_column,SYN0100,241,37,synthetic
full_column,SYN0100,242,37,synthetic
full_column,SYN0100,243,37,synthetic
full_column,SYN0100,244,37,synthetic
full_column,SYN0100,245,37,synthetic
full_column,SYN0100,246,37,synthetic
full_column,SYN0100,247,37,synthetic
full_column,SYN0100,248,37,synthetic
full_column,SYN0100,249,37,synthetic
full_column,SYN0100,250,37,synthetic
full_column,SYN0100,251,37,synthetic
full_column,SYN0100,252,37,synthetic
full_column,SYN0100,253,37,synthetic
full_column,SYN0100,254,37,synthetic
full_column,SYN0100,255,37,synthetic
full_column,SYN0100,256,37,synthetic
full_column,SYN0100,257,37,synthetic
full_column,SYN0100,258,37,synthetic
full_column,SYN0100,259,37,synthetic
full_column,SYN0100,260,37,synthetic
full_column,SYN0100,261,37,synthetic
full_column,SYN0100,262,37,synthetic
full_column,SYN0100,263,37,synthetic
full_column,SYN0100,264,37,synthetic
full_column,SYN0100,265,37,synthetic
full_column,SYN0100,266,37,synthetic
full_column,SYN0100,267,37,synthetic
full_column,SYN0100,268,37,synthetic
full_column,SYN0100,269,37,synthetic
full_column,SYN0100,270,37,synthetic
full_column,SYN0100,271,37,synthetic
full_column,SYN0100,272,37,synthetic
full_column,SYN0100,273,37,synthetic
full_column,SYN0100,274,37,synthetic
full_column,SYN0100,275,37,synthetic
full_column,SYN0100,276,37,synthetic
full_column,SYN0100,277,37,synthetic
full_column,SYN0100,278,37,synthetic
full_column,SYN0100,279,37,synthetic
full_column,SYN0100,280,37,synthetic
full_column,SYN0100,281,37,synthetic
full_column,SYN0100,282,37,synthetic
full_column,SYN0100,283,37,synthetic
full_column,SYN0100,284,37,synthetic
full_column,SYN0100,285,37,synthetic
full_column,SYN0100,286,37,synthetic
full_column,SYN0100,287,37,synthetic
full_column,SYN0100,288,37,synthetic
full_column,SYN0100,289,37,synthetic
full_column,SYN0100,290,37,synthetic
full_column,SYN0100,291,37,synthetic
full_column,SYN0100,292,37,synthetic
full_column,SYN0100,293,37,synthetic
full_column,SYN0100,294,37,synthetic
full_column,SYN0100,295,37,synthetic
full_column,SYN0100,296,37,synthetic
full_column,SYN0100,297,37,synthetic
full_column,SYN0100,298,37,synthetic
full_column,SYN0100,299,37,synthetic
full_column,SYN0100,300,37,synthetic
full_column,SYN0100,301,37,synthetic
full_column,SYN0100,302,37,synthetic
full_column,SYN0100,303,37,synthetic
full_column,SYN0100,304,37,synthetic
full_column,SYN0100,305,37,synthetic
full_column,SYN0100,306,37,synthetic
full_column,SYN0100,307,37,synthetic
full_column,SYN0100,308,37,synthetic
full_column,SYN0100,309,37,synthetic
full_column,SYN0100,310,37,synthetic
full_column,SYN0100,311,37,synthetic
full_column,SYN0100,312,37,synthetic
full_column,SYN0100,313,37,synthetic
full_column,SYN0100,314,37,synthetic
full_column,SYN0100,315,37,synthetic
full_column,SYN0100,316,37,synthetic
full_column,SYN0100,317,37,synthetic
full_column,SYN0100,318,37,synthetic
full_column,SYN0100,319,37,synthetic
full_column,SYN0100,320,37,synthetic
full_column,SYN0100,321,37,synthetic
full_column,SYN0100,322,37,synthetic
full_column,SYN0100,323,37,synthetic
full_column,SYN0100,324,37,synthetic
full_column,SYN0100,325,37,synthetic
full_column,SYN0100,326,37,synthetic
full_column,SYN0100,327,37,synthetic
full_column,SYN0100,328,37,synthetic
full_column,SYN0100,329,37,synthetic
full_column,SYN0100,330,37,synthetic
full_column,SYN0100,331,37,synthetic
full_column,SYN0100,332,37,synthetic
full_column,SYN0100,333,37,synthetic
full_column,SYN0100,334,37,synthetic
full_column,SYN0100,335,37,synthetic
full_column,SYN0100,336,37,synthetic
full_column,SYN0100,337,37,synthetic
full_column,SYN0100,338,37,synthetic
full_column,SYN0100,339,37,synthetic
full_column,SYN0100,340,37,synthetic
full_column,SYN0100,341,37,synthetic
full_column,SYN0100,342,37,synthetic
full_column,SYN0100,343,37,synthetic
full_column,SYN0100,344,37,synthetic
full_column,SYN0100,345,37,synthetic
full_column,SYN0100,346,37,synthetic
full_column,SYN0100,347,37,synthetic
full_column,SYN0100,348,37,synthetic
full_column,SYN0100,349,37,synthetic
full_column,SYN0100,350,37,synthetic
full_column,SYN0100,351,37,synthetic
full_column,SYN0100,352,37,synthetic
full_column,SYN0100,353,37,synthetic
full_column,SYN0100,354,37,synthetic
full_column,SYN0100,355,37,synthetic
full_column,SYN0100,356,37,synthetic
full_column,SYN0100,357,37,synthetic
full_column,SYN0100,358,37,synthetic
full_column,SYN0100,359,37,synthetic
full_column,SYN0100,360,37,synthetic
full_column,SYN0100,361,37,synthetic
full_column,SYN0100,362,37,synthetic
full_column,SYN0100,363,37,synthetic
full_column,SYN0100,364,37,synthetic
full_column,SYN0100,365,37,synthetic
full_column,SYN0100,366,37,synthetic
full_column,SYN0100,367,37,synthetic
full_column,SYN0100,368,37,synthetic
full_column,SYN0100,369,37,synthetic
full_column,SYN0100,370,37,synthetic
full_column,SYN0100,371,37,synthetic
full_column,SYN0100,372,37,synthetic
full_column,SYN0100,373,37,synthetic
full_column,SYN0100,374,37,synthetic
full_column,SYN0100,375,37,synthetic
full_column,SYN0100,376,37,synthetic
full_column,SYN0100,377,37,synthetic
full_column,SYN0100,378,37,synthetic
full_column,SYN0100,379,37,synthetic
full_column,SYN0100,380,37,synthetic
full_column,SYN0100,381,37,synthetic
full_column,SYN0100,382,37,synthetic
full_column,SYN0100,383,37,synthetic
full_column,SYN0100,384,37,synthetic
full_column,SYN0100,385,37,synthetic
full_column,SYN0100,386,37,synthetic
full_column,SYN0100,387,37,synthetic
full_column,SYN0100,388,37,synthetic
full_column,SYN0100,389,37,synthetic
full_column,SYN0100,390,37,synthetic
full_column,SYN0100,391,37,synthetic
full_column,SYN0100,392,37,synthetic
full_column,SYN0100,393,37,synthetic
full_column,SYN0100,394,37,synthetic
full_column,SYN0100,395,37,synthetic
full_column,SYN0100,396,37,synthetic
full_column,SYN0100,397,37,synthetic
full_column,SYN0100,398,37,synthetic
full_column,SYN0100,399,37,synthetic
full_column,SYN0100,400,37,synthetic
full_column,SYN0100,401,37,synthetic
full_column,SYN0100,402,37,synthetic
full_column,SYN0100,403,37,synthetic
full_column,SYN0100,404,37,synthetic
full_column,SYN0100,405,37,synthetic
full_column,SYN0100,406,37,synthetic
full_column,SYN0100,407,37,synthetic
full_column,SYN0100,408,37,synthetic
full_column,SYN0100,409,37,synthetic
full_column,SYN0100,410,37,synthetic
full_column,SYN0100,411,37,synthetic
full_column,SYN0100,412,37,synthetic
full_column,SYN0100,413,37,synthetic
full_column,SYN0100,414,37,synthetic
full_column,SYN0100,415,37,synthetic
full_column,SYN0100,416,37,synthetic
full_column,SYN0100,417,37,synthetic
full_column,SYN0100,418,37,synthetic
full_column,SYN0100,419,37,synthetic
full_column,SYN0100,420,37,synthetic
full_column,SYN0100,421,37,synthetic
full_column,SYN0100,422,37,synthetic
full_column,SYN0100,423,37,synthetic
full_column,SYN0100,424,37,synthetic
full_column,SYN0100,425,37,synthetic
full_column,SYN0100,426,37,synthetic
full_column,SYN0100,427,37,synthetic
full_column,SYN0100,428,37,synthetic
full_column,SYN0100,429,37,synthetic
full_column,SYN0100,430,37,synthetic
full_column,SYN0100,431,37,synthetic
full_column,SYN0100,432,37,synthetic
full_column,SYN0100,433,37,synthetic
full_column,SYN0100,434,37,synthetic
full_column,SYN0100,435,37,synthetic
full_column,SYN0100,436,37,synthetic
full_column,SYN0100,437,37,synthetic
full_column,SYN0100,438,37,synthetic
full_column,SYN0100,439,37,synthetic
full_column,SYN0100,440,37,synthetic
full_column,SYN0100,441,37,synthetic
full_column,SYN0100,442,37,synthetic
full_column,SYN0100,443,37,synthetic
full_column,SYN0100,444,37,synthetic
full_column,SYN0100,445,37,synthetic
full_column,SYN0100,446,37,synthetic
full_column,SYN0100,447,37,synthetic
full_column,SYN0100,448,37,synthetic
full_column,SYN0100,449,37,synthetic
full_column,SYN0100,450,37,synthetic
full_column,SYN0100,451,37,synthetic
full_column,SYN0100,452,37,synthetic
full_column,SYN0100,453,37,synthetic
full_column,SYN0100,454,37,synthetic
full_column,SYN0100,455,37,synthetic
full_column,SYN0100,456,37,synthetic
full_column,SYN0100,457,37,synthetic
full_column,SYN0100,458,37,synthetic
full_column,SYN0100,459,37,synthetic
full_column,SYN0100,460,37,synthetic
full_column,SYN0100,461,37,synthetic
full_column,SYN0100,462,37,synthetic
full_column,SYN0100,463,37,synthetic
full_column,SYN0100,464,37,synthetic
full_column,SYN0100,465,37,synthetic
full_column,SYN0100,466,37,synthetic
full_column,SYN0100,467,37,synthetic
full_column,SYN0100,468,37,synthetic
full_column,SYN0100,469,37,synthetic
full_column,SYN0100,470,37,synthetic
full_column,SYN0100,471,37,synthetic
full_column,SYN0100,472,37,synthetic
full_column,SYN0100,473,37,synthetic
full_column,SYN0100,474,37,synthetic
full_column,SYN0100,475,37,synthetic
full_column,SYN0100,476,37,synthetic
full_column,SYN0100,477,37,synthetic
full_column,SYN0100,478,37,synthetic
full_column,SYN0100,479,37,synthetic
full_column,SYN0100,480,37,synthetic
full_column,SYN0100,481,37,synthetic
full_column,SYN0100,482,37,synthetic
full_column,SYN0100,483,37,synthetic
full_column,SYN0100,484,37,synthetic
full_column,SYN0100,485,37,synthetic
full_column,SYN0100,486,37,synthetic
full_column,SYN0100,487,37,synthetic
full_column,SYN0100,488,37,synthetic
full_column,SYN0100,489,37,synthetic
full_column,SYN0100,490,37,synthetic
full_column,SYN0100,491,37,synthetic
full_column,SYN0100,492,37,synthetic
full_column,SYN0100,493,37,synthetic
full_column,SYN0100,494,37,synthetic
full_column,SYN0100,495,37,synthetic
full_column,SYN0100,496,37,synthetic
full_column,SYN0100,497,37,synthetic
full_column,SYN0100,498,37,synthetic
full_column,SYN0100,499,37,synthetic
full_column,SYN0100,500,37,synthetic
full_column,SYN0100,501,37,synthetic
full_column,SYN0100,502,37,synthetic
full_column,SYN0100,503,37,synthetic
full_column,SYN0100,504,37,synthetic
full_column,SYN0100,505,37,synthetic
full_column,SYN0100,506,37,synthetic
full_column,SYN0100,507,37,synthetic
full_column,SYN0100,508,37,synthetic
full_column,SYN0100,509,37,synthetic
full_column,SYN0100,510,37,synthetic
full_column,SYN0100,511,37,synthetic
full_column,SYN0100,512,37,synthetic
full_column,SYN0100,513,37,synthetic
full_column,SYN0100,514,37,synthetic
full_column,SYN0100,515,37,synthetic
full_column,SYN0100,516,37,synthetic
full_column,SYN0100,517,37,synthetic
full_column,SYN0100,518,37,synthetic
full_column,SYN0100,519,37,synthetic
full_column,SYN0100,520,37,synthetic
full_column,SYN0100,521,37,synthetic
full_column,SYN0100,522,37,synthetic
full_column,SYN0100,523,37,synthetic
full_column,SYN0100,524,37,synthetic
full_column,SYN0100,525,37,synthetic
full_column,SYN0100,526,37,synthetic
full_column,SYN0100,527,37,synthetic
full_column,SYN0100,528,37,synthetic
full_column,SYN0100,529,37,synthetic
full_column,SYN0100,530,37,synthetic
full_column,SYN0100,531,37,synthetic
full_column,SYN0100,532,37,synthetic
full_column,SYN0100,533,37,synthetic
full_column,SYN0100,534,37,synthetic
full_column,SYN0100,535,37,synthetic
full_column,SYN0100,536,37,synthetic
full_column,SYN0100,537,37,synthetic
full_column,SYN0100,538,37,synthetic
full_column,SYN0100,539,37,synthetic
full_column,SYN0100,540,37,synthetic
full_column,SYN0100,541,37,synthetic
full_column,SYN0100,542,37,synthetic
full_column,SYN0100,543,37,synthetic
full_column,SYN0100,544,37,synthetic
full_column,SYN0100,545,37,synthetic
full_column,SYN0100,546,37,synthetic
full_column,SYN0100,547,37,synthetic
full_column,SYN0100,548,37,synthetic
full_column,SYN0100,549,37,synthetic
full_column,SYN0100,550,37,synthetic
full_column,SYN0100,551,37,synthetic
full_column,SYN0100,552,37,synthetic
full_column,SYN0100,553,37,synthetic
full_column,SYN0100,554,37,synthetic
full_column,SYN0100,555,37,synthetic
full_column,SYN0100,556,37,synthetic
full_column,SYN0100,557,37,synthetic
full_column,SYN0100,558,37,synthetic
full_column,SYN0100,559,37,synthetic
full_column,SYN0100,560,37,synthetic
full_column,SYN0100,561,37,synthetic
full_column,SYN0100,562,37,synthetic
full_column,SYN0100,563,37,synthetic
full_column,SYN0100,564,37,synthetic
full_column,SYN0100,565,37,synthetic
full_column,SYN0100,566,37,synthetic
full_column,SYN0100,567,37,synthetic
full_column,SYN0100,568,37,synthetic
full_column,SYN0100,569,37,synthetic
full_column,SYN0100,570,37,synthetic
full_column,SYN0100,571,37,synthetic
full_column,SYN0100,572,37,synthetic
full_column,SYN0100,573,37,synthetic
full_column,SYN0100,574,37,synthetic
full_column,SYN0100,575,37,synthetic
full_column,SYN0100,576,37,synthetic
full_column,SYN0100,577,37,synthetic
full_column,SYN0100,578,37,synthetic
full_column,SYN0100,579,37,synthetic
full_column,SYN0100,580,37,synthetic
full_column,SYN0100,581,37,synthetic
full_column,SYN0100,582,37,synthetic
full_column,SYN0100,583,37,synthetic
full_column,SYN0100,584,37,synthetic
full_column,SYN0100,585,37,synthetic
full_column,SYN0100,586,37,synthetic
full_column,SYN0100,587,37,synthetic
full_column,SYN0100,588,37,synthetic
full_column,SYN0100,589,37,synthetic
full_column,SYN0100,590,37,synthetic
full_column,SYN0100,591,37,synthetic
full_column,SYN0100,592,37,synthetic
full_column,SYN0100,593,37,synthetic
full_column,SYN0100,594,37,synthetic
full_column,SYN0100,595,37,synthetic
full_column,SYN0100,596,37,synthetic
full_column,SYN0100,597,37,synthetic
full_column,SYN0100,598,37,synthetic
full_column,SYN0100,599,37,synthetic
full_column,SYN0100,600,37,synthetic
full_column,SYN0100,601,37,synthetic
full_column,SYN0100,602,37,synthetic
full_column,SYN0100,603,37,synthetic
full_column,SYN0100,604,37,synthetic
full_column,SYN0100,605,37,synthetic
full_column,SYN0100,606,37,synthetic
full_column,SYN0100,607,37,synthetic
full_column,SYN0100,608,37,synthetic
full_column,SYN0100,609,37,synthetic
full_column,SYN0100,610,37,synthetic
full_column,SYN0100,611,37,synthetic
full_column,SYN0100,612,37,synthetic
full_column,SYN0100,613,37,synthetic
full_column,SYN0100,614,37,synthetic
full_column,SYN0100,615,37,synthetic
full_column,SYN0100,616,37,synthetic
full_column,SYN0100,617,37,synthetic
full_column,SYN0100,618,37,synthetic
full_column,SYN0100,619,37,synthetic
full_column,SYN0100,620,37,synthetic
full_column,SYN0100,621,37,synthetic
full_column,SYN0100,622,37,synthetic
full_column,SYN0100,623,37,synthetic
full_column,SYN0100,624,37,synthetic
full_column,SYN0100,625,37,synthetic
full_column,SYN0100,626,37,synthetic
full_column,SYN0100,627,37,synthetic
full_column,SYN0100,628,37,synthetic
full_column,SYN0100,629,37,synthetic
full_column,SYN0100,630,37,synthetic
full_column,SYN0100,631,37,synthetic
full_column,SYN0100,632,37,synthetic
full_column,SYN0100,633,37,synthetic
full_column,SYN0100,634,37,synthetic
full_column,SYN0100,635,37,synthetic
full_column,SYN0100,636,37,synthetic
full_column,SYN0100,637,37,synthetic
full_column,SYN0100,638,37,synthetic
full_column,SYN0100,639,37,synthetic
full_column,SYN0100,640,37,synthetic
full_column,SYN0100,641,37,synthetic
full_column,SYN0100,642,37,synthetic
full_column,SYN0100,643,37,synthetic
full_column,SYN0100,644,37,synthetic
full_column,SYN0100,645,37,synthetic
full_column,SYN0100,646,37,synthetic
full_column,SYN0100,647,37,synthetic
full_column,SYN0100,648,37,synthetic
full_column,SYN0100,649,37,synthetic
full_column,SYN0100,650,37,synthetic
full_column,SYN0100,651,37,synthetic
full_column,SYN0100,652,37,synthetic
full_column,SYN0100,653,37,synthetic
full_column,SYN0100,654,37,synthetic
full_column,SYN0100,655,37,synthetic
full_column,SYN0100,656,37,synthetic
full_column,SYN0100,657,37,synthetic
full_column,SYN0100,658,37,synthetic
full_column,SYN0100,659,37,synthetic
full_column,SYN0100,660,37,synthetic
full_column,SYN0100,661,37,synthetic
full_column,SYN0100,662,37,synthetic
full_column,SYN0100,663,37,synthetic
full_column,SYN0100,664,37,synthetic
full_column,SYN0100,665,37,synthetic
full_column,SYN0100,666,37,synthetic
full_column,SYN0100,667,37,synthetic
full_column,SYN0100,668,37,synthetic
full_column,SYN0100,669,37,synthetic
full_column,SYN0100,670,37,synthetic
full_column,SYN0100,671,37,synthetic
full_column,SYN0100,672,37,synthetic
full_column,SYN0100,673,37,synthetic
full_column,SYN0100,674,37,synthetic
full_column,SYN0100,675,37,synthetic
full_column,SYN0100,676,37,synthetic
full_column,SYN0100,677,37,synthetic
full_column,SYN0100,678,37,synthetic
full_column,SYN0100,679,37,synthetic
full_column,SYN0100,680,37,synthetic
full_column,SYN0100,681,37,synthetic
full_column,SYN0100,682,37,synthetic
full_column,SYN0100,683,37,synthetic
full_column,SYN0100,684,37,synthetic
full_column,SYN0100,685,37,synthetic
full_column,SYN0100,686,37,synthetic
full_column,SYN0100,687,37,synthetic
full_column,SYN0100,688,37,synthetic
full_column,SYN0100,689,37,synthetic
full_column,SYN0100,690,37,synthetic
full_column,SYN0100,691,37,synthetic
full_column,SYN0100,692,37,synthetic
full_column,SYN0100,693,37,synthetic
full_column,SYN0100,694,37,synthetic
full_column,SYN0100,695,37,synthetic
full_column,SYN0100,696,37,synthetic
full_column,SYN0100,697,37,synthetic
full_column,SYN0100,698,37,synthetic
full_column,SYN0100,699,37,synthetic
full_column,SYN0100,700,37,synthetic
full_column,SYN0100,701,37,synthetic
full_column,SYN0100,702,37,synthetic
full_column,SYN0100,703,37,synthetic
full_column,SYN0100,704,37,synthetic
full_column,SYN0100,705,37,synthetic
full_column,SYN0100,706,37,synthetic
full_column,SYN0100,707,37,synthetic
full_column,SYN0100,708,37,synthetic
full_column,SYN0100,709,37,synthetic
full_column,SYN0100,710,37,synthetic
full_column,SYN0100,711,37,synthetic
full_column,SYN0100,712,37,synthetic
full_column,SYN0100,713,37,synthetic
full_column,SYN0100,714,37,synthetic
full_column,SYN0100,715,37,synthetic
full_column,SYN0100,716,37,synthetic
full_column,SYN0100,717,37,synthetic
full_column,SYN0100,718,37,synthetic
full_column,SYN0100,719,37,synthetic
full_column,SYN0100,720,37,synthetic
full_column,SYN0100,721,37,synthetic
full_column,SYN0100,722,37,synthetic
full_column,SYN0100,723,37,synthetic
full_column,SYN0100,724,37,synthetic
full_column,SYN0100,725,37,synthetic
full_column,SYN0100,726,37,synthetic
full_column,SYN0100,727,37,synthetic
full_column,SYN0100,728,37,synthetic
full_column,SYN0100,729,37,synthetic
full_column,SYN0100,730,37,synthetic
full_column,SYN0100,731,37,synthetic
full_column,SYN0100,732,37,synthetic
full_column,SYN0100,733,37,synthetic
full_column,SYN0100,734,37,synthetic
full_column,SYN0100,735,37,synthetic
full_column,SYN0100,736,37,synthetic
full_column,SYN0100,737,37,synthetic
full_column,SYN0100,738,37,synthetic
full_column,SYN0100,739,37,synthetic
full_column,SYN0100,740,37,synthetic
full_column,SYN0100,741,37,synthetic
full_column,SYN0100,742,37,synthetic
full_column,SYN0100,743,37,synthetic
full_column,SYN0100,744,37,synthetic
full_column,SYN0100,745,37,synthetic
full_column,SYN0100,746,37,synthetic
full_column,SYN0100,747,37,synthetic
full_column,SYN0100,748,37,synthetic
full_column,SYN0100,749,37,synthetic
full_column,SYN0100,750,37,synthetic
full_column,SYN0100,751,37,synthetic
full_column,SYN0100,752,37,synthetic
full_column,SYN0100,753,37,synthetic
full_column,SYN0100,754,37,synthetic
full_column,SYN0100,755,37,synthetic
full_column,SYN0100,756,37,synthetic
full_column,SYN0100,757,37,synthetic
full_column,SYN0100,758,37,synthetic
full_column,SYN0100,759,37,synthetic
full_column,SYN0100,760,37,synthetic
full_column,SYN0100,761,37,synthetic
full_column,SYN0100,762,37,synthetic
full_column,SYN0100,763,37,synthetic
full_column,SYN0100,764,37,synthetic
full_column,SYN0100,765,37,synthetic
full_column,SYN0100,766,37,synthetic
full_column,SYN0100,767,37,synthetic
full_column,SYN0100,768,37,synthetic
full_column,SYN0100,769,37,synthetic
full_column,SYN0100,770,37,synthetic
full_column,SYN0100,771,37,synthetic
full_column,SYN0100,772,37,synthetic
full_column,SYN0100,773,37,synthetic
full_column,SYN0100,774,37,synthetic
full_column,SYN0100,775,37,synthetic
full_column,SYN0100,776,37,synthetic
full_column,SYN0100,777,37,synthetic
full_column,SYN0100,778,37,synthetic
full_column,SYN0100,779,37,synthetic
full_column,SYN0100,780,37,synthetic
full_column,SYN0100,781,37,synthetic
full_column,SYN0100,782,37,synthetic
full_column,SYN0100,783,37,synthetic
full_column,SYN0100,784,37,synthetic
full_column,SYN0100,785,37,synthetic
full_column,SYN0100,786,37,synthetic
full_column,SYN0100,787,37,synthetic
full_column,SYN0100,788,37,synthetic
full_column,SYN0100,789,37,synthetic
full_column,SYN0100,790,37,synthetic
full_column,SYN0100,791,37,synthetic
full_column,SYN0100,792,37,synthetic
full_column,SYN0100,793,37,synthetic
full_column,SYN0100,794,37,synthetic
full_column,SYN0100,795,37,synthetic
full_column,SYN0100,796,37,synthetic
full_column,SYN0100,797,37,synthetic
full_column,SYN0100,798,37,synthetic
full_column,SYN0100,799,37,synthetic
full_column,SYN0100,800,37,synthetic
full_column,SYN0100,801,37,synthetic
full_column,SYN0100,802,37,synthetic
full_column,SYN0100,803,37,synthetic
full_column,SYN0100,804,37,synthetic
full_column,SYN0100,805,37,synthetic
full_column,SYN0100,806,37,synthetic
full_column,SYN0100,807,37,synthetic
full_column,SYN0100,808,37,synthetic
full_column,SYN0100,809,37,synthetic
full_column,SYN0100,810,37,synthetic
full_column,SYN0100,811,37,synthetic
full_column,SYN0100,812,37,synthetic
full_column,SYN0100,813,37,synthetic
full_column,SYN0100,814,37,synthetic
full_column,SYN0100,815,37,synthetic
full_column,SYN0100,816,37,synthetic
full_column,SYN0100,817,37,synthetic
full_column,SYN0100,818,37,synthetic
full_column,SYN0100,819,37,synthetic
full_column,SYN0100,820,37,synthetic
full_column,SYN0100,821,37,synthetic
full_column,SYN0100,822,37,synthetic
full_column,SYN0100,823,37,synthetic
full_column,SYN0100,824,37,synthetic
full_column,SYN0100,825,37,synthetic
full_column,SYN0100,826,37,synthetic
full_column,SYN0100,827,37,synthetic
full_column,SYN0100,828,37,synthetic
full_column,SYN0100,829,37,synthetic
full_column,SYN0100,830,37,synthetic
full_column,SYN0100,831,37,synthetic
full_column,SYN0100,832,37,synthetic
full_column,SYN0100,833,37,synthetic
full_column,SYN0100,834,37,synthetic
full_column,SYN0100,835,37,synthetic
full_column,SYN0100,836,37,synthetic
full_column,SYN0100,837,37,synthetic
full_column,SYN0100,838,37,synthetic
full_column,SYN0100,839,37,synthetic
full_column,SYN0100,840,37,synthetic
full_column,SYN0100,841,37,synthetic
full_column,SYN0100,842,37,synthetic
full_column,SYN0100,843,37,synthetic
full_column,SYN0100,844,37,synthetic
full_column,SYN0100,845,37,synthetic
full_column,SYN0100,846,37,synthetic
full_column,SYN0100,847,37,synthetic
full_column,SYN0100,848,37,synthetic
full_column,SYN0100,849,37,synthetic
full_column,SYN0100,850,37,synthetic
full_column,SYN0100,851,37,synthetic
full_column,SYN0100,852,37,synthetic
full_column,SYN0100,853,37,synthetic
full_column,SYN0100,854,37,synthetic
full_column,SYN0100,855,37,synthetic
full_column,SYN0100,856,37,synthetic
full_column,SYN0100,857,37,synthetic
full_column,SYN0100,858,37,synthetic
full_column,SYN0100,859,37,synthetic
full_column,SYN0100,860,37,synthetic
full_column,SYN0100,861,37,synthetic
full_column,SYN0100,862,37,synthetic
full_column,SYN0100,863,37,synthetic
full_column,SYN0100,864,37,synthetic
full_column,SYN0100,865,37,synthetic
full_column,SYN0100,866,37,synthetic
full_column,SYN0100,867,37,synthetic
full_column,SYN0100,868,37,synthetic
full_column,SYN0100,869,37,synthetic
full_column,SYN0100,870,37,synthetic
full_column,SYN0100,871,37,synthetic
full_column,SYN0100,872,37,synthetic
full_column,SYN0100,873,37,synthetic
full_column,SYN0100,874,37,synthetic
full_column,SYN0100,875,37,synthetic
full_column,SYN0100,876,37,synthetic
full_column,SYN0100,877,37,synthetic
full_column,SYN0100,878,37,synthetic
full_column,SYN0100,879,37,synthetic
full_column,SYN0100,880,37,synthetic
full_column,SYN0100,881,37,synthetic
full_column,SYN0100,882,37,synthetic
full_column,SYN0100,883,37,synthetic
full_column,SYN0100,884,37,synthetic
full_column,SYN0100,885,37,synthetic
full_column,SYN0100,886,37,synthetic
full_column,SYN0100,887,37,synthetic
full_column,SYN0100,888,37,synthetic
full_column,SYN0100,889,37,synthetic
full_column,SYN0100,890,37,synthetic
full_column,SYN0100,891,37,synthetic
full_column,SYN0100,892,37,synthetic
full_column,SYN0100,893,37,synthetic
full_column,SYN0100,894,37,synthetic
full_column,SYN0100,895,37,synthetic
full_column,SYN0100,896,37,synthetic
full_column,SYN0100,897,37,synthetic
full_column,SYN0100,898,37,synthetic
full_column,SYN0100,899,37,synthetic
full_column,SYN0100,900,37,synthetic
full_column,SYN0100,901,37,synthetic
full_column,SYN0100,902,37,synthetic
full_column,SYN0100,903,37,synthetic
full_column,SYN0100,904,37,synthetic
full_column,SYN0100,905,37,synthetic
full_column,SYN0100,906,37,synthetic
full_column,SYN0100,907,37,synthetic
full_column,SYN0100,908,37,synthetic
full_column,SYN0100,909,37,synthetic
full_column,SYN0100,910,37,synthetic
full_column,SYN0100,911,37,synthetic
full_column,SYN0100,912,37,synthetic
full_column,SYN0100,913,37,synthetic
full_column,SYN0100,914,37,synthetic
full_column,SYN0100,915,37,synthetic
full_column,SYN0100,916,37,synthetic
full_column,SYN0100,917,37,synthetic
full_column,SYN0100,918,37,synthetic
full_column,SYN0100,919,37,synthetic
full_column,SYN0100,920,37,synthetic
full_column,SYN0100,921,37,synthetic
full_column,SYN0100,922,37,synthetic
full_column,SYN0100,923,37,synthetic
full_column,SYN0100,924,37,synthetic
full_column,SYN0100,925,37,synthetic
full_column,SYN0100,926,37,synthetic
full_column,SYN0100,927,37,synthetic
full_column,SYN0100,928,37,synthetic
full_column,SYN0100,929,37,synthetic
full_column,SYN0100,930,37,synthetic
full_column,SYN0100,931,37,synthetic
full_column,SYN0100,932,37,synthetic
full_column,SYN0100,933,37,synthetic
full_column,SYN0100,934,37,synthetic
full_column,SYN0100,935,37,synthetic
full_column,SYN0100,936,37,synthetic
full_column,SYN0100,937,37,synthetic
full_column,SYN0100,938,37,synthetic
full_column,SYN0100,939,37,synthetic
full_column,SYN0100,940,37,synthetic
full_column,SYN0100,941,37,synthetic
full_column,SYN0100,942,37,synthetic
full_column,SYN0100,943,37,synthetic
full_column,SYN0100,944,37,synthetic
full_column,SYN0100,945,37,synthetic
full_column,SYN0100,946,37,synthetic
full_column,SYN0100,947,37,synthetic
full_column,SYN0100,948,37,synthetic
full_column,SYN0100,949,37,synthetic
full_column,SYN0100,950,37,synthetic
full_column,SYN0100,951,37,synthetic
full_column,SYN0100,952,37,synthetic
full_column,SYN0100,953,37,synthetic
full_column,SYN0100,954,37,synthetic
full_column,SYN0100,955,37,synthetic
full_column,SYN0100,956,37,synthetic
full_column,SYN0100,957,37,synthetic
full_column,SYN0100,958,37,synthetic
full_column,SYN0100,959,37,synthetic
full_column,SYN0100,960,37,synthetic
full_column,SYN0100,961,37,synthetic
full_column,SYN0100,962,37,synthetic
full_column,SYN0100,963,37,synthetic
full_column,SYN0100,964,37,synthetic
full_column,SYN0100,965,37,synthetic
full_column,SYN0100,966,37,synthetic
full_column,SYN0100,967,37,synthetic
full_column,SYN0100,968,37,synthetic
full_column,SYN0100,969,37,synthetic
full_column,SYN0100,970,37,synthetic
full_column,SYN0100,971,37,synthetic
full_column,SYN0100,972,37,synthetic
full_column,SYN0100,973,37,synthetic
full_column,SYN0100,974,37,synthetic
full_column,SYN0100,975,37,synthetic
full_column,SYN0100,976,37,synthetic
full_column,SYN0100,977,37,synthetic
full_column,SYN0100,978,37,synthetic
full_column,SYN0100,979,37,synthetic
full_column,SYN0100,980,37,synthetic
full_column,SYN0100,981,37,synthetic
full_column,SYN0100,982,37,synthetic
full_column,SYN0100,983,37,synthetic
full_column,SYN0100,984,37,synthetic
full_column,SYN0100,985,37,synthetic
full_column,SYN0100,986,37,synthetic
full_column,SYN0100,987,37,synthetic
full_column,SYN0100,988,37,synthetic
full_column,SYN0100,989,37,synthetic
full_column,SYN0100,990,37,synthetic
full_column,SYN0100,991,37,synthetic
full_column,SYN0100,992,37,synthetic
full_column,SYN0100,993,37,synthetic
full_column,SYN0100,994,37,synthetic
full_column,SYN0100,995,37,synthetic
full_column,SYN0100,996,37,synthetic
full_column,SYN0100,997,37,synthetic
full_column,SYN0100,998,37,synthetic
full_column,SYN0100,999,37,synthetic
full_column,SYN0100,1000,37,synthetic
full_column,SYN0100,1001,37,synthetic
full_column,SYN0100,1002,37,synthetic
full_column,SYN0100,1003,37,synthetic
full_column,SYN0100,1004,37,synthetic
full_column,SYN0100,1005,37,synthetic
full_column,SYN0100,1006,37,synthetic
full_column,SYN0100,1007,37,synthetic
full_column,SYN0100,1008,37,synthetic
full_column,SYN0100,1009,37,synthetic
full_column,SYN0100,1010,37,synthetic
full_column,SYN0100,1011,37,synthetic
full_column,SYN0100,1012,37,synthetic
full_column,SYN0100,1013,37,synthetic
full_column,SYN0100,1014,37,synthetic
full_column,SYN0100,1015,37,synthetic
full_column,SYN0100,1016,37,synthetic
full_column,SYN0100,1017,37,synthetic
full_column,SYN0100,1018,37,synthetic
full_column,SYN0100,1019,37,synthetic
full_column,SYN0100,1020,37,synthetic
full_column,SYN0100,1021,37,synthetic
full_column,SYN0100,1022,37,synthetic
full_column,SYN0100,1023,37,synthetic
